user_id,home_city,synthetic_persona,total_swipes_30d,total_right_swipes_30d,right_swipe_rate_30d,avg_dwell_ms_30d,avg_right_dwell_ms_30d,distinct_segments_liked_30d,distinct_genres_liked_30d,distinct_cities_liked_30d,local_like_rate_30d,local_swipe_share_30d,avg_days_until_event_liked_30d,avg_price_mid_liked_30d,median_price_mid_liked_30d,avg_price_mid_disliked_30d,chat_swipe_share_30d,chat_right_rate_30d,days_since_last_right_swipe_30d,like_rate_segment_music_30d,like_rate_segment_sports_30d,like_rate_segment_arts_theatre_30d,like_rate_segment_family_30d,like_rate_genre_rock_30d,like_rate_genre_pop_30d,like_rate_genre_electronic_30d,like_rate_genre_urban_30d,like_rate_genre_football_30d,like_rate_genre_basketball_30d,like_rate_genre_tennis_30d,like_rate_genre_theatre_30d,like_rate_genre_musical_30d,like_rate_genre_comedy_30d,like_rate_genre_classical_30d,like_rate_genre_kids_30d,like_rate_genre_circus_30d,like_rate_genre_exhibition_30d,total_swipes_90d,total_right_swipes_90d,right_swipe_rate_90d,avg_dwell_ms_90d,avg_right_dwell_ms_90d,distinct_segments_liked_90d,distinct_genres_liked_90d,distinct_cities_liked_90d,local_like_rate_90d,local_swipe_share_90d,avg_days_until_event_liked_90d,avg_price_mid_liked_90d,median_price_mid_liked_90d,avg_price_mid_disliked_90d,chat_swipe_share_90d,chat_right_rate_90d,days_since_last_right_swipe_90d,like_rate_segment_music_90d,like_rate_segment_sports_90d,like_rate_segment_arts_theatre_90d,like_rate_segment_family_90d,like_rate_genre_rock_90d,like_rate_genre_pop_90d,like_rate_genre_electronic_90d,like_rate_genre_urban_90d,like_rate_genre_football_90d,like_rate_genre_basketball_90d,like_rate_genre_tennis_90d,like_rate_genre_theatre_90d,like_rate_genre_musical_90d,like_rate_genre_comedy_90d,like_rate_genre_classical_90d,like_rate_genre_kids_90d,like_rate_genre_circus_90d,like_rate_genre_exhibition_90d,right_swipe_rate_delta_30_vs_90,total_swipes_delta_30_vs_90
00ef231d-9dc1-5a92-abb0-da5c629cc826,Barcelona,culture_theatre_explorer,72,39,0.5416666666666666,6002.708333333334,9257.25641025641,3,6,3,0.0,0.0,14.461538461538463,50.76923076923077,45.0,57.72727272727273,0.2777777777777778,0.5,0,0.3076923076923077,0.0,0.6590909090909091,0.4,0.42857142857142855,0.16666666666666666,0.0,0.0,0.0,0.0,0.0,0.5,0.8181818181818182,0.6521739130434783,0.0,0.0,0.0,0.4,84,44,0.5238095238095238,5774.797619047618,9043.999999999998,3,6,4,0.0,0.0,18.59090909090909,53.18181818181819,45.0,55.5,0.2857142857142857,0.5,0,0.35714285714285715,0.0,0.6326530612244898,0.4,0.42857142857142855,0.2857142857142857,0.0,0.0,0.0,0.0,0.0,0.5,0.75,0.6296296296296297,0.0,0.0,0.0,0.4,0.017857142857142794,-12
01217151-bf27-5411-b912-7b1ada8d5305,Malaga,culture_theatre_explorer,54,31,0.5740740740740741,5964.814814814816,8797.096774193547,3,6,3,0.0,0.0,11.806451612903224,54.193548387096776,45.0,56.7391304347826,0.25925925925925924,0.5,0,0.5,0.0,0.5833333333333334,0.5833333333333334,0.25,1.0,0.0,0.0,0.0,0.0,0.0,0.3333333333333333,0.6666666666666666,0.6666666666666666,0.0,0.0,0.0,0.6363636363636364,70,39,0.5571428571428572,5915.714285714285,8896.179487179488,3,6,3,0.0,0.0,25.33333333333334,52.30769230769231,45.0,58.06451612903226,0.2857142857142857,0.45,0,0.3,0.0,0.5869565217391305,0.6428571428571429,0.14285714285714285,0.6666666666666666,0.0,0.0,0.0,0.0,0.0,0.3,0.5454545454545454,0.72,0.0,0.0,0.0,0.6923076923076923,0.016931216931216908,-16
027a1197-d48d-5e03-9b88-7bb84db2f416,Barcelona,broad_discovery_flexible,73,21,0.2876712328767123,4108.232876712329,8344.0,3,6,4,0.0,0.0,14.047619047619046,60.0,45.0,63.17307692307692,0.2328767123287671,0.23529411764705882,0,0.22727272727272727,0.0,0.47619047619047616,0.20689655172413793,0.16666666666666666,0.3,0.0,0.0,0.0,0.0,0.0,0.25,0.5,0.5454545454545454,0.0,0.0,0.0,0.23076923076923078,93,29,0.3118279569892473,4246.559139784948,8414.620689655172,3,6,4,0.0,0.0,27.75862068965517,58.96551724137932,45.0,61.171875,0.22580645161290322,0.23809523809523808,0,0.3333333333333333,0.0,0.38461538461538464,0.2564102564102564,0.3125,0.36363636363636365,0.0,0.0,0.0,0.0,0.0,0.16666666666666666,0.375,0.5,0.0,0.0,0.0,0.2777777777777778,-0.024156724112535,-20
0404d614-8aa7-5201-8324-06dafb170d60,Barcelona,sports_basketball_traveler,42,10,0.23809523809523808,3549.857142857143,8716.400000000001,3,4,2,0.0,0.0,18.2,85.5,90.0,73.125,0.047619047619047616,0.0,1,0.25,0.0,0.3333333333333333,0.22727272727272727,0.16666666666666666,0.3,0.0,0.0,0.0,0.0,0.0,1.0,0.0,0.0,0.0,0.0,0.0,0.25,53,15,0.2830188679245283,3656.037735849056,8016.4000000000015,3,4,2,0.0,0.0,35.66666666666667,86.99999999999999,90.0,74.60526315789474,0.05660377358490566,0.0,1,0.3157894736842105,0.0,0.3333333333333333,0.26666666666666666,0.2857142857142857,0.3333333333333333,0.0,0.0,0.0,0.0,0.0,1.0,0.0,0.0,0.0,0.0,0.0,0.2857142857142857,-0.04492362982929021,-11
0587034a-9164-52ea-a7d1-a6d88872d7fc,Valencia,broad_discovery_flexible,61,21,0.3442622950819672,4273.081967213115,8331.047619047618,3,5,4,0.0,0.0,14.619047619047619,53.57142857142858,45.0,57.37500000000001,0.22950819672131148,0.2857142857142857,0,0.23809523809523808,0.0,0.4117647058823529,0.4090909090909091,0.2,0.2727272727272727,0.0,0.0,0.0,0.0,0.0,0.0,0.4,0.5,0.0,0.0,0.0,0.42857142857142855,89,33,0.3707865168539326,4484.179775280897,8376.454545454546,3,6,4,0.0,0.0,29.000000000000004,54.54545454545455,45.0,60.267857142857146,0.2247191011235955,0.3,0,0.25806451612903225,0.0,0.42857142857142855,0.4444444444444444,0.25,0.26666666666666666,0.0,0.0,0.0,0.0,0.0,0.0,0.4,0.5833333333333334,0.0,0.3333333333333333,0.0,0.45454545454545453,-0.026524221771965395,-28
069a03fb-863d-5de3-9f3e-884acccd12de,Malaga,flamenco_world_madrid,46,28,0.6086956521739131,6091.999999999999,8424.428571428572,2,3,3,0.0,0.0,13.92857142857143,73.92857142857143,90.0,65.0,0.08695652173913043,0.75,0,0.7714285714285715,0.0,0.25,0.0,0.7,0.8,0.0,0.0,0.0,0.0,0.0,0.0,1.0,0.0,0.0,0.0,0.0,0.0,57,33,0.5789473684210527,5893.578947368421,8425.454545454546,3,4,3,0.0,0.0,21.242424242424246,73.63636363636365,90.0,63.75,0.10526315789473684,0.6666666666666666,0,0.7560975609756098,0.0,0.2,0.1,0.7272727272727273,0.7666666666666667,0.0,0.0,0.0,0.0,0.0,0.0,1.0,0.0,0.0,0.0,0.0,0.1,0.029748283752860427,-11
06ef8cf1-f2d0-5a8c-ba3f-a74466b0eab0,Madrid,sports_basketball_traveler,55,22,0.4,3995.2727272727266,7197.954545454545,4,6,5,0.0,0.0,14.272727272727273,65.45454545454545,45.0,71.36363636363637,0.03636363636363636,0.0,0,0.3333333333333333,1.0,0.5,0.4,0.36363636363636365,0.3,0.0,0.0,0.0,1.0,0.0,1.0,0.0,0.5,0.0,0.0,0.0,0.4,74,24,0.32432432432432434,3498.824324324324,7080.25,4,6,5,0.0,0.0,15.833333333333329,65.625,45.0,71.40000000000002,0.06756756756756757,0.2,0,0.3076923076923077,1.0,0.3076923076923077,0.3235294117647059,0.3333333333333333,0.2857142857142857,0.0,0.0,0.0,1.0,0.0,0.3333333333333333,0.0,0.375,0.0,0.0,0.0,0.3235294117647059,0.07567567567567568,-19
071d73cd-3109-52dc-9943-45c7d3227a67,Madrid,music_pop_rock_local,53,28,0.5283018867924528,5773.754716981132,9139.5,3,5,3,0.0,0.0,15.642857142857146,64.82142857142857,45.0,68.4,0.07547169811320754,0.5,0,0.5897435897435898,0.0,0.75,0.2222222222222222,0.6956521739130435,0.4375,0.0,0.0,0.0,0.0,0.0,1.0,0.0,1.0,0.0,0.0,0.0,0.25,65,37,0.5692307692307692,6034.184615384615,9121.27027027027,3,6,4,0.0,0.0,25.16216216216216,63.64864864864866,45.0,67.5,0.09230769230769231,0.6666666666666666,0,0.6326530612244898,0.0,0.8,0.2,0.7333333333333333,0.47368421052631576,0.0,0.0,0.0,0.0,0.0,1.0,0.5,1.0,0.0,0.0,0.0,0.2222222222222222,-0.04092888243831638,-12
08047b03-9e5d-5836-97e0-6c23bc6cf30f,Valencia,broad_discovery_flexible,69,26,0.37681159420289856,4662.927536231884,8822.192307692309,3,6,3,0.0,0.0,13.692307692307695,60.57692307692308,45.0,63.83720930232559,0.21739130434782608,0.26666666666666666,0,0.25,0.0,0.35294117647058826,0.5185185185185185,0.07692307692307693,0.45454545454545453,0.0,0.0,0.0,0.0,0.0,0.0,0.6666666666666666,0.3333333333333333,0.0,0.4,0.0,0.5454545454545454,86,33,0.38372093023255816,4650.953488372093,8663.848484848486,3,7,4,0.0,0.0,23.90909090909091,57.27272727272727,45.0,64.52830188679245,0.19767441860465115,0.23529411764705882,0,0.2413793103448276,0.0,0.38095238095238093,0.5142857142857142,0.07142857142857142,0.4,0.0,0.0,0.0,0.0,0.0,0.16666666666666666,0.6666666666666666,0.3333333333333333,0.0,0.4,0.0,0.5333333333333333,-0.006909336029659596,-17
086ef8f4-f894-5f19-a7c7-4e817f3d7131,Madrid,flamenco_world_madrid,49,32,0.6530612244897959,6764.183673469387,9122.031250000002,2,3,3,0.0,0.0,12.031249999999998,77.34375,90.0,66.17647058823529,0.22448979591836735,0.45454545454545453,0,0.7948717948717948,0.0,0.0,0.16666666666666666,0.8888888888888888,0.7666666666666667,0.0,0.0,0.0,0.0,0.0,0.0,0.0,0.0,0.0,0.0,0.0,0.2,56,36,0.6428571428571429,6762.874999999999,9277.166666666668,3,4,4,0.0,0.0,18.222222222222218,76.25,90.0,67.5,0.21428571428571427,0.4166666666666667,0,0.7674418604651163,0.0,0.2,0.25,0.8888888888888888,0.7352941176470589,0.0,0.0,0.0,0.0,0.0,0.0,0.0,0.25,0.0,0.0,0.0,0.2857142857142857,0.010204081632652962,-7
09809ba2-f3e8-548f-b647-b5d1489a6dc9,Madrid,family_weekend_exhibition,65,34,0.5230769230769231,5225.246153846154,8087.088235294117,3,5,3,0.0,0.0,15.735294117647058,55.588235294117645,45.0,55.16129032258065,0.12307692307692308,0.625,0,0.4,0.0,0.5454545454545454,0.5416666666666666,0.0,0.6666666666666666,0.0,0.0,0.0,0.0,0.0,0.0,0.5,1.0,0.0,0.7272727272727273,0.0,0.4864864864864865,79,44,0.5569620253164557,5420.253164556963,8093.477272727272,3,5,4,0.0,0.0,25.79545454545454,55.22727272727273,45.0,54.0,0.12658227848101267,0.6,0,0.4,0.0,0.5384615384615384,0.5833333333333334,0.0,0.6666666666666666,0.0,0.0,0.0,0.0,0.0,0.0,0.5,0.75,0.0,0.7142857142857143,0.0,0.5434782608695652,-0.03388510223953256,-14
0aec7a25-3a5b-4451-98c6-b4e6e04d62b3,,,4,3,0.75,3339.5,3709.333333333333,1,1,1,0.0,0.0,9.0,45.0,45.0,0.0,0.0,0.0,4,0.0,1.0,0.0,0.0,0.0,0.0,0.0,0.0,0.0,1.0,0.0,0.0,0.0,0.0,0.0,0.0,0.0,0.0,4,3,0.75,3339.5,3709.333333333333,1,1,1,0.0,0.0,9.0,45.0,45.0,0.0,0.0,0.0,4,0.0,1.0,0.0,0.0,0.0,0.0,0.0,0.0,0.0,1.0,0.0,0.0,0.0,0.0,0.0,0.0,0.0,0.0,0.0,0
0bc8f5f6-3933-5b65-b1c4-fa53dd5a3a1a,Barcelona,sports_basketball_traveler,35,10,0.2857142857142857,3983.3999999999996,8415.1,3,4,3,0.0,0.0,13.200000000000001,76.5,90.0,70.2,0.11428571428571428,0.5,0,0.35714285714285715,0.0,0.5,0.2222222222222222,0.3333333333333333,0.375,0.0,0.0,0.0,0.0,0.0,0.0,0.0,0.5,0.0,0.0,0.0,0.2222222222222222,46,14,0.30434782608695654,4040.695652173913,8277.714285714284,3,5,3,0.0,0.0,28.785714285714285,80.35714285714286,90.0,68.90625,0.13043478260869565,0.3333333333333333,0,0.3157894736842105,0.0,0.6666666666666666,0.2608695652173913,0.3333333333333333,0.3076923076923077,0.0,0.0,0.0,0.0,0.0,0.0,1.0,0.5,0.0,0.0,0.0,0.2608695652173913,-0.018633540372670843,-11
0dca4397-d7b1-5334-b43f-c77ffa5fd61a,Madrid,culture_theatre_explorer,55,38,0.6909090909090909,7111.054545454546,9340.552631578947,3,6,5,0.0,0.0,12.710526315789473,50.13157894736842,45.0,66.17647058823529,0.21818181818181817,0.5833333333333334,0,0.6,0.0,0.75,0.6153846153846154,0.7142857142857143,0.3333333333333333,0.0,0.0,0.0,0.0,0.0,0.4,0.75,0.8421052631578947,0.0,0.0,0.0,0.6153846153846154,76,49,0.6447368421052632,6841.38157894737,9309.122448979593,3,6,5,0.0,0.0,24.69387755102041,51.734693877551024,45.0,60.00000000000001,0.2631578947368421,0.5,0,0.5714285714285714,0.0,0.7045454545454546,0.5882352941176471,0.6666666666666666,0.4,0.0,0.0,0.0,0.0,0.0,0.5,0.5833333333333334,0.8333333333333334,0.0,0.0,0.0,0.5882352941176471,0.04617224880382775,-21
0f1b962e-0f6d-5f00-ad31-d08c889f13e8,Valencia,family_weekend_exhibition,47,32,0.6808510638297872,6000.936170212766,7998.84375,3,6,3,0.0,0.0,12.281249999999998,50.625,45.0,45.0,0.1276595744680851,0.6666666666666666,0,0.5,0.0,0.3333333333333333,0.7941176470588235,0.3333333333333333,1.0,0.0,0.0,0.0,0.0,0.0,0.0,0.5,0.2857142857142857,0.0,0.6153846153846154,0.0,0.9047619047619048,59,37,0.6271186440677966,5736.237288135594,8019.567567567568,3,6,3,0.0,0.0,18.621621621621617,52.2972972972973,45.0,51.13636363636363,0.11864406779661017,0.5714285714285714,0,0.2857142857142857,0.0,0.4,0.7380952380952381,0.25,0.3333333333333333,0.0,0.0,0.0,0.0,0.0,0.0,0.5,0.375,0.0,0.6428571428571429,0.0,0.7857142857142857,0.05373241976199061,-12
0f5112ec-5773-5550-a280-a27457bd6fc5,Madrid,culture_theatre_explorer,57,31,0.543859649122807,5734.22807017544,8578.806451612903,4,8,4,0.0,0.0,14.74193548387097,58.064516129032256,45.0,57.11538461538461,0.19298245614035087,0.6363636363636364,0,0.7142857142857143,1.0,0.6111111111111112,0.23076923076923078,0.6,1.0,0.0,0.0,0.0,1.0,0.0,0.6666666666666666,0.5,0.6666666666666666,0.0,1.0,0.0,0.16666666666666666,71,38,0.5352112676056338,5651.563380281689,8550.394736842105,4,8,4,0.0,0.0,23.342105263157897,56.8421052631579,45.0,55.0,0.2112676056338028,0.4666666666666667,0,0.625,1.0,0.6,0.29411764705882354,0.5,1.0,0.0,0.0,0.0,1.0,0.0,0.7,0.5,0.6086956521739131,0.0,1.0,0.0,0.25,0.008648381517173287,-14
0ff59fc3-d5ed-506f-bd9b-314ecfbefb86,Malaga,flamenco_world_madrid,55,26,0.4727272727272727,5603.69090909091,9528.269230769229,3,4,3,0.0,0.0,14.961538461538462,72.69230769230768,90.0,68.27586206896551,0.18181818181818182,0.5,0,0.53125,0.0,0.125,0.5714285714285714,0.5714285714285714,0.52,0.0,0.0,0.0,0.0,0.0,0.0,0.0,0.2,0.0,0.0,0.0,0.5714285714285714,68,34,0.5,5827.058823529411,9474.117647058825,3,5,5,0.0,0.0,27.499999999999996,71.47058823529413,90.0,70.1470588235294,0.17647058823529413,0.5,0,0.5581395348837209,0.0,0.125,0.5625,0.6363636363636364,0.53125,0.0,0.0,0.0,0.0,0.0,0.0,0.0,0.2,0.0,1.0,0.0,0.5333333333333333,-0.027272727272727282,-13
109bfa44-db80-5032-a992-35947bf19b5a,Malaga,broad_discovery_flexible,64,16,0.25,3833.390625,9240.250000000002,3,6,5,0.0,0.0,11.500000000000002,61.875,45.0,58.4375,0.234375,0.3333333333333333,0,0.3,0.0,0.15789473684210525,0.2916666666666667,0.2857142857142857,0.3076923076923077,0.0,0.0,0.0,0.0,0.0,0.3333333333333333,0.0,0.16666666666666666,0.0,0.5,0.0,0.2727272727272727,81,20,0.24691358024691357,3747.2098765432106,9056.7,3,6,6,0.0,0.0,21.15,63.0,45.0,58.77049180327869,0.24691358024691357,0.3,0,0.30434782608695654,0.0,0.13636363636363635,0.2857142857142857,0.3333333333333333,0.2857142857142857,0.0,0.0,0.0,0.0,0.0,0.3333333333333333,0.0,0.13333333333333333,0.0,0.3333333333333333,0.0,0.28125,0.0030864197530864335,-17
10f79568-5182-5b40-b3b2-1c4420d6d141,Malaga,broad_discovery_flexible,58,26,0.4482758620689655,4783.48275862069,8273.038461538461,3,7,3,0.0,0.0,13.423076923076923,52.5,45.0,66.09375000000001,0.27586206896551724,0.375,0,0.3333333333333333,0.0,0.4583333333333333,0.5263157894736842,0.5714285714285714,0.125,0.0,0.0,0.0,0.0,0.0,0.25,0.3333333333333333,0.5714285714285714,0.0,0.5,0.0,0.5294117647058824,68,31,0.45588235294117646,4988.382352941177,8492.774193548388,4,8,4,0.0,0.0,22.709677419354836,55.645161290322584,45.0,64.45945945945945,0.27941176470588236,0.42105263157894735,0,0.42105263157894735,1.0,0.44,0.4782608695652174,0.5,0.36363636363636365,0.0,0.0,0.0,1.0,0.0,0.25,0.2857142857142857,0.5714285714285714,0.0,0.5,0.0,0.47619047619047616,-0.007606490872210936,-10
123d458a-9a95-5af6-9d73-0b2a4f6c4710,Barcelona,culture_theatre_explorer,45,20,0.4444444444444444,5698.911111111111,9753.6,3,5,3,0.0,0.0,16.1,60.75,45.0,58.2,0.3111111111111111,0.5714285714285714,0,0.16666666666666666,0.0,0.5416666666666666,0.4,0.16666666666666666,0.0,0.0,0.0,0.0,0.0,0.0,0.5555555555555556,0.3333333333333333,0.6666666666666666,0.0,0.0,0.0,0.42857142857142855,65,28,0.4307692307692308,5671.476923076923,9886.357142857145,3,5,3,0.0,0.0,31.357142857142858,57.85714285714286,45.0,57.56756756756758,0.27692307692307694,0.5,0,0.14285714285714285,0.0,0.5428571428571428,0.36363636363636365,0.16666666666666666,0.0,0.0,0.0,0.0,0.0,0.0,0.5,0.2857142857142857,0.6666666666666666,0.0,0.0,0.0,0.42105263157894735,0.013675213675213627,-20
13bc246a-a951-5edc-868a-8cdaa1ca8981,Madrid,family_weekend_exhibition,43,32,0.7441860465116279,6270.534883720931,7743.1875,3,6,3,0.0,0.0,15.624999999999996,59.0625,45.0,65.45454545454545,0.09302325581395349,0.75,0,0.8,0.0,1.0,0.7142857142857143,1.0,0.75,0.0,0.0,0.0,0.0,0.0,0.0,1.0,1.0,0.0,0.7,0.0,0.72,59,39,0.6610169491525424,5731.305084745762,7572.23076923077,3,6,3,0.0,0.0,23.897435897435898,56.538461538461526,45.0,63.0,0.0847457627118644,0.6,0,0.6666666666666666,0.0,0.7142857142857143,0.6521739130434783,0.5,0.75,0.0,0.0,0.0,0.0,0.0,0.0,1.0,0.6666666666666666,0.0,0.6923076923076923,0.0,0.6363636363636364,0.08316909735908551,-16
13f47435-4e49-5628-a07e-aaf729c1b49a,Malaga,broad_discovery_flexible,61,24,0.39344262295081966,4421.196721311476,8070.791666666667,3,6,3,0.0,0.0,12.958333333333332,69.375,90.0,62.02702702702702,0.18032786885245902,0.6363636363636364,1,0.47368421052631576,0.0,0.23076923076923078,0.41379310344827586,0.5,0.46153846153846156,0.0,0.0,0.0,0.0,0.0,0.2,0.0,0.3333333333333333,0.0,0.42857142857142855,0.0,0.4090909090909091,82,30,0.36585365853658536,4327.158536585364,8184.066666666667,3,7,3,0.0,0.0,22.133333333333333,64.5,45.0,58.846153846153854,0.1951219512195122,0.5625,1,0.44,0.0,0.3181818181818182,0.35294117647058826,0.45454545454545453,0.42857142857142855,0.0,0.0,0.0,0.0,0.0,0.3333333333333333,0.4,0.2727272727272727,0.0,0.42857142857142855,0.0,0.3333333333333333,0.027588964414234307,-21
146368dc-2a8a-5b45-86b8-12b944d1c935,Valencia,music_pop_rock_local,61,29,0.47540983606557374,4990.6557377049185,8194.827586206897,3,5,4,0.0,0.0,13.344827586206897,63.620689655172406,45.0,63.28125,0.08196721311475409,0.4,0,0.5476190476190477,0.0,0.4444444444444444,0.2222222222222222,0.5714285714285714,0.5238095238095238,0.0,0.0,0.0,0.0,0.0,0.0,0.6666666666666666,0.5,0.0,0.0,0.0,0.2222222222222222,72,38,0.5277777777777778,5398.486111111111,8392.473684210527,3,5,4,0.0,0.0,25.184210526315788,62.76315789473684,45.0,63.529411764705884,0.06944444444444445,0.4,0,0.6153846153846154,0.0,0.4444444444444444,0.2,0.6296296296296297,0.6,0.0,0.0,0.0,0.0,0.0,0.0,0.6666666666666666,0.5,0.0,0.0,0.0,0.2,-0.05236794171220405,-11
162a1a60-48e4-5f41-9c5d-14f4a3a1002e,Malaga,flamenco_world_madrid,47,20,0.425531914893617,4890.829787234043,8425.2,4,5,4,0.0,0.0,11.450000000000001,81.0,90.0,66.66666666666667,0.23404255319148937,0.45454545454545453,0,0.5,1.0,0.2,0.2727272727272727,0.14285714285714285,0.6086956521739131,0.0,0.0,0.0,1.0,0.0,1.0,0.0,0.0,0.0,0.0,0.0,0.2727272727272727,69,33,0.4782608695652174,5221.999999999999,8537.454545454544,4,6,5,0.0,0.0,32.72727272727273,77.72727272727275,90.0,64.16666666666667,0.2028985507246377,0.42857142857142855,0,0.5319148936170213,1.0,0.25,0.38461538461538464,0.3076923076923077,0.6176470588235294,0.0,0.0,0.0,1.0,0.0,1.0,0.0,0.14285714285714285,0.0,0.0,0.0,0.38461538461538464,-0.05272895467160038,-22
1793e951-1b32-5ef5-891c-4c54355a496f,Malaga,flamenco_world_madrid,59,23,0.3898305084745763,4836.474576271186,8723.000000000002,3,5,2,0.0,0.0,13.56521739130435,72.3913043478261,90.0,66.66666666666666,0.2542372881355932,0.4666666666666667,0,0.43243243243243246,0.0,0.38461538461538464,0.25,0.5555555555555556,0.39285714285714285,0.0,0.0,0.0,0.0,0.0,0.2,0.0,0.5714285714285714,0.0,0.0,0.0,0.2857142857142857,74,32,0.43243243243243246,5224.648648648647,8922.062499999998,3,5,2,0.0,0.0,24.625000000000004,71.71875,90.0,68.92857142857142,0.20270270270270271,0.4666666666666667,0,0.47058823529411764,0.0,0.42857142857142855,0.25,0.6666666666666666,0.41025641025641024,0.0,0.0,0.0,0.0,0.0,0.3333333333333333,0.0,0.5714285714285714,0.0,0.0,0.0,0.2857142857142857,-0.04260192395785617,-15
186c54d5-2a64-5ab6-8bf5-69c0bfbedfb8,Madrid,family_weekend_exhibition,59,37,0.6271186440677966,6130.406779661016,8501.189189189188,3,5,3,0.0,0.0,14.62162162162162,52.2972972972973,45.0,57.27272727272727,0.15254237288135594,0.2222222222222222,0,0.5,0.0,0.5,0.6666666666666666,0.0,0.6666666666666666,0.0,0.0,0.0,0.0,0.0,0.0,1.0,0.6666666666666666,0.0,0.8333333333333334,0.0,0.6060606060606061,78,47,0.6025641025641025,6114.012820512819,8650.744680851063,3,5,4,0.0,0.0,23.510638297872344,52.02127659574469,45.0,56.61290322580645,0.14102564102564102,0.36363636363636365,0,0.4,0.0,0.5,0.65,0.0,0.6666666666666666,0.0,0.0,0.0,0.0,0.0,0.0,0.5,0.7142857142857143,0.0,0.8823529411764706,0.0,0.5581395348837209,0.024554541503694072,-19
1a4bd7e1-aa2e-4134-9dc4-341e21e58d03,,,500,62,0.124,3690.1799999999985,9389.951612903224,4,6,6,0.0,0.0,5.306451612903226,64.5967741935484,45.0,63.664383561643874,0.0,0.0,0,0.11594202898550725,0.0,0.0,0.0,0.0625,1.0,0.0,0.0,0.0,0.0,0.0,0.0,0.0,0.0,0.0,0.0,0.0,0.0,500,62,0.124,3690.1799999999985,9389.951612903224,4,6,6,0.0,0.0,5.306451612903226,64.5967741935484,45.0,63.664383561643874,0.0,0.0,0,0.11594202898550725,0.0,0.0,0.0,0.0625,1.0,0.0,0.0,0.0,0.0,0.0,0.0,0.0,0.0,0.0,0.0,0.0,0.0,0.0,0
1d3957ad-0b44-5696-b8bb-61a9ca7e18ee,Malaga,broad_discovery_flexible,65,20,0.3076923076923077,4161.261538461539,8708.15,3,5,4,0.0,0.0,14.35,63.0,45.0,57.33333333333333,0.16923076923076924,0.45454545454545453,2,0.25,0.0,0.4166666666666667,0.32142857142857145,0.09090909090909091,0.38461538461538464,0.0,0.0,0.0,0.0,0.0,1.0,0.0,0.25,0.0,0.0,0.0,0.36,83,24,0.2891566265060241,4019.9759036144587,8728.166666666666,3,5,4,0.0,0.0,22.291666666666664,65.625,45.0,56.694915254237294,0.1686746987951807,0.35714285714285715,2,0.25806451612903225,0.0,0.38461538461538464,0.2894736842105263,0.07142857142857142,0.4117647058823529,0.0,0.0,0.0,0.0,0.0,1.0,0.0,0.25,0.0,0.0,0.0,0.3333333333333333,0.018535681186283626,-18
1e7d9abf-07bb-5bac-8f74-5bd0d72410f3,Malaga,flamenco_world_madrid,51,24,0.47058823529411764,5678.921568627452,9485.041666666666,3,5,4,0.0,0.0,9.375,73.12500000000001,90.0,67.22222222222223,0.19607843137254902,0.7,0,0.6060606060606061,0.0,0.2857142857142857,0.2,0.5833333333333334,0.6190476190476191,0.0,0.0,0.0,0.0,0.0,0.0,0.5,0.25,0.0,0.0,0.0,0.2,66,29,0.4393939393939394,5466.151515151515,9535.48275862069,3,6,4,0.0,0.0,17.689655172413794,71.37931034482757,90.0,68.51351351351353,0.15151515151515152,0.7,0,0.5227272727272727,0.0,0.3,0.2727272727272727,0.4666666666666667,0.5517241379310345,0.0,0.0,0.0,0.0,0.0,0.0,0.6666666666666666,0.25,0.0,1.0,0.0,0.2,0.03119429590017825,-15
1fcc0973-69b0-574c-bf59-a96840fae470,Valencia,music_pop_rock_local,58,27,0.46551724137931033,4998.862068965516,8263.444444444445,3,4,4,0.0,0.0,12.77777777777778,65.0,45.0,66.7741935483871,0.13793103448275862,0.75,0,0.5,0.0,0.375,0.42857142857142855,0.6,0.35294117647058826,0.0,0.0,0.0,0.0,0.0,0.0,0.0,0.5,0.0,0.0,0.0,0.42857142857142855,80,38,0.475,5094.424999999999,8290.052631578947,3,4,4,0.0,0.0,26.15789473684211,67.5,45.0,64.64285714285714,0.1125,0.6666666666666666,0,0.5245901639344263,0.0,0.3333333333333333,0.3333333333333333,0.59375,0.4482758620689655,0.0,0.0,0.0,0.0,0.0,0.0,0.0,0.42857142857142855,0.0,0.0,0.0,0.3333333333333333,-0.009482758620689646,-22
2011d960-a8fc-5b43-8ec6-e92ed94135a4,Barcelona,broad_discovery_flexible,62,20,0.3225806451612903,4329.370967741936,8697.05,4,6,7,0.0,0.0,11.15,51.75,45.0,61.42857142857143,0.14516129032258066,0.2222222222222222,0,0.2727272727272727,1.0,0.4,0.2916666666666667,0.3076923076923077,0.2222222222222222,0.0,0.0,0.0,1.0,0.0,0.0,0.42857142857142855,0.42857142857142855,0.0,0.0,0.0,0.30434782608695654,80,29,0.3625,4567.3499999999985,8711.689655172411,4,7,7,0.0,0.0,27.344827586206893,55.86206896551724,45.0,62.058823529411754,0.15,0.25,0,0.25925925925925924,1.0,0.5454545454545454,0.3,0.2857142857142857,0.23076923076923078,0.0,0.0,0.0,1.0,0.0,0.5,0.42857142857142855,0.6153846153846154,0.0,0.0,0.0,0.32142857142857145,-0.039919354838709675,-18
20934375-31f1-517e-a0fc-e12837101f2c,Barcelona,culture_theatre_explorer,62,35,0.5645161290322581,6218.290322580645,9058.971428571427,3,7,2,0.0,0.0,12.8,56.57142857142857,45.0,68.33333333333333,0.24193548387096775,0.5333333333333333,0,0.2857142857142857,0.0,0.675,0.4,0.5,0.2,0.0,0.0,0.0,0.0,0.0,0.625,0.6666666666666666,0.6956521739130435,0.0,0.5,0.0,0.38461538461538464,75,39,0.52,5979.013333333333,9113.871794871795,3,7,3,0.0,0.0,18.48717948717949,56.53846153846155,45.0,65.0,0.22666666666666666,0.5294117647058824,0,0.25,0.0,0.6170212765957447,0.42105263157894735,0.5,0.16666666666666666,0.0,0.0,0.0,0.0,0.0,0.6,0.6,0.6296296296296297,0.0,0.5,0.0,0.4117647058823529,0.0445161290322581,-13
215f06be-dd50-5c68-b857-7a876fbfa712,Malaga,flamenco_world_madrid,48,24,0.5,5755.458333333333,9434.833333333332,3,4,5,0.0,0.0,11.250000000000002,75.0,90.0,73.125,0.14583333333333334,0.7142857142857143,0,0.5428571428571428,1.0,0.0,0.4444444444444444,0.42857142857142855,0.5714285714285714,0.0,0.0,0.0,1.0,0.0,0.0,0.0,0.0,0.0,0.0,0.0,0.4444444444444444,63,29,0.4603174603174603,5341.015873015873,9087.586206896553,4,6,5,0.0,0.0,20.51724137931035,74.48275862068965,90.0,70.14705882352942,0.15873015873015872,0.7,0,0.5116279069767442,1.0,0.2222222222222222,0.4,0.36363636363636365,0.5625,0.0,0.0,0.0,1.0,0.0,0.5,0.0,0.16666666666666666,0.0,0.0,0.0,0.4,0.03968253968253971,-15
21a26f4d-2110-593c-9b65-606f68b96b94,Valencia,music_pop_rock_local,61,32,0.5245901639344263,6179.081967213115,9723.343749999998,3,4,4,0.0,0.0,11.375,66.09375,45.0,65.17241379310346,0.22950819672131148,0.5,0,0.6341463414634146,0.0,0.3333333333333333,0.3,0.5294117647058824,0.7083333333333334,0.0,0.0,0.0,0.0,0.0,0.0,0.0,0.6,0.0,0.0,0.0,0.3,73,37,0.5068493150684932,5910.575342465755,9481.27027027027,3,4,6,0.0,0.0,19.486486486486484,66.89189189189189,45.0,63.750000000000014,0.2328767123287671,0.5294117647058824,0,0.625,0.0,0.2727272727272727,0.3076923076923077,0.55,0.6785714285714286,0.0,0.0,0.0,0.0,0.0,0.0,0.0,0.5,0.0,0.0,0.0,0.3076923076923077,0.01774084886593308,-12
22b29a04-7568-5a29-add0-9779e2310a08,Malaga,culture_theatre_explorer,62,29,0.46774193548387094,5369.967741935484,8579.241379310346,3,6,3,0.0,0.0,13.344827586206897,48.62068965517241,45.0,55.909090909090914,0.20967741935483872,0.46153846153846156,0,0.4444444444444444,0.0,0.5,0.4,0.5,0.3333333333333333,0.0,0.0,0.0,0.0,0.0,0.42857142857142855,0.375,0.5652173913043478,0.0,0.0,0.0,0.42857142857142855,83,38,0.4578313253012048,5347.771084337352,8771.999999999998,3,6,3,0.0,0.0,23.631578947368425,51.31578947368421,45.0,55.00000000000001,0.21686746987951808,0.4444444444444444,0,0.4,0.0,0.52,0.36363636363636365,0.5,0.25,0.0,0.0,0.0,0.0,0.0,0.5,0.5,0.5357142857142857,0.0,0.0,0.0,0.38095238095238093,0.009910610182666146,-21
234b8d80-decc-5418-824e-25776648a64e,Barcelona,sports_basketball_traveler,49,12,0.24489795918367346,3473.428571428571,7912.916666666667,4,6,4,0.0,0.0,15.916666666666664,63.75,45.0,65.67567567567568,0.12244897959183673,0.5,1,0.23076923076923078,1.0,0.3333333333333333,0.17391304347826086,0.3333333333333333,0.14285714285714285,0.0,0.0,0.0,1.0,0.0,0.0,1.0,0.2,0.0,0.0,0.0,0.17391304347826086,67,18,0.26865671641791045,3514.6268656716416,7565.333333333333,4,6,4,0.0,0.0,31.500000000000004,72.5,90.0,65.20408163265306,0.1044776119402985,0.42857142857142855,1,0.2,1.0,0.3076923076923077,0.2727272727272727,0.2,0.2,0.0,0.0,0.0,1.0,0.0,0.0,1.0,0.18181818181818182,0.0,0.0,0.0,0.2727272727272727,-0.023758757234236982,-18
23ed7c29-46fe-5037-b3f5-b4deb93cfc33,Barcelona,music_pop_rock_local,53,32,0.6037735849056604,6077.226415094339,8622.968749999998,4,6,4,0.0,0.0,13.656249999999998,66.5625,45.0,68.57142857142857,0.05660377358490566,0.3333333333333333,0,0.5853658536585366,1.0,1.0,0.5,0.6521739130434783,0.5,0.0,0.0,0.0,1.0,0.0,0.0,1.0,1.0,0.0,0.0,0.0,0.5,66,40,0.6060606060606061,6080.939393939395,8537.650000000001,4,6,5,0.0,0.0,23.525,62.24999999999999,45.0,67.49999999999999,0.10606060606060606,0.5714285714285714,0,0.62,1.0,0.8,0.4,0.7,0.5,0.0,0.0,0.0,1.0,0.0,0.0,1.0,0.75,0.0,0.0,0.0,0.4444444444444444,-0.002287021154945723,-13
25ffbb0f-1bf9-5c5b-beda-98c489108e27,Barcelona,broad_discovery_flexible,53,19,0.3584905660377358,4400.169811320754,8114.157894736842,3,6,4,0.0,0.0,15.684210526315791,56.842105263157904,45.0,60.88235294117647,0.33962264150943394,0.5,1,0.14285714285714285,0.0,0.46153846153846156,0.4230769230769231,0.2222222222222222,0.0,0.0,0.0,0.0,0.0,0.0,0.6666666666666666,0.6666666666666666,0.2857142857142857,0.0,1.0,0.0,0.3181818181818182,71,24,0.3380281690140845,4314.408450704226,8161.041666666666,3,6,4,0.0,0.0,28.166666666666668,60.0,45.0,63.19148936170214,0.2676056338028169,0.47368421052631576,1,0.16666666666666666,0.0,0.375,0.4166666666666667,0.2727272727272727,0.0,0.0,0.0,0.0,0.0,0.0,0.5,0.6666666666666666,0.2222222222222222,0.0,1.0,0.0,0.34375,0.020462397023651324,-18
27a7e068-890f-5bb8-91b4-6538834452c6,Valencia,broad_discovery_flexible,73,29,0.3972602739726027,4632.876712328767,8222.551724137931,3,7,5,0.0,0.0,10.275862068965518,66.72413793103449,45.0,59.31818181818181,0.1917808219178082,0.2857142857142857,0,0.4090909090909091,0.0,0.5294117647058824,0.3235294117647059,0.2857142857142857,0.4666666666666667,0.0,0.0,0.0,0.0,0.0,0.6,1.0,0.4,0.0,0.2,0.0,0.3448275862068966,95,35,0.3684210526315789,4502.568421052631,8291.857142857141,4,8,6,0.0,0.0,18.65714285714286,65.57142857142858,45.0,60.0,0.18947368421052632,0.2777777777777778,0,0.4,1.0,0.5238095238095238,0.2558139534883721,0.36363636363636365,0.42105263157894735,0.0,0.0,0.0,1.0,0.0,0.6666666666666666,0.75,0.36363636363636365,0.0,0.2,0.0,0.2631578947368421,0.02883922134102379,-22
27fab79c-0ad1-58b0-90d1-421d67e972f5,Barcelona,family_weekend_exhibition,43,25,0.5813953488372093,5925.255813953489,8405.480000000001,2,4,3,0.0,0.0,13.0,61.20000000000001,45.0,55.0,0.046511627906976744,0.0,0,0.0,0.0,0.4,0.6216216216216216,0.0,0.0,0.0,0.0,0.0,0.0,0.0,0.0,1.0,0.3333333333333333,0.0,0.6666666666666666,0.0,0.6071428571428571,55,32,0.5818181818181818,5892.981818181819,8453.0,2,4,4,0.0,0.0,20.84375,61.87500000000001,45.0,52.82608695652175,0.07272727272727272,0.0,0,0.0,0.0,0.3333333333333333,0.625,0.0,0.0,0.0,0.0,0.0,0.0,0.0,0.0,0.5,0.3333333333333333,0.0,0.6666666666666666,0.0,0.6153846153846154,-4.2283298097245403E-4,-12
287adf12-9b58-589c-9bf3-0b7b5a70916d,Madrid,family_weekend_exhibition,65,41,0.6307692307692307,5815.2,8154.512195121953,4,7,4,0.0,0.0,11.707317073170733,49.39024390243903,45.0,58.125,0.1076923076923077,0.5714285714285714,0,0.5,1.0,0.5454545454545454,0.6595744680851063,0.6666666666666666,0.3333333333333333,0.0,0.0,0.0,1.0,0.0,0.0,1.0,0.42857142857142855,0.0,0.6428571428571429,0.0,0.6666666666666666,81,46,0.5679012345679012,5439.765432098766,8098.391304347826,4,7,4,0.0,0.0,18.826086956521735,50.869565217391305,45.0,57.857142857142854,0.12345679012345678,0.5,0,0.5,1.0,0.46153846153846156,0.5932203389830508,0.6,0.3333333333333333,0.0,0.0,0.0,1.0,0.0,0.0,1.0,0.3333333333333333,0.0,0.6666666666666666,0.0,0.5681818181818182,0.06286799620132955,-16
298976f2-6e19-5916-b6c1-e17e0830d10b,Barcelona,family_weekend_exhibition,51,28,0.5490196078431373,5211.333333333334,7931.071428571428,3,5,6,0.0,0.0,14.357142857142861,64.28571428571429,45.0,58.69565217391305,0.0392156862745098,0.5,0,0.42857142857142855,0.0,0.14285714285714285,0.6486486486486487,0.5,0.3333333333333333,0.0,0.0,0.0,0.0,0.0,0.0,0.0,0.3333333333333333,0.0,0.5714285714285714,0.0,0.6666666666666666,56,31,0.5535714285714286,5239.160714285714,7949.516129032258,3,5,6,0.0,0.0,19.548387096774192,63.87096774193548,45.0,59.4,0.03571428571428571,0.5,0,0.42857142857142855,0.0,0.14285714285714285,0.6428571428571429,0.5,0.3333333333333333,0.0,0.0,0.0,0.0,0.0,0.0,0.0,0.3333333333333333,0.0,0.5555555555555556,0.0,0.6666666666666666,-0.0045518207282913,-5
2a7e98ee-023f-4f75-8d54-aec944128fb0,,,492,79,0.16056910569105692,3941.5711382113864,9155.924050632912,4,6,6,0.0,0.0,4.924050632911393,62.088607594936725,45.0,63.922518159806295,0.0,0.0,0,0.16176470588235295,0.0,0.0,0.0,0.25,0.0,0.0,0.0,0.0,0.0,0.0,0.0,0.0,0.0,0.0,0.0,0.0,0.0,492,79,0.16056910569105692,3941.5711382113864,9155.924050632912,4,6,6,0.0,0.0,4.924050632911393,62.088607594936725,45.0,63.922518159806295,0.0,0.0,0,0.16176470588235295,0.0,0.0,0.0,0.25,0.0,0.0,0.0,0.0,0.0,0.0,0.0,0.0,0.0,0.0,0.0,0.0,0.0,0.0,0
2be97220-3ab4-5f69-9341-251e50c95ce5,Malaga,culture_theatre_explorer,49,18,0.3673469387755102,5137.734693877551,9429.888888888889,3,5,2,0.0,0.0,16.333333333333332,62.5,45.0,59.516129032258064,0.3877551020408163,0.42105263157894735,1,0.125,0.0,0.4827586206896552,0.2727272727272727,0.0,0.16666666666666666,0.0,0.0,0.0,0.0,0.0,0.625,0.3,0.5454545454545454,0.0,0.0,0.0,0.2727272727272727,58,25,0.43103448275862066,5501.155172413795,9261.0,3,5,2,0.0,0.0,26.879999999999992,59.39999999999999,45.0,60.00000000000001,0.3620689655172414,0.42857142857142855,1,0.125,0.0,0.5294117647058824,0.4,0.0,0.16666666666666666,0.0,0.0,0.0,0.0,0.0,0.6666666666666666,0.36363636363636365,0.5714285714285714,0.0,0.0,0.0,0.4,-0.06368754398311044,-9
2c4955c7-a220-5e0f-9f1f-461382f41d63,Malaga,culture_theatre_explorer,61,27,0.4426229508196721,5792.803278688525,10123.925925925925,3,7,4,0.0,0.0,15.407407407407408,53.333333333333336,45.0,56.029411764705884,0.22950819672131148,0.5,0,0.3,0.0,0.4594594594594595,0.5,0.16666666666666666,0.5,0.0,0.0,0.0,0.0,0.0,0.625,0.2222222222222222,0.5,0.0,1.0,0.0,0.46153846153846156,79,34,0.43037974683544306,5650.974683544304,9926.764705882355,4,8,5,0.0,0.0,24.941176470588236,52.94117647058823,45.0,55.333333333333336,0.20253164556962025,0.4375,0,0.3,1.0,0.40816326530612246,0.5263157894736842,0.16666666666666666,0.5,0.0,0.0,0.0,1.0,0.0,0.5,0.16666666666666666,0.48148148148148145,0.0,1.0,0.0,0.5,0.012243203984229067,-18
2e7d891a-0c2d-5b15-9e68-4ba41b72cc27,Barcelona,music_pop_rock_local,57,30,0.5263157894736842,5351.280701754386,8272.333333333334,3,5,7,0.0,0.0,12.933333333333334,66.0,45.0,56.66666666666667,0.05263157894736842,1.0,0,0.6571428571428571,0.0,0.16666666666666666,0.4,0.625,0.7272727272727273,0.0,0.0,0.0,0.0,0.0,0.0,0.0,0.25,0.0,1.0,0.0,0.35714285714285715,73,35,0.4794520547945205,5117.1506849315065,8355.657142857142,3,5,8,0.0,0.0,18.97142857142857,65.57142857142857,45.0,59.21052631578947,0.0410958904109589,1.0,0,0.5909090909090909,0.0,0.2,0.3888888888888889,0.6206896551724138,0.5333333333333333,0.0,0.0,0.0,0.0,0.0,0.0,0.0,0.2857142857142857,0.0,1.0,0.0,0.35294117647058826,0.04686373467916366,-16
2e97b2fc-0db4-5db8-b5a0-224e73af6a82,Valencia,family_weekend_exhibition,58,30,0.5172413793103449,4953.55172413793,7701.533333333334,3,5,4,0.0,0.0,12.699999999999998,52.5,45.0,62.67857142857143,0.13793103448275862,0.25,0,0.6666666666666666,0.0,0.4,0.5454545454545454,0.5,1.0,0.0,0.0,0.0,0.0,0.0,0.0,0.6666666666666666,0.0,0.0,0.7,0.0,0.5,69,35,0.5072463768115942,4922.521739130435,7715.599999999999,3,5,4,0.0,0.0,21.31428571428572,52.71428571428571,45.0,64.85294117647058,0.14492753623188406,0.3,0,0.5,0.0,0.4,0.5370370370370371,0.5,0.5,0.0,0.0,0.0,0.0,0.0,0.0,0.6666666666666666,0.0,0.0,0.7272727272727273,0.0,0.4883720930232558,0.009995002498750627,-11
2fc3f32e-792f-5521-b320-15859cd5bf4d,Barcelona,sports_basketball_traveler,41,5,0.12195121951219512,2635.80487804878,7279.8,2,2,2,0.0,0.0,7.6,72.0,90.0,70.41666666666666,0.024390243902439025,0.0,0,0.0,0.0,0.16666666666666666,0.1875,0.0,0.0,0.0,0.0,0.0,0.0,0.0,0.0,0.0,0.2222222222222222,0.0,0.0,0.0,0.1875,53,6,0.11320754716981132,2539.301886792453,7263.833333333334,3,3,3,0.0,0.0,18.666666666666664,67.5,45.0,73.08510638297872,0.03773584905660377,0.5,0,0.0,1.0,0.15384615384615385,0.13636363636363635,0.0,0.0,0.0,0.0,0.0,1.0,0.0,0.0,0.0,0.2222222222222222,0.0,0.0,0.0,0.13636363636363635,0.008743672342383796,-12
2fddfe61-46ae-56a9-9185-a04aada0e5d4,Madrid,broad_discovery_flexible,56,18,0.32142857142857145,4175.625,7969.666666666666,3,7,3,0.0,0.0,12.11111111111111,62.5,45.0,60.39473684210526,0.25,0.42857142857142855,0,0.3333333333333333,0.0,0.38461538461538464,0.2916666666666667,0.4,0.25,0.0,0.0,0.0,0.0,0.0,0.25,0.6666666666666666,0.3333333333333333,0.0,0.3333333333333333,0.0,0.2857142857142857,73,27,0.3698630136986301,4573.917808219178,8442.592592592593,3,7,3,0.0,0.0,29.77777777777778,61.66666666666668,45.0,60.652173913043484,0.2328767123287671,0.47058823529411764,0,0.38461538461538464,0.0,0.3888888888888889,0.35714285714285715,0.35714285714285715,0.4166666666666667,0.0,0.0,0.0,0.0,0.0,0.3333333333333333,0.6666666666666666,0.3333333333333333,0.0,0.3333333333333333,0.0,0.36,-0.048434442270058664,-17
2fe52172-62f9-57e9-98ac-f48cac53f516,Barcelona,culture_theatre_explorer,58,31,0.5344827586206896,6053.706896551724,9178.09677419355,3,6,4,0.0,0.0,12.35483870967742,56.612903225806456,45.0,60.55555555555556,0.22413793103448276,0.6923076923076923,0,0.3333333333333333,0.0,0.6470588235294118,0.4117647058823529,0.3333333333333333,0.3333333333333333,0.0,0.0,0.0,0.0,0.0,0.5,0.625,0.7,0.0,0.0,0.0,0.4375,84,42,0.5,5943.821428571429,9398.309523809523,3,6,4,0.0,0.0,26.66666666666667,55.71428571428572,45.0,60.357142857142854,0.23809523809523808,0.65,0,0.4166666666666667,0.0,0.56,0.42857142857142855,0.5714285714285714,0.2,0.0,0.0,0.0,0.0,0.0,0.3,0.6666666666666666,0.6071428571428571,0.0,0.0,0.0,0.45,0.03448275862068961,-26
309beb52-0633-5496-93c7-56336e56a1da,Valencia,broad_discovery_flexible,49,19,0.3877551020408163,4614.0,8607.473684210527,3,5,4,0.0,0.0,11.26315789473684,54.47368421052631,45.0,51.5,0.10204081632653061,0.6,0,0.5454545454545454,0.0,0.23529411764705882,0.45,0.5,0.6666666666666666,0.0,0.0,0.0,0.0,0.0,0.0,0.2,0.3333333333333333,0.0,0.0,0.0,0.5,65,24,0.36923076923076925,4534.030769230768,8855.708333333334,3,6,4,0.0,0.0,20.5,58.125,45.0,53.04878048780488,0.13846153846153847,0.5555555555555556,0,0.3888888888888889,0.0,0.3333333333333333,0.4090909090909091,0.36363636363636365,0.42857142857142855,0.0,0.0,0.0,0.0,0.0,0.4,0.16666666666666666,0.38461538461538464,0.0,0.0,0.0,0.47368421052631576,0.01852433281004706,-16
30f73de8-2a29-531f-8b1b-8886dd6bb726,Barcelona,family_weekend_exhibition,44,27,0.6136363636363636,5859.795454545455,8068.037037037038,3,5,4,0.0,0.0,14.37037037037037,53.333333333333336,45.0,55.58823529411764,0.09090909090909091,0.75,0,0.25,0.0,0.4444444444444444,0.7096774193548387,0.5,0.0,0.0,0.0,0.0,0.0,0.0,1.0,0.0,0.5,0.0,0.5,0.0,0.76,56,29,0.5178571428571429,5141.660714285714,7759.172413793103,3,5,4,0.0,0.0,17.96551724137931,54.310344827586206,45.0,56.66666666666667,0.08928571428571429,0.6,0,0.16666666666666666,0.0,0.36363636363636365,0.631578947368421,0.5,0.0,0.0,0.0,0.0,0.0,0.0,1.0,0.0,0.42857142857142855,0.0,0.42857142857142855,0.0,0.6774193548387096,0.09577922077922074,-12
31736e2f-4533-565d-9ce6-4166b082eb31,Valencia,broad_discovery_flexible,56,22,0.39285714285714285,4444.0,8371.727272727272,4,6,6,0.0,0.0,11.18181818181818,61.363636363636374,45.0,67.5,0.125,0.2857142857142857,1,0.391304347826087,1.0,0.2857142857142857,0.4444444444444444,0.625,0.26666666666666666,0.0,0.0,0.0,1.0,0.0,1.0,0.0,0.2222222222222222,0.0,0.0,0.0,0.4444444444444444,68,24,0.35294117647058826,4250.64705882353,8398.208333333334,4,7,6,0.0,0.0,16.208333333333332,61.875,45.0,65.45454545454544,0.11764705882352941,0.25,1,0.32142857142857145,1.0,0.3125,0.391304347826087,0.45454545454545453,0.23529411764705882,0.0,0.0,0.0,1.0,0.0,1.0,0.25,0.2,0.0,0.0,0.0,0.4090909090909091,0.03991596638655459,-12
33faa8e8-3048-5a36-87f5-4bd451d4c95f,Madrid,flamenco_world_madrid,36,15,0.4166666666666667,4937.472222222223,8703.199999999999,3,5,3,0.0,0.0,12.0,69.0,90.0,66.42857142857143,0.2222222222222222,0.75,0,0.39285714285714285,0.0,0.4,0.6666666666666666,0.25,0.5,0.0,0.0,0.0,0.0,0.0,1.0,0.5,0.0,0.0,0.0,0.0,0.6666666666666666,55,22,0.4,4989.70909090909,8892.818181818182,3,5,4,0.0,0.0,30.590909090909093,71.59090909090908,90.0,68.1818181818182,0.21818181818181817,0.5833333333333334,0,0.4473684210526316,0.0,0.2857142857142857,0.3333333333333333,0.2857142857142857,0.5416666666666666,0.0,0.0,0.0,0.0,0.0,0.3333333333333333,0.5,0.0,0.0,0.0,0.0,0.375,0.016666666666666663,-19
34538a28-6844-5bab-b8cb-f40b2d29fd09,Valencia,family_weekend_exhibition,54,27,0.5,4824.833333333332,7833.444444444444,3,5,3,0.0,0.0,12.48148148148148,50.0,45.0,60.0,0.12962962962962962,0.5714285714285714,0,0.16666666666666666,0.0,0.3333333333333333,0.6052631578947368,0.3333333333333333,0.0,0.0,0.0,0.0,0.0,0.0,0.3333333333333333,0.0,0.4,0.0,0.5714285714285714,0.0,0.625,68,31,0.45588235294117646,4507.5,7774.677419354839,3,7,4,0.0,0.0,20.129032258064512,49.35483870967743,45.0,63.24324324324324,0.14705882352941177,0.5,0,0.2857142857142857,0.0,0.36363636363636365,0.5102040816326531,0.3333333333333333,0.25,0.0,0.0,0.0,0.0,0.0,0.3333333333333333,0.3333333333333333,0.4,0.0,0.5333333333333333,0.0,0.5,0.04411764705882354,-14
34a6bf26-c654-595b-a667-4cc34d4cc21e,Madrid,family_weekend_exhibition,47,32,0.6808510638297872,6345.361702127659,8500.03125,3,6,4,0.0,0.0,13.781250000000002,52.03125,45.0,54.0,0.06382978723404255,0.6666666666666666,0,1.0,0.0,1.0,0.6585365853658537,1.0,0.0,0.0,0.0,0.0,0.0,0.0,1.0,1.0,1.0,0.0,0.6875,0.0,0.64,58,36,0.6206896551724138,5898.206896551725,8460.333333333334,3,6,4,0.0,0.0,19.0,51.25,45.0,55.227272727272734,0.10344827586206896,0.5,0,1.0,0.0,0.8333333333333334,0.6,1.0,0.0,0.0,0.0,0.0,0.0,0.0,1.0,0.6666666666666666,1.0,0.0,0.6470588235294118,0.0,0.5757575757575758,0.060161408657373405,-11
35b36074-2f84-544a-842c-ce6ad46851c9,Malaga,broad_discovery_flexible,64,26,0.40625,4686.953125,8568.5,3,5,4,0.0,0.0,11.46153846153846,55.38461538461538,45.0,56.8421052631579,0.15625,0.8,0,0.5,0.0,0.14285714285714285,0.4642857142857143,0.38461538461538464,0.6666666666666666,0.0,0.0,0.0,0.0,0.0,0.0,0.0,0.2222222222222222,0.0,0.5,0.0,0.4583333333333333,84,34,0.40476190476190477,4641.119047619048,8516.823529411764,3,6,4,0.0,0.0,23.17647058823529,55.58823529411765,45.0,57.6,0.16666666666666666,0.5714285714285714,0,0.42857142857142855,0.0,0.25,0.46153846153846156,0.375,0.5,0.0,0.0,0.0,0.0,0.0,0.0,0.2,0.3,0.0,0.5,0.0,0.45714285714285713,0.0014880952380952328,-20
36669805-3e0e-5e6b-9888-8c83ed3b5340,Barcelona,culture_theatre_explorer,58,23,0.39655172413793105,4929.793103448275,8947.652173913044,4,6,4,0.0,0.0,13.217391304347826,52.826086956521735,45.0,60.42857142857142,0.3103448275862069,0.5,0,0.125,1.0,0.5142857142857142,0.21428571428571427,0.2,0.0,0.0,0.0,0.0,1.0,0.0,0.25,0.625,0.5789473684210527,0.0,0.0,0.0,0.25,75,33,0.44,5253.333333333333,8994.212121212122,4,6,4,0.0,0.0,28.757575757575754,51.81818181818183,45.0,58.92857142857142,0.29333333333333333,0.5,0,0.2,1.0,0.574468085106383,0.17647058823529413,0.3333333333333333,0.0,0.0,0.0,0.0,1.0,0.0,0.3,0.75,0.6,0.0,0.0,0.0,0.2,-0.04344827586206895,-17
386447e5-e007-5ebe-a619-d5ab02f2dee5,Barcelona,family_weekend_exhibition,45,21,0.4666666666666667,4805.177777777778,8148.047619047619,3,5,2,0.0,0.0,15.142857142857144,64.28571428571429,45.0,54.375,0.1111111111111111,0.4,0,0.3333333333333333,0.0,0.4,0.5,1.0,0.0,0.0,0.0,0.0,0.0,0.0,0.0,0.6666666666666666,0.3333333333333333,0.0,0.5,0.0,0.5,63,30,0.47619047619047616,4918.349206349207,8195.533333333335,3,5,3,0.0,0.0,32.9,58.5,45.0,58.636363636363626,0.1111111111111111,0.42857142857142855,0,0.5,0.0,0.38461538461538464,0.5,1.0,0.0,0.0,0.0,0.0,0.0,0.0,0.0,0.6,0.3333333333333333,0.0,0.46153846153846156,0.0,0.5151515151515151,-0.00952380952380949,-18
3a7613a0-a6d6-5b2f-b9f5-ab9bbf2a92cc,Barcelona,culture_theatre_explorer,55,25,0.45454545454545453,5773.890909090909,9604.08,3,5,5,0.0,0.0,14.360000000000005,59.39999999999999,45.0,51.5,0.36363636363636365,0.5,0,0.0,1.0,0.5,0.4375,0.0,0.0,0.0,0.0,0.0,1.0,0.0,0.8571428571428571,0.5,0.35294117647058826,0.0,0.0,0.0,0.4375,68,34,0.5,6005.500000000001,9423.294117647056,3,5,5,0.0,0.0,24.294117647058822,56.911764705882355,45.0,53.38235294117647,0.3235294117647059,0.5454545454545454,0,0.0,1.0,0.5333333333333333,0.5,0.0,0.0,0.0,0.0,0.0,1.0,0.0,0.7,0.5,0.4782608695652174,0.0,0.0,0.0,0.5,-0.04545454545454547,-13
3bfe8dcf-2cca-5852-bb2a-66262fcedd77,Malaga,flamenco_world_madrid,40,11,0.275,4345.45,9165.818181818182,2,3,4,0.0,0.0,13.363636363636365,77.72727272727273,90.0,63.62068965517241,0.25,0.5,1,0.43478260869565216,0.0,0.25,0.0,0.2222222222222222,0.5714285714285714,0.0,0.0,0.0,0.0,0.0,1.0,0.0,0.0,0.0,0.0,0.0,0.0,56,17,0.30357142857142855,4334.375000000001,8430.764705882355,3,4,4,0.0,0.0,30.117647058823533,76.76470588235296,90.0,65.76923076923075,0.30357142857142855,0.4117647058823529,1,0.4117647058823529,0.0,0.14285714285714285,0.14285714285714285,0.35714285714285715,0.45,0.0,0.0,0.0,0.0,0.0,1.0,0.0,0.0,0.0,0.0,0.0,0.14285714285714285,-0.028571428571428525,-16
3c4c9c17-9558-598b-b56d-291c906ebc8a,Barcelona,music_pop_rock_local,64,31,0.484375,5366.84375,8634.838709677419,3,4,6,0.0,0.0,14.290322580645162,62.903225806451616,45.0,64.54545454545455,0.078125,0.4,1,0.5471698113207547,0.0,0.2,0.2,0.5862068965517241,0.5,0.0,0.0,0.0,0.0,0.0,0.0,0.0,0.25,0.0,0.0,0.0,0.2,80,37,0.4625,5235.700000000001,8618.702702702703,3,4,6,0.0,0.0,22.135135135135137,66.08108108108108,45.0,67.32558139534883,0.075,0.3333333333333333,1,0.5223880597014925,0.0,0.2,0.14285714285714285,0.5454545454545454,0.5,0.0,0.0,0.0,0.0,0.0,0.0,0.0,0.25,0.0,0.0,0.0,0.14285714285714285,0.021874999999999978,-16
3f101f1a-9745-50e2-9d4c-783c064fe983,Valencia,broad_discovery_flexible,52,16,0.3076923076923077,4189.596153846153,8995.125,3,6,3,0.0,0.0,13.250000000000002,59.0625,45.0,63.75,0.11538461538461539,0.3333333333333333,0,0.25,0.0,0.21428571428571427,0.42857142857142855,0.5,0.1,0.0,0.0,0.0,0.0,0.0,0.0,0.25,0.4,0.0,0.5,0.0,0.42105263157894735,66,20,0.30303030303030304,4045.242424242424,8644.95,3,6,3,0.0,0.0,24.000000000000004,58.5,45.0,62.608695652173914,0.13636363636363635,0.2222222222222222,0,0.25,0.0,0.25,0.4,0.5,0.14285714285714285,0.0,0.0,0.0,0.0,0.0,0.0,0.2,0.4,0.0,0.6666666666666666,0.0,0.36363636363636365,0.004662004662004671,-14
401a6299-b3f4-531d-85de-421a4de8d358,Madrid,culture_theatre_explorer,52,34,0.6538461538461539,6830.25,9243.617647058823,3,6,1,0.0,0.0,12.058823529411768,53.382352941176464,45.0,52.5,0.23076923076923078,0.75,0,0.6,0.0,0.7419354838709677,0.5,0.3333333333333333,0.7142857142857143,0.0,0.0,0.0,0.0,0.0,0.8,0.875,0.6666666666666666,0.0,0.0,0.0,0.5,70,45,0.6428571428571429,6715.957142857143,9202.199999999999,3,7,1,0.0,0.0,23.46666666666667,53.33333333333333,45.0,52.2,0.2857142857142857,0.7,0,0.5,0.0,0.7380952380952381,0.5333333333333333,0.25,0.625,0.0,0.0,0.0,0.0,0.0,0.8571428571428571,0.8333333333333334,0.6521739130434783,0.0,1.0,0.0,0.5,0.01098901098901095,-18
4682b3e5-a4dc-57a7-87aa-80a1c24adc8c,Malaga,broad_discovery_flexible,53,17,0.32075471698113206,3825.54716981132,7405.294117647059,3,4,5,0.0,0.0,12.529411764705882,60.88235294117647,45.0,57.5,0.3018867924528302,0.4375,0,0.4166666666666667,0.0,0.3125,0.2916666666666667,0.0,0.625,0.0,0.0,0.0,0.0,0.0,0.0,0.3333333333333333,0.4444444444444444,0.0,0.0,0.0,0.3181818181818182,71,20,0.28169014084507044,3830.81690140845,7630.349999999999,3,5,5,0.0,0.0,18.7,60.75000000000001,45.0,58.23529411764706,0.30985915492957744,0.3181818181818182,0,0.3684210526315789,0.0,0.2777777777777778,0.24242424242424243,0.14285714285714285,0.5,0.0,0.0,0.0,0.0,0.0,0.0,0.3333333333333333,0.36363636363636365,0.0,0.0,0.0,0.25806451612903225,0.039064576136061624,-18
483c8437-6743-5426-9d27-96505e1ef3e4,Valencia,music_pop_rock_local,71,41,0.5774647887323944,5649.985915492958,8267.365853658537,2,3,7,0.0,0.0,14.121951219512196,64.75609756097562,45.0,69.0,0.1267605633802817,0.5555555555555556,0,0.6415094339622641,0.0,0.0,0.5,0.6521739130434783,0.6333333333333333,0.0,0.0,0.0,0.0,0.0,0.0,0.0,0.0,0.0,0.0,0.0,0.5,85,50,0.5882352941176471,5774.176470588235,8362.580000000002,2,3,8,0.0,0.0,22.48,63.0,45.0,66.85714285714285,0.11764705882352941,0.6,0,0.6666666666666666,0.0,0.0,0.47058823529411764,0.7096774193548387,0.625,0.0,0.0,0.0,0.0,0.0,0.0,0.0,0.0,0.0,0.0,0.0,0.47058823529411764,-0.010770505385252704,-14
4aed7333-4722-49e5-99ea-d005b6bbc706,,,500,131,0.262,4722.928000000003,9918.175572519087,4,5,8,0.0,0.0,5.061068702290078,65.61068702290073,45.0,63.130081300812975,0.0,0.0,0,0.3333333333333333,0.0,0.0,0.0,0.25,1.0,0.0,0.0,0.0,0.0,0.0,0.0,0.0,0.0,0.0,0.0,0.0,0.0,500,131,0.262,4722.928000000003,9918.175572519087,4,5,8,0.0,0.0,5.061068702290078,65.61068702290073,45.0,63.130081300812975,0.0,0.0,0,0.3333333333333333,0.0,0.0,0.0,0.25,1.0,0.0,0.0,0.0,0.0,0.0,0.0,0.0,0.0,0.0,0.0,0.0,0.0,0.0,0
4b0f7bce-40dd-44e7-a81c-c6a2d410ccbb,,,500,70,0.14,3742.0139999999965,8938.228571428572,4,4,3,0.0,0.0,5.428571428571427,64.28571428571428,45.0,63.69767441860468,0.0,0.0,0,0.14492753623188406,0.0,0.0,0.0,0.125,0.0,0.0,0.0,0.0,0.0,0.0,0.0,0.0,0.0,0.0,0.0,0.0,0.0,500,70,0.14,3742.0139999999965,8938.228571428572,4,4,3,0.0,0.0,5.428571428571427,64.28571428571428,45.0,63.69767441860468,0.0,0.0,0,0.14492753623188406,0.0,0.0,0.0,0.125,0.0,0.0,0.0,0.0,0.0,0.0,0.0,0.0,0.0,0.0,0.0,0.0,0.0,0.0,0
4be0b414-62a0-5c5c-b548-cea731692ecf,Madrid,family_weekend_exhibition,51,34,0.6666666666666666,6361.588235294117,8426.794117647058,4,6,4,0.0,0.0,14.352941176470587,51.61764705882353,45.0,50.294117647058826,0.0196078431372549,1.0,0,0.3333333333333333,1.0,0.8,0.6666666666666666,0.3333333333333333,0.0,0.0,0.0,0.0,1.0,0.0,0.0,0.75,1.0,0.0,0.75,0.0,0.6333333333333333,69,49,0.7101449275362319,6604.347826086956,8397.775510204081,4,6,4,0.0,0.0,28.122448979591834,51.42857142857143,45.0,54.0,0.028985507246376812,0.5,0,0.25,1.0,0.8571428571428571,0.7192982456140351,0.3333333333333333,0.0,0.0,0.0,0.0,1.0,0.0,0.0,0.8,1.0,0.0,0.7647058823529411,0.0,0.7,-0.0434782608695653,-18
4c333402-966f-5dba-8cad-9869e2dd2506,Malaga,broad_discovery_flexible,67,34,0.5074626865671642,5536.716417910447,8801.235294117645,3,6,3,0.0,0.0,15.323529411764705,60.0,45.0,64.09090909090908,0.22388059701492538,0.4,0,0.46153846153846156,0.0,0.5454545454545454,0.5333333333333333,0.35714285714285715,0.5833333333333334,0.0,0.0,0.0,0.0,0.0,0.0,0.6,0.6,0.0,0.4,0.0,0.56,88,43,0.48863636363636365,5523.943181818182,9032.27906976744,3,6,4,0.0,0.0,24.46511627906977,60.0,45.0,63.000000000000014,0.20454545454545456,0.3888888888888889,0,0.4857142857142857,0.0,0.4,0.5405405405405406,0.47368421052631576,0.5,0.0,0.0,0.0,0.0,0.0,0.0,0.5,0.42857142857142855,0.0,0.5,0.0,0.5483870967741935,0.018826322930800554,-21
4d760269-c9e3-5f4a-80ee-54871c1fe621,Malaga,flamenco_world_madrid,61,29,0.47540983606557374,5729.213114754098,9710.862068965516,3,4,4,0.0,0.0,13.551724137931034,74.48275862068965,90.0,66.09375,0.26229508196721313,0.3125,0,0.5111111111111111,0.0,0.2857142857142857,0.5,0.35714285714285715,0.5806451612903226,0.0,0.0,0.0,0.0,0.0,0.0,0.0,0.5,0.0,0.0,0.0,0.5,81,33,0.4074074074074074,5147.172839506173,9580.666666666666,3,4,4,0.0,0.0,21.999999999999996,76.36363636363637,90.0,67.49999999999999,0.20987654320987653,0.35294117647058826,0,0.4576271186440678,0.0,0.2857142857142857,0.2857142857142857,0.2631578947368421,0.55,0.0,0.0,0.0,0.0,0.0,0.0,0.0,0.5,0.0,0.0,0.0,0.2857142857142857,0.06800242865816636,-20
4f170cde-2ddd-59d7-9126-9da748763fe9,Barcelona,culture_theatre_explorer,62,29,0.46774193548387094,5481.645161290322,9230.620689655172,3,5,4,0.0,0.0,14.137931034482762,51.206896551724135,45.0,60.45454545454545,0.22580645161290322,0.2857142857142857,0,0.0,1.0,0.6578947368421053,0.16666666666666666,0.0,0.0,0.0,0.0,0.0,1.0,0.0,0.5,0.8888888888888888,0.6190476190476191,0.0,0.0,0.0,0.16666666666666666,82,36,0.43902439024390244,5276.012195121952,9270.388888888889,4,6,4,0.0,0.0,22.05555555555555,55.0,45.0,56.086956521739125,0.23170731707317074,0.2631578947368421,0,0.2222222222222222,1.0,0.5714285714285714,0.21739130434782608,0.0,0.6666666666666666,0.0,0.0,0.0,1.0,0.0,0.6,0.75,0.48148148148148145,0.0,0.0,0.0,0.22727272727272727,0.0287175452399685,-20
4f60f764-7448-564c-b403-fa30d5ff112b,Malaga,culture_theatre_explorer,68,34,0.5,6128.500000000001,9787.970588235294,3,6,3,0.0,0.0,15.294117647058824,49.41176470588237,45.0,56.911764705882355,0.22058823529411764,0.4,0,0.3,0.0,0.6190476190476191,0.3333333333333333,0.5,0.16666666666666666,0.0,0.0,0.0,0.0,0.0,0.3333333333333333,0.8181818181818182,0.6,0.0,0.0,0.0,0.3333333333333333,74,39,0.527027027027027,6188.378378378379,9552.205128205129,3,6,3,0.0,0.0,21.71794871794872,50.0,45.0,56.57142857142857,0.22972972972972974,0.47058823529411764,0,0.3,0.0,0.6521739130434783,0.35294117647058826,0.5,0.16666666666666666,0.0,0.0,0.0,0.0,0.0,0.42857142857142855,0.8333333333333334,0.6296296296296297,0.0,0.0,0.0,0.35294117647058826,-0.027027027027026973,-6
4f93e253-b6c7-5406-a49d-3f37e7831978,Madrid,flamenco_world_madrid,47,23,0.48936170212765956,5144.000000000001,8052.478260869565,3,5,2,0.0,0.0,14.434782608695652,84.13043478260869,90.0,63.75,0.2127659574468085,0.5,0,0.6785714285714286,0.0,0.23076923076923078,0.2,0.16666666666666666,0.8181818181818182,0.0,0.0,0.0,0.0,0.0,0.3333333333333333,0.0,0.2857142857142857,0.0,0.0,0.0,0.25,59,30,0.5084745762711864,5355.8983050847455,8336.933333333334,3,5,2,0.0,0.0,25.733333333333334,84.0,90.0,63.62068965517241,0.1694915254237288,0.5,0,0.7352941176470589,0.0,0.2,0.2222222222222222,0.375,0.8461538461538461,0.0,0.0,0.0,0.0,0.0,0.2,0.0,0.2857142857142857,0.0,0.0,0.0,0.2857142857142857,-0.01911287414352686,-12
5177ab07-3f2a-58f9-8833-ef1c5355560c,Malaga,broad_discovery_flexible,71,30,0.4225352112676056,4705.80281690141,8294.533333333333,4,7,5,0.0,0.0,13.299999999999997,61.50000000000001,45.0,64.7560975609756,0.19718309859154928,0.5,0,0.3,1.0,0.3076923076923077,0.5135135135135135,0.5,0.21428571428571427,0.0,0.0,0.0,1.0,0.0,0.5,0.0,0.2857142857142857,0.0,0.3333333333333333,0.0,0.5294117647058824,92,34,0.3695652173913043,4376.489130434783,8284.441176470587,4,8,6,0.0,0.0,18.588235294117652,59.55882352941177,45.0,65.17241379310344,0.18478260869565216,0.47058823529411764,0,0.25806451612903225,1.0,0.3333333333333333,0.4523809523809524,0.3333333333333333,0.21052631578947367,0.0,0.0,0.0,1.0,0.0,0.3333333333333333,0.25,0.375,0.0,0.25,0.0,0.47368421052631576,0.0529699938763013,-21
52176fc2-e0c8-549d-981e-6c99062d9658,Malaga,culture_theatre_explorer,45,27,0.6,6629.68888888889,9527.962962962962,3,7,4,0.0,0.0,13.962962962962964,60.0,45.0,52.5,0.26666666666666666,0.8333333333333334,0,0.5,0.0,0.6086956521739131,0.7272727272727273,0.4,0.6,0.0,0.0,0.0,0.0,0.0,0.6666666666666666,0.5555555555555556,0.625,0.0,1.0,0.0,0.6666666666666666,65,35,0.5384615384615384,6273.4000000000015,9576.885714285714,3,7,4,0.0,0.0,24.942857142857143,56.57142857142856,45.0,54.0,0.3230769230769231,0.6666666666666666,0,0.45454545454545453,0.0,0.5675675675675675,0.5625,0.4,0.5,0.0,0.0,0.0,0.0,0.0,0.6666666666666666,0.6363636363636364,0.5,0.0,1.0,0.0,0.5,0.06153846153846154,-20
5233a54d-ac6c-5290-b56c-a8b1ca95c18b,Barcelona,family_weekend_exhibition,44,22,0.5,5031.954545454545,8059.318181818182,1,2,3,0.0,0.0,16.636363636363637,57.27272727272727,45.0,51.13636363636364,0.06818181818181818,0.3333333333333333,0,0.0,0.0,0.0,0.6285714285714286,0.0,0.0,0.0,0.0,0.0,0.0,0.0,0.0,0.0,0.0,0.0,0.5,0.0,0.6956521739130435,59,30,0.5084745762711864,5215.745762711865,8253.1,2,4,3,0.0,0.0,30.8,55.5,45.0,54.3103448275862,0.05084745762711865,0.3333333333333333,0,0.0,0.0,0.2222222222222222,0.5957446808510638,0.0,0.0,0.0,0.0,0.0,0.0,0.0,0.0,0.25,0.25,0.0,0.5294117647058824,0.0,0.6333333333333333,-0.008474576271186418,-15
52b36ae7-e129-50f3-a515-35c98894e2aa,Barcelona,sports_basketball_traveler,44,13,0.29545454545454547,3601.5454545454545,6843.538461538461,4,5,4,0.0,0.0,20.538461538461537,69.23076923076923,90.0,70.16129032258065,0.09090909090909091,0.25,1,0.25,1.0,0.16666666666666666,0.32,0.2857142857142857,0.2,0.0,0.0,0.0,1.0,0.0,0.0,0.0,0.3333333333333333,0.0,0.0,0.0,0.32,50,15,0.3,3617.2000000000007,6760.266666666666,4,5,4,0.0,0.0,26.4,72.0,90.0,71.14285714285712,0.08,0.25,1,0.26666666666666666,1.0,0.16666666666666666,0.32142857142857145,0.2857142857142857,0.25,0.0,0.0,0.0,1.0,0.0,0.0,0.0,0.3333333333333333,0.0,0.0,0.0,0.32142857142857145,-0.004545454545454519,-6
5300b316-40c5-5c15-88a3-cd38f553a3fc,Barcelona,music_pop_rock_local,65,42,0.6461538461538462,6239.584615384616,8500.214285714286,3,5,6,0.0,0.0,13.357142857142856,66.78571428571429,45.0,70.43478260869566,0.13846153846153847,0.7777777777777778,0,0.7254901960784313,0.0,0.4,0.375,0.75,0.6956521739130435,0.0,0.0,0.0,0.0,0.0,0.0,0.3333333333333333,0.5,0.0,0.0,0.0,0.375,87,56,0.6436781609195402,6209.735632183907,8434.392857142857,3,5,8,0.0,0.0,23.160714285714285,66.16071428571428,45.0,68.2258064516129,0.13793103448275862,0.6666666666666666,0,0.7272727272727273,0.0,0.42857142857142855,0.38461538461538464,0.7567567567567568,0.6896551724137931,0.0,0.0,0.0,0.0,0.0,0.0,0.25,0.6666666666666666,0.0,0.0,0.0,0.38461538461538464,0.0024756852343059688,-22
531f8461-e75d-5dc3-9f51-b16036086da2,Valencia,music_pop_rock_local,63,31,0.49206349206349204,5365.857142857142,8715.58064516129,3,5,7,0.0,0.0,12.096774193548388,61.4516129032258,45.0,64.6875,0.09523809523809523,0.3333333333333333,0,0.5555555555555556,0.0,0.4,0.2857142857142857,0.5217391304347826,0.5909090909090909,0.0,0.0,0.0,0.0,0.0,0.0,0.6666666666666666,0.2857142857142857,0.0,0.0,0.0,0.2857142857142857,82,42,0.5121951219512195,5461.719512195122,8631.09523809524,3,5,7,0.0,0.0,24.45238095238096,63.57142857142856,45.0,65.24999999999999,0.0975609756097561,0.25,0,0.5964912280701754,0.0,0.2857142857142857,0.4,0.6,0.5925925925925926,0.0,0.0,0.0,0.0,0.0,0.0,0.4,0.2222222222222222,0.0,0.0,0.0,0.4,-0.020131629887727487,-19
535d8bfa-3720-5c0c-9200-b8557ba4af88,Malaga,flamenco_world_madrid,75,33,0.44,5113.373333333334,8443.636363636366,3,4,6,0.0,0.0,12.96969696969697,75.0,90.0,64.64285714285714,0.13333333333333333,0.1,0,0.5384615384615384,0.0,0.07692307692307693,0.4444444444444444,0.23076923076923078,0.6410256410256411,0.0,0.0,0.0,0.0,0.0,0.0,0.0,0.1111111111111111,0.0,0.0,0.0,0.4444444444444444,84,36,0.42857142857142855,5147.190476190475,8640.13888888889,3,4,6,0.0,0.0,17.444444444444446,75.0,90.0,64.06250000000001,0.14285714285714285,0.16666666666666666,0,0.5344827586206896,0.0,0.06666666666666667,0.4,0.26666666666666666,0.627906976744186,0.0,0.0,0.0,0.0,0.0,0.0,0.0,0.1111111111111111,0.0,0.0,0.0,0.4,0.011428571428571455,-9
55be9d3f-843f-51ee-bb02-35056dc0976c,Madrid,sports_basketball_traveler,49,19,0.3877551020408163,4483.34693877551,8479.000000000002,3,4,3,0.0,0.0,10.947368421052634,75.78947368421052,90.0,61.5,0.08163265306122448,0.5,0,0.6190476190476191,0.0,0.4,0.1111111111111111,0.4,0.8181818181818182,0.0,0.0,0.0,0.0,0.0,0.0,0.0,0.5,0.0,0.0,0.0,0.1111111111111111,61,21,0.3442622950819672,4180.55737704918,8470.476190476189,3,5,3,0.0,0.0,17.23809523809524,75.0,90.0,63.00000000000001,0.06557377049180328,0.5,0,0.5909090909090909,0.0,0.38461538461538464,0.12,0.4,0.75,0.0,0.0,0.0,0.0,0.0,1.0,0.0,0.4,0.0,0.0,0.0,0.12,0.043492806958849106,-12
57cbd74c-7eb7-5e7d-8eb1-5d22d360e1a4,Barcelona,culture_theatre_explorer,52,31,0.5961538461538461,6345.499999999999,9117.290322580644,3,5,3,0.0,0.0,16.225806451612904,49.83870967741936,45.0,60.0,0.2692307692307692,0.5714285714285714,0,0.5,0.0,0.6285714285714286,0.6,0.6,0.0,0.0,0.0,0.0,0.0,0.0,0.42857142857142855,0.6,0.7222222222222222,0.0,0.0,0.0,0.6,76,42,0.5526315789473685,6003.171052631579,9019.0,3,6,3,0.0,0.0,27.166666666666668,50.714285714285715,45.0,60.88235294117647,0.25,0.5263157894736842,0,0.3,0.0,0.62,0.5333333333333333,0.5,0.0,0.0,0.0,0.0,0.0,0.0,0.6,0.5833333333333334,0.6428571428571429,0.0,1.0,0.0,0.5,0.04352226720647767,-24
5bcf1e65-8e40-5328-b3b6-cfc1ca1250d7,Madrid,family_weekend_exhibition,63,37,0.5873015873015873,5487.571428571429,7879.2972972972975,2,5,3,0.0,0.0,13.162162162162161,54.72972972972973,45.0,60.57692307692307,0.031746031746031744,0.5,0,0.0,0.0,0.5,0.6346153846153846,0.0,0.0,0.0,0.0,0.0,0.0,0.0,0.5,0.5,0.5,0.0,0.8571428571428571,0.0,0.6,75,44,0.5866666666666667,5510.786666666667,7918.09090909091,3,7,3,0.0,0.0,21.84090909090909,54.20454545454545,45.0,58.064516129032256,0.04,0.6666666666666666,0,0.5,0.0,0.5,0.6129032258064516,1.0,0.3333333333333333,0.0,0.0,0.0,0.0,0.0,0.5,0.5,0.5,0.0,0.8181818181818182,0.0,0.5686274509803921,6.349206349206549E-4,-12
5bdc054f-1cfa-5b61-a578-b9ec0aa9a5e4,Valencia,family_weekend_exhibition,56,23,0.4107142857142857,4078.5535714285716,6962.217391304348,3,4,3,0.0,0.0,12.26086956521739,56.73913043478261,45.0,60.0,0.125,0.2857142857142857,0,0.125,0.0,0.25,0.5128205128205128,0.2,0.0,0.0,0.0,0.0,0.0,0.0,0.0,0.0,0.6666666666666666,0.0,0.6666666666666666,0.0,0.4444444444444444,70,31,0.44285714285714284,4396.5142857142855,7221.83870967742,3,4,4,0.0,0.0,27.12903225806452,56.61290322580645,45.0,58.84615384615385,0.11428571428571428,0.25,0,0.125,0.0,0.2,0.5490196078431373,0.2,0.0,0.0,0.0,0.0,0.0,0.0,0.0,0.0,0.5,0.0,0.7142857142857143,0.0,0.4864864864864865,-0.03214285714285714,-14
5c3975fb-035b-4c72-9ce6-f5b54887395d,,,4,2,0.5,1174.75,1638.5,2,1,2,0.0,0.0,3.0,45.0,45.0,67.5,0.0,0.0,3,0.0,1.0,0.0,0.0,0.0,0.0,0.0,0.0,0.0,1.0,0.0,0.0,0.0,0.0,0.0,0.0,0.0,0.0,4,2,0.5,1174.75,1638.5,2,1,2,0.0,0.0,3.0,45.0,45.0,67.5,0.0,0.0,3,0.0,1.0,0.0,0.0,0.0,0.0,0.0,0.0,0.0,1.0,0.0,0.0,0.0,0.0,0.0,0.0,0.0,0.0,0.0,0
5ef45c4c-bc84-5992-8a9b-e64cbf5ac86a,Valencia,family_weekend_exhibition,49,24,0.4897959183673469,5304.530612244897,8692.333333333332,4,6,4,0.0,0.0,12.208333333333334,56.25,45.0,55.8,0.061224489795918366,0.3333333333333333,0,0.6666666666666666,1.0,0.2,0.5428571428571428,1.0,0.5,0.0,0.0,0.0,1.0,0.0,0.0,0.5,0.0,0.0,0.3333333333333333,0.0,0.6153846153846154,61,30,0.4918032786885246,5281.131147540984,8594.500000000002,4,7,5,0.0,0.0,20.100000000000005,57.00000000000001,45.0,53.70967741935484,0.06557377049180328,0.5,0,0.6666666666666666,1.0,0.23076923076923078,0.5454545454545454,1.0,0.5,0.0,0.0,0.0,1.0,0.0,0.0,0.5,0.14285714285714285,0.0,0.3076923076923077,0.0,0.6451612903225806,-0.0020073603211776536,-12
605aea32-8bd6-5094-8b7b-7cc83a979e56,Valencia,music_pop_rock_local,70,39,0.5571428571428572,5719.757142857144,8605.69230769231,3,5,8,0.0,0.0,14.820512820512821,53.84615384615385,45.0,59.516129032258064,0.02857142857142857,0.0,0,0.6666666666666666,0.0,0.3333333333333333,0.4375,0.7241379310344828,0.5384615384615384,0.0,0.0,0.0,0.0,0.0,1.0,0.0,0.3,0.0,0.0,0.0,0.4375,87,51,0.5862068965517241,5847.712643678161,8498.176470588234,4,7,9,0.0,0.0,25.627450980392158,55.29411764705882,45.0,58.75,0.034482758620689655,0.3333333333333333,0,0.660377358490566,1.0,0.4375,0.47058823529411764,0.7428571428571429,0.5,0.0,0.0,0.0,1.0,0.0,1.0,0.5,0.3333333333333333,0.0,0.0,0.0,0.47058823529411764,-0.029064039408866926,-17
609bca95-9baa-5bd0-b683-6baea25fd4a5,Madrid,culture_theatre_explorer,65,38,0.5846153846153846,6336.584615384615,9207.657894736843,3,7,4,0.0,0.0,13.578947368421055,51.315789473684205,45.0,58.333333333333336,0.2,0.46153846153846156,0,0.4375,0.0,0.7222222222222222,0.4166666666666667,0.4444444444444444,0.42857142857142855,0.0,0.0,0.0,0.0,0.0,0.5714285714285714,0.6666666666666666,0.8,0.0,1.0,0.0,0.36363636363636365,86,51,0.5930232558139535,6496.674418604651,9312.411764705881,3,7,4,0.0,0.0,26.568627450980394,50.58823529411766,45.0,63.0,0.2441860465116279,0.42857142857142855,0,0.42105263157894735,0.0,0.7142857142857143,0.47058823529411764,0.5,0.3333333333333333,0.0,0.0,0.0,0.0,0.0,0.6,0.5833333333333334,0.8148148148148148,0.0,1.0,0.0,0.4375,-0.008407871198568895,-21
60c0c4a8-a50c-5657-9364-6fef72330c01,Barcelona,family_weekend_exhibition,58,28,0.4827586206896552,5456.482758620689,9274.392857142857,3,6,4,0.0,0.0,12.249999999999998,54.642857142857146,45.0,57.0,0.10344827586206896,0.5,0,0.14285714285714285,0.0,0.36363636363636365,0.5897435897435898,0.25,0.0,0.0,0.0,0.0,0.0,0.0,0.5,1.0,0.14285714285714285,0.0,0.5555555555555556,0.0,0.6,71,36,0.5070422535211268,5498.140845070422,8956.97222222222,3,6,4,0.0,0.0,23.16666666666667,55.00000000000001,45.0,57.857142857142854,0.09859154929577464,0.5714285714285714,0,0.14285714285714285,0.0,0.3076923076923077,0.62,0.25,0.0,0.0,0.0,0.0,0.0,0.0,0.3333333333333333,0.6666666666666666,0.14285714285714285,0.0,0.6153846153846154,0.0,0.6216216216216216,-0.024283632831471558,-13
6154b63b-c23c-51c5-8968-ba273cae30b7,Barcelona,music_pop_rock_local,60,31,0.5166666666666667,5497.583333333335,8441.741935483873,3,4,3,0.0,0.0,13.903225806451614,65.32258064516128,45.0,68.27586206896551,0.06666666666666667,0.5,0,0.5510204081632653,0.0,0.2,0.6,0.5652173913043478,0.5384615384615384,0.0,0.0,0.0,0.0,0.0,0.0,0.0,0.25,0.0,0.0,0.0,0.6,71,40,0.5633802816901409,5698.929577464788,8298.449999999999,3,4,3,0.0,0.0,24.400000000000002,65.25000000000001,45.0,69.67741935483872,0.07042253521126761,0.6,0,0.5964912280701754,0.0,0.2,0.625,0.6296296296296297,0.5666666666666667,0.0,0.0,0.0,0.0,0.0,0.0,0.0,0.25,0.0,0.0,0.0,0.625,-0.04671361502347415,-11
627d70a4-949d-5fb4-b859-472d18fd9d74,Madrid,sports_basketball_traveler,39,6,0.15384615384615385,2868.641025641026,8270.5,3,3,2,0.0,0.0,13.166666666666666,75.0,90.0,73.63636363636364,0.07692307692307693,0.0,1,0.18181818181818182,0.0,0.25,0.13043478260869565,1.0,0.0,0.0,0.0,0.0,0.0,0.0,0.0,1.0,0.0,0.0,0.0,0.0,0.13636363636363635,48,9,0.1875,3031.0000000000005,7922.222222222222,3,5,2,0.0,0.0,25.666666666666664,80.0,90.0,71.53846153846155,0.08333333333333333,0.25,1,0.26666666666666666,0.0,0.4,0.1111111111111111,0.5,0.18181818181818182,0.0,0.0,0.0,0.0,0.0,1.0,1.0,0.0,0.0,0.0,0.0,0.12,-0.033653846153846145,-9
6430cc90-3511-5a5b-9633-3d83cbf36b4f,Valencia,broad_discovery_flexible,68,25,0.36764705882352944,4742.117647058823,8947.2,3,7,7,0.0,0.0,16.319999999999997,64.8,45.0,65.93023255813954,0.20588235294117646,0.2857142857142857,0,0.32,0.0,0.375,0.4230769230769231,0.45454545454545453,0.21428571428571427,0.0,0.0,0.0,0.0,0.0,0.5,0.3333333333333333,0.3333333333333333,0.0,1.0,0.0,0.4,92,32,0.34782608695652173,4530.108695652174,8652.8125,3,7,7,0.0,0.0,25.343750000000007,64.68750000000001,45.0,65.25,0.20652173913043478,0.3157894736842105,0,0.34375,0.0,0.3,0.38461538461538464,0.4666666666666667,0.23529411764705882,0.0,0.0,0.0,0.0,0.0,0.4,0.25,0.2727272727272727,0.0,1.0,0.0,0.3684210526315789,0.01982097186700771,-24
646f27ff-c393-58c9-ab83-094a4e1e4a72,Jerez de la Frontera,flamenco_world_madrid,62,22,0.3548387096774194,4829.193548387097,9323.636363636364,2,3,5,0.0,0.0,10.954545454545453,77.72727272727273,90.0,63.0,0.20967741935483872,0.5384615384615384,0,0.45454545454545453,0.0,0.0,0.18181818181818182,0.5294117647058824,0.4074074074074074,0.0,0.0,0.0,0.0,0.0,0.0,0.0,0.0,0.0,0.0,0.0,0.2,79,33,0.4177215189873418,5178.607594936709,9132.424242424244,2,3,5,0.0,0.0,28.787878787878785,76.81818181818183,90.0,61.630434782608695,0.20253164556962025,0.5625,0,0.5344827586206896,0.0,0.0,0.16666666666666666,0.5909090909090909,0.5,0.0,0.0,0.0,0.0,0.0,0.0,0.0,0.0,0.0,0.0,0.0,0.18181818181818182,-0.0628828093099224,-17
64f92a99-c081-522d-aab7-9f599d2022cf,Madrid,sports_basketball_traveler,48,22,0.4583333333333333,4192.958333333334,7061.0,3,5,4,0.0,0.0,14.454545454545455,79.77272727272728,90.0,69.8076923076923,0.041666666666666664,0.5,1,0.5789473684210527,0.0,0.4,0.375,0.375,0.7272727272727273,0.0,0.0,0.0,0.0,0.0,1.0,0.0,0.3333333333333333,0.0,0.0,0.0,0.375,63,26,0.4126984126984127,3954.380952380952,6873.923076923077,3,5,4,0.0,0.0,21.26923076923077,79.61538461538461,90.0,67.2972972972973,0.06349206349206349,0.25,1,0.52,0.0,0.25,0.3793103448275862,0.4444444444444444,0.5625,0.0,0.0,0.0,0.0,0.0,1.0,0.0,0.2,0.0,0.0,0.0,0.3793103448275862,0.04563492063492064,-15
653b1111-1063-522f-afb5-048b9e8f2a94,Malaga,flamenco_world_madrid,56,26,0.4642857142857143,5299.214285714285,8819.500000000002,4,6,5,0.0,0.0,13.03846153846154,70.96153846153847,90.0,60.5,0.19642857142857142,0.2727272727272727,1,0.59375,1.0,0.21428571428571427,0.3333333333333333,0.4666666666666667,0.7058823529411765,0.0,0.0,0.0,1.0,0.0,0.0,0.3333333333333333,0.2857142857142857,0.0,0.0,0.0,0.3333333333333333,69,31,0.4492753623188406,5042.927536231883,8741.0,4,6,5,0.0,0.0,22.967741935483872,71.12903225806451,90.0,63.15789473684211,0.18840579710144928,0.3076923076923077,1,0.6,1.0,0.2,0.23076923076923078,0.47058823529411764,0.6956521739130435,0.0,0.0,0.0,1.0,0.0,0.0,0.25,0.2857142857142857,0.0,0.0,0.0,0.23076923076923078,0.015010351966873725,-13
656094d4-41c9-5842-b345-c5a7093ec7d6,Valencia,family_weekend_exhibition,52,31,0.5961538461538461,5545.365384615385,7945.709677419355,2,3,3,0.0,0.0,14.322580645161292,58.064516129032256,45.0,51.42857142857143,0.1346153846153846,0.2857142857142857,0,0.3333333333333333,0.0,0.0,0.6818181818181818,0.0,1.0,0.0,0.0,0.0,0.0,0.0,0.0,0.0,0.0,0.0,0.9333333333333333,0.0,0.5517241379310345,66,38,0.5757575757575758,5378.318181818182,7980.526315789474,3,5,3,0.0,0.0,21.0,59.21052631578947,45.0,51.42857142857143,0.12121212121212122,0.25,0,0.5,0.0,0.16666666666666666,0.6363636363636364,0.3333333333333333,1.0,0.0,0.0,0.0,0.0,0.0,0.0,0.3333333333333333,0.0,0.0,0.8235294117647058,0.0,0.5526315789473685,0.020396270396270344,-14
682dadde-be4c-54fd-97af-de6b155e2728,Palma de Mallorca,sports_basketball_traveler,37,9,0.24324324324324326,3254.1621621621616,7048.666666666666,2,3,3,0.0,0.0,11.88888888888889,75.0,90.0,62.67857142857143,0.02702702702702703,0.0,0,0.21428571428571427,0.0,0.0,0.3157894736842105,0.16666666666666666,0.25,0.0,0.0,0.0,0.0,0.0,0.0,0.0,0.0,0.0,0.0,0.0,0.3333333333333333,45,11,0.24444444444444444,3229.0666666666666,6988.181818181819,2,3,3,0.0,0.0,21.27272727272727,77.72727272727273,90.0,63.52941176470588,0.022222222222222223,0.0,0,0.21052631578947367,0.0,0.0,0.3181818181818182,0.2,0.2222222222222222,0.0,0.0,0.0,0.0,0.0,0.0,0.0,0.0,0.0,0.0,0.0,0.3333333333333333,-0.0012012012012011797,-8
6b84e018-e4b0-573c-b685-9d9ba191efda,Barcelona,broad_discovery_flexible,64,22,0.34375,4652.328125,9156.863636363638,3,5,4,0.0,0.0,12.181818181818182,65.45454545454545,45.0,60.00000000000001,0.171875,0.18181818181818182,0,0.42105263157894735,0.0,0.1,0.38235294117647056,0.5555555555555556,0.3,0.0,0.0,0.0,0.0,0.0,0.0,0.0,0.3333333333333333,0.0,0.5,0.0,0.36666666666666664,83,31,0.37349397590361444,4936.831325301205,9442.516129032258,3,5,4,0.0,0.0,26.51612903225806,63.870967741935495,45.0,59.13461538461537,0.1686746987951807,0.2857142857142857,0,0.44,0.0,0.07692307692307693,0.4318181818181818,0.5833333333333334,0.3076923076923077,0.0,0.0,0.0,0.0,0.0,0.0,0.0,0.25,0.0,0.5,0.0,0.425,-0.02974397590361444,-19
6ddd35ca-6aa5-5134-912e-3e01d97421cf,Malaga,flamenco_world_madrid,61,25,0.4098360655737705,4823.2786885245905,8575.76,2,3,4,0.0,0.0,14.64,81.0,90.0,67.91666666666666,0.22950819672131148,0.6428571428571429,0,0.5227272727272727,0.0,0.0,0.16666666666666666,0.4,0.5862068965517241,0.0,0.0,0.0,0.0,0.0,0.0,0.0,0.0,0.0,0.0,0.0,0.16666666666666666,75,29,0.38666666666666666,4724.453333333333,8674.58620689655,3,4,4,0.0,0.0,23.44827586206897,82.24137931034483,90.0,68.80434782608695,0.2,0.6,0,0.52,0.0,0.09090909090909091,0.15384615384615385,0.375,0.5882352941176471,0.0,0.0,0.0,0.0,0.0,0.2,0.0,0.0,0.0,0.0,0.0,0.15384615384615385,0.023169398907103844,-14
6f9a5778-56e6-5c0f-b1b3-62c8b94eb0e4,Madrid,family_weekend_exhibition,49,31,0.6326530612244898,5897.87755102041,8228.935483870968,2,4,3,0.0,0.0,11.516129032258064,46.45161290322581,45.0,55.833333333333336,0.12244897959183673,0.16666666666666666,0,0.0,0.0,0.7272727272727273,0.696969696969697,0.0,0.0,0.0,0.0,0.0,0.0,0.0,0.0,1.0,0.5714285714285714,0.0,0.7,0.0,0.6956521739130435,63,41,0.6507936507936508,6307.555555555556,8599.829268292684,3,5,4,0.0,0.0,24.92682926829269,46.09756097560975,45.0,55.90909090909091,0.1111111111111111,0.2857142857142857,0,0.0,1.0,0.6428571428571429,0.7209302325581395,0.0,0.0,0.0,0.0,0.0,1.0,0.0,0.0,1.0,0.5555555555555556,0.0,0.6666666666666666,0.0,0.7419354838709677,-0.01814058956916098,-14
71be7efe-ca62-580d-86a8-2701184e4fc8,Madrid,culture_theatre_explorer,58,29,0.5,5102.810344827586,8133.9655172413795,3,6,3,0.0,0.0,12.999999999999998,54.3103448275862,45.0,62.068965517241374,0.2413793103448276,0.7857142857142857,0,0.25,0.0,0.5555555555555556,0.5384615384615384,0.25,0.25,0.0,0.0,0.0,0.0,0.0,0.5,0.5454545454545454,0.6,0.0,0.0,0.0,0.5384615384615384,62,31,0.5,5050.822580645162,8064.129032258064,3,6,3,0.0,0.0,16.838709677419356,53.70967741935484,45.0,62.41935483870968,0.24193548387096775,0.7333333333333333,0,0.25,0.0,0.5789473684210527,0.4666666666666667,0.25,0.25,0.0,0.0,0.0,0.0,0.0,0.5,0.5454545454545454,0.6470588235294118,0.0,0.0,0.0,0.4666666666666667,0.0,-4
73ec871e-0cfc-51bc-8d40-bc88d29feaa4,Barcelona,broad_discovery_flexible,69,25,0.36231884057971014,4411.565217391304,8291.719999999998,3,7,4,0.0,0.0,15.28,67.2,90.0,64.43181818181819,0.11594202898550725,0.5,0,0.35,0.0,0.3888888888888889,0.3548387096774194,0.3333333333333333,0.35714285714285715,0.0,0.0,0.0,0.0,0.0,0.3333333333333333,1.0,0.25,0.0,1.0,0.0,0.3333333333333333,94,37,0.39361702127659576,4728.031914893615,8471.08108108108,4,8,5,0.0,0.0,31.702702702702712,67.29729729729733,90.0,65.52631578947367,0.11702127659574468,0.45454545454545453,0,0.3125,1.0,0.4,0.43902439024390244,0.3333333333333333,0.30434782608695654,0.0,0.0,0.0,1.0,0.0,0.3333333333333333,1.0,0.2857142857142857,0.0,1.0,0.0,0.41025641025641024,-0.031298180696885614,-25
76027228-5ec4-577d-9a2b-1f9877fc07cf,Barcelona,music_pop_rock_local,52,28,0.5384615384615384,5634.711538461538,8562.5,3,4,5,0.0,0.0,14.892857142857142,70.71428571428572,90.0,69.375,0.1346153846153846,0.42857142857142855,1,0.5641025641025641,1.0,0.7142857142857143,0.0,0.47058823529411764,0.6363636363636364,0.0,0.0,0.0,1.0,0.0,0.0,0.0,0.7142857142857143,0.0,0.0,0.0,0.0,69,35,0.5072463768115942,5355.536231884059,8370.457142857145,4,5,5,0.0,0.0,24.97142857142857,72.0,90.0,67.5,0.11594202898550725,0.375,1,0.5510204081632653,1.0,0.5555555555555556,0.2,0.4782608695652174,0.6153846153846154,0.0,0.0,0.0,1.0,0.0,0.0,0.0,0.625,0.0,0.0,0.0,0.2,0.0312151616499442,-17
763cb76b-376a-50ae-9c6e-441b1c183fda,Madrid,family_weekend_exhibition,56,35,0.625,5495.857142857142,7673.828571428571,3,6,4,0.0,0.0,14.857142857142854,50.14285714285715,45.0,60.0,0.07142857142857142,0.25,0,0.0,1.0,0.5,0.6382978723404256,0.0,0.0,0.0,0.0,0.0,1.0,0.0,1.0,1.0,0.3333333333333333,0.0,0.8333333333333334,0.0,0.5714285714285714,74,45,0.6081081081081081,5478.0270270270275,7705.977777777776,4,7,4,0.0,0.0,23.955555555555563,50.0,45.0,60.51724137931034,0.06756756756756757,0.4,0,0.6666666666666666,1.0,0.42857142857142855,0.6428571428571429,1.0,0.0,0.0,0.0,0.0,1.0,0.0,0.5,1.0,0.2222222222222222,0.0,0.8461538461538461,0.0,0.5813953488372093,0.016891891891891886,-18
76d4bbf8-f5e8-55d1-9ea4-c97e7760ee65,Madrid,family_weekend_exhibition,54,32,0.5925925925925926,5140.74074074074,7525.125,4,6,4,0.0,0.0,13.15625,56.24999999999999,45.0,61.36363636363637,0.12962962962962962,0.42857142857142855,0,0.5,1.0,0.8,0.5681818181818182,0.0,0.5,0.0,0.0,0.0,1.0,0.0,0.0,1.0,1.0,0.0,0.5833333333333334,0.0,0.5625,71,41,0.5774647887323944,5242.845070422533,7776.8536585365855,4,7,4,0.0,0.0,23.146341463414625,54.87804878048781,45.0,58.49999999999999,0.09859154929577464,0.42857142857142855,0,0.6666666666666666,1.0,0.75,0.5357142857142857,1.0,0.6,0.0,0.0,0.0,1.0,0.0,0.0,1.0,0.6666666666666666,0.0,0.5625,0.0,0.525,0.015127803860198186,-17
78c603cb-d3c2-5bec-acae-9e8715f17d97,Barcelona,family_weekend_exhibition,61,37,0.6065573770491803,5880.081967213115,8287.486486486487,3,5,4,0.0,0.0,13.45945945945946,53.51351351351352,45.0,60.0,0.09836065573770492,0.6666666666666666,0,0.3333333333333333,0.0,0.3,0.7272727272727273,0.3333333333333333,0.3333333333333333,0.0,0.0,0.0,0.0,0.0,0.0,0.0,0.42857142857142855,0.0,0.8,0.0,0.6896551724137931,81,46,0.5679012345679012,5680.395061728396,8436.347826086956,3,6,4,0.0,0.0,22.58695652173913,55.76086956521739,45.0,57.85714285714285,0.1111111111111111,0.4444444444444444,0,0.3333333333333333,0.0,0.3076923076923077,0.6724137931034483,0.2,0.5,0.0,0.0,0.0,0.0,0.0,0.3333333333333333,0.0,0.42857142857142855,0.0,0.7058823529411765,0.0,0.6585365853658537,0.03865614248127913,-20
7911cac4-ecdf-569d-af81-7bfacb92ff0a,Barcelona,family_weekend_exhibition,43,29,0.6744186046511628,5743.023255813953,7394.482758620689,3,6,3,0.0,0.0,12.96551724137931,62.068965517241374,45.0,57.85714285714286,0.09302325581395349,0.5,0,0.5,0.0,0.7142857142857143,0.6764705882352942,0.5,0.0,0.0,0.0,0.0,0.0,0.0,1.0,0.6666666666666666,0.6666666666666666,0.0,0.5714285714285714,0.0,0.7037037037037037,57,37,0.6491228070175439,5812.6315789473665,7714.891891891893,4,7,4,0.0,0.0,25.135135135135144,58.37837837837838,45.0,58.5,0.10526315789473684,0.6666666666666666,0,0.3333333333333333,1.0,0.625,0.6666666666666666,0.3333333333333333,0.0,0.0,0.0,0.0,1.0,0.0,0.5,0.6666666666666666,0.6666666666666666,0.0,0.7692307692307693,0.0,0.625,0.02529579763361889,-14
795a4663-3124-5e24-bfa2-cadaaac1bb17,Malaga,flamenco_world_madrid,57,31,0.543859649122807,5718.80701754386,8796.322580645165,3,4,5,0.0,0.0,11.516129032258064,79.83870967741936,90.0,69.8076923076923,0.2631578947368421,0.3333333333333333,0,0.6363636363636364,0.0,0.14285714285714285,0.3333333333333333,0.4166666666666667,0.71875,0.0,0.0,0.0,0.0,0.0,0.0,0.0,0.3333333333333333,0.0,0.0,0.0,0.3333333333333333,77,44,0.5714285714285714,5950.922077922076,8868.636363636364,3,4,5,0.0,0.0,27.113636363636367,76.70454545454545,90.0,70.00000000000001,0.23376623376623376,0.4444444444444444,0,0.6612903225806451,0.0,0.125,0.3333333333333333,0.5294117647058824,0.7111111111111111,0.0,0.0,0.0,0.0,0.0,0.0,0.0,0.25,0.0,0.0,0.0,0.3333333333333333,-0.027568922305764354,-20
796f4fa2-c813-54c0-b0c7-e55c22c2f317,Barcelona,broad_discovery_flexible,54,14,0.25925925925925924,3610.5370370370374,7862.0,3,5,4,0.0,0.0,16.71428571428571,61.07142857142857,45.0,58.875,0.12962962962962962,0.2857142857142857,2,0.2777777777777778,0.0,0.15384615384615385,0.3181818181818182,0.375,0.2,0.0,0.0,0.0,0.0,0.0,0.3333333333333333,0.25,0.0,0.0,0.0,0.0,0.4117647058823529,65,18,0.27692307692307694,3750.215384615385,7975.722222222223,3,6,4,0.0,0.0,26.499999999999996,60.0,45.0,58.72340425531916,0.13846153846153847,0.2222222222222222,2,0.23809523809523808,0.0,0.25,0.3333333333333333,0.3333333333333333,0.16666666666666666,0.0,0.0,0.0,0.0,0.0,0.5,0.2,0.14285714285714285,0.0,0.0,0.0,0.42857142857142855,-0.017663817663817694,-11
7bb6371a-c78b-59d9-82b9-5adbdceb19d5,Barcelona,broad_discovery_flexible,49,19,0.3877551020408163,4734.1632653061215,8954.631578947368,3,5,5,0.0,0.0,11.842105263157896,63.94736842105263,45.0,61.50000000000001,0.12244897959183673,0.6666666666666666,0,0.75,0.0,0.18181818181818182,0.23809523809523808,0.8333333333333334,0.7,0.0,0.0,0.0,0.0,0.0,0.25,0.5,0.0,0.0,0.0,0.0,0.2631578947368421,65,21,0.3230769230769231,4395.461538461537,9157.095238095239,3,6,5,0.0,0.0,14.714285714285715,62.142857142857146,45.0,57.27272727272727,0.09230769230769231,0.6666666666666666,0,0.65,0.0,0.17647058823529413,0.18518518518518517,0.6,0.7,0.0,0.0,0.0,0.0,0.0,0.25,0.25,0.1111111111111111,0.0,0.0,0.0,0.2,0.06467817896389322,-16
7ce0dfa6-39a4-51a4-8114-9d2720b0bb5b,Barcelona,culture_theatre_explorer,50,23,0.46,5696.0199999999995,9760.173913043478,3,6,3,0.0,0.0,14.391304347826088,56.73913043478261,45.0,58.33333333333333,0.32,0.375,0,0.4,0.0,0.5384615384615384,0.3888888888888889,0.25,1.0,0.0,0.0,0.0,0.0,0.0,0.3333333333333333,0.375,0.75,0.0,0.0,0.0,0.3888888888888889,72,32,0.4444444444444444,5504.097222222222,9547.84375,3,6,3,0.0,0.0,30.218749999999996,59.53124999999999,45.0,60.75,0.3055555555555556,0.3181818181818182,0,0.3333333333333333,0.0,0.5263157894736842,0.375,0.2,0.5,0.0,0.0,0.0,0.0,0.0,0.5,0.3333333333333333,0.6875,0.0,0.0,0.0,0.375,0.0155555555555556,-22
7d079da7-6809-51d2-bcde-eb6bdb6e4bee,Madrid,family_weekend_exhibition,51,36,0.7058823529411765,5898.980392156863,7392.388888888889,3,6,3,0.0,0.0,14.222222222222221,52.5,45.0,60.0,0.1568627450980392,0.625,0,0.6666666666666666,0.0,0.7142857142857143,0.7297297297297297,0.6666666666666666,0.6666666666666666,0.0,0.0,0.0,0.0,0.0,0.0,1.0,0.6666666666666666,0.0,0.9,0.0,0.6666666666666666,65,44,0.676923076923077,5656.876923076922,7369.045454545455,3,6,3,0.0,0.0,22.249999999999996,51.13636363636364,45.0,60.00000000000001,0.12307692307692308,0.625,0,0.5,0.0,0.75,0.717391304347826,0.6,0.4,0.0,0.0,0.0,0.0,0.0,0.0,1.0,0.7142857142857143,0.0,0.9333333333333333,0.0,0.6129032258064516,0.028959276018099556,-14
80d38396-04ae-502d-8e75-afef50cb2f22,Madrid,flamenco_world_madrid,55,25,0.45454545454545453,5203.745454545456,8512.04,4,5,4,0.0,0.0,15.560000000000004,72.0,90.0,73.5,0.34545454545454546,0.47368421052631576,0,0.5789473684210527,1.0,0.14285714285714285,0.1111111111111111,0.7,0.5357142857142857,0.0,0.0,0.0,1.0,0.0,0.0,0.0,0.25,0.0,0.0,0.0,0.1111111111111111,64,30,0.46875,5380.703125000002,8763.066666666664,4,5,4,0.0,0.0,21.099999999999994,75.00000000000001,90.0,72.79411764705883,0.34375,0.45454545454545453,0,0.5869565217391305,1.0,0.14285714285714285,0.1,0.6363636363636364,0.5714285714285714,0.0,0.0,0.0,1.0,0.0,0.0,0.0,0.25,0.0,0.0,0.0,0.1,-0.01420454545454547,-9
81340792-3b82-5249-ab89-c6c7c09895a3,Barcelona,family_weekend_exhibition,68,42,0.6176470588235294,5997.735294117647,8349.904761904761,3,6,3,0.0,0.0,14.0,57.85714285714286,45.0,55.96153846153845,0.17647058823529413,0.8333333333333334,0,0.5714285714285714,0.0,0.375,0.6730769230769231,0.75,0.3333333333333333,0.0,0.0,0.0,0.0,0.0,1.0,0.0,0.5,0.0,0.7,0.0,0.6666666666666666,76,46,0.6052631578947368,5923.868421052633,8355.695652173914,3,7,4,0.0,0.0,18.52173913043478,57.71739130434783,45.0,57.5,0.15789473684210525,0.8333333333333334,0,0.5714285714285714,0.0,0.4,0.6551724137931034,0.75,0.3333333333333333,0.0,0.0,0.0,0.0,0.0,1.0,0.25,0.4,0.0,0.7,0.0,0.6458333333333334,0.012383900928792602,-8
849adf7e-db26-541a-8ad6-e58cd327beb1,Barcelona,culture_theatre_explorer,54,27,0.5,5626.7037037037035,8933.407407407409,2,4,2,0.0,0.0,11.962962962962962,55.55555555555556,45.0,65.00000000000001,0.24074074074074073,0.46153846153846156,0,0.0,0.0,0.6,0.4,0.0,0.0,0.0,0.0,0.0,0.0,0.0,0.5,0.6666666666666666,0.6111111111111112,0.0,0.0,0.0,0.4,69,32,0.463768115942029,5372.362318840581,8841.906250000002,2,4,2,0.0,0.0,21.156249999999996,55.3125,45.0,62.027027027027025,0.21739130434782608,0.4666666666666667,0,0.0,0.0,0.5652173913043478,0.375,0.0,0.0,0.0,0.0,0.0,0.0,0.0,0.5,0.5833333333333334,0.5833333333333334,0.0,0.0,0.0,0.375,0.03623188405797101,-15
85a5df6d-1d42-588d-886f-cde4864036e9,Barcelona,music_pop_rock_local,60,34,0.5666666666666667,5912.049999999999,8615.117647058825,3,4,7,0.0,0.0,11.382352941176471,62.205882352941174,45.0,64.03846153846153,0.11666666666666667,0.2857142857142857,0,0.6170212765957447,0.0,0.4,0.42857142857142855,0.7037037037037037,0.5,0.0,0.0,0.0,0.0,0.0,0.0,0.0,0.5,0.0,0.0,0.0,0.42857142857142855,74,38,0.5135135135135135,5530.270270270271,8652.947368421053,3,4,8,0.0,0.0,17.447368421052637,61.578947368421055,45.0,63.74999999999999,0.10810810810810811,0.25,0,0.5689655172413793,0.0,0.4,0.3,0.6666666666666666,0.44,0.0,0.0,0.0,0.0,0.0,0.0,0.0,0.5,0.0,0.0,0.0,0.3,0.053153153153153165,-14
870659a6-f031-5ef2-a015-d2e46bbd73de,Barcelona,music_pop_rock_local,60,27,0.45,5166.1,8513.11111111111,3,5,4,0.0,0.0,14.592592592592597,65.0,45.0,65.90909090909089,0.11666666666666667,0.5714285714285714,0,0.47619047619047616,0.0,0.4,0.4166666666666667,0.47619047619047616,0.47619047619047616,0.0,0.0,0.0,0.0,0.0,1.0,0.0,0.25,0.0,0.0,0.0,0.4166666666666667,74,37,0.5,5413.378378378378,8416.567567567568,3,5,5,0.0,0.0,28.2972972972973,65.67567567567568,45.0,64.86486486486486,0.0945945945945946,0.5714285714285714,0,0.5555555555555556,0.0,0.4,0.35714285714285715,0.5555555555555556,0.5555555555555556,0.0,0.0,0.0,0.0,0.0,1.0,0.0,0.25,0.0,0.0,0.0,0.35714285714285715,-0.04999999999999999,-14
8981afb2-e468-5c52-993a-977ecca918f5,Jerez de la Frontera,flamenco_world_madrid,55,24,0.43636363636363634,4857.1272727272735,8524.458333333332,3,4,3,0.0,0.0,17.083333333333332,75.0,90.0,62.903225806451616,0.16363636363636364,0.1111111111111111,0,0.5882352941176471,0.0,0.125,0.23076923076923078,0.6,0.5833333333333334,0.0,0.0,0.0,0.0,0.0,0.5,0.0,0.0,0.0,0.0,0.0,0.25,72,31,0.4305555555555556,4964.611111111111,8783.709677419354,3,5,3,0.0,0.0,29.032258064516135,75.48387096774194,90.0,61.09756097560976,0.18055555555555555,0.15384615384615385,0,0.5813953488372093,0.0,0.18181818181818182,0.23529411764705882,0.5,0.6206896551724138,0.0,0.0,0.0,0.0,0.0,0.5,0.25,0.0,0.0,0.0,0.0,0.25,0.005808080808080762,-17
8b215ae1-f49d-52e0-8836-26264e491054,Valencia,music_pop_rock_local,60,28,0.4666666666666667,5284.016666666667,8867.82142857143,3,5,4,0.0,0.0,12.85714285714286,61.07142857142857,45.0,66.09374999999999,0.06666666666666667,0.5,0,0.4782608695652174,0.0,0.42857142857142855,0.5,0.48,0.47619047619047616,0.0,0.0,0.0,0.0,0.0,0.0,0.6666666666666666,0.25,0.0,0.0,0.0,0.5,84,39,0.4642857142857143,5267.77380952381,8847.076923076924,3,5,5,0.0,0.0,27.333333333333336,61.15384615384615,45.0,68.0,0.07142857142857142,0.3333333333333333,0,0.5079365079365079,0.0,0.4,0.3,0.53125,0.4838709677419355,0.0,0.0,0.0,0.0,0.0,0.0,0.5,0.3333333333333333,0.0,0.0,0.0,0.3,0.0023809523809523725,-24
8f62e509-cd34-5780-9fd3-cf6b9f0b64a9,Valencia,family_weekend_exhibition,54,29,0.5370370370370371,5124.648148148148,7804.0,2,3,3,0.0,0.0,13.413793103448276,60.51724137931034,45.0,50.4,0.018518518518518517,1.0,0,0.0,0.0,0.4,0.627906976744186,0.0,0.0,0.0,0.0,0.0,0.0,0.0,0.0,0.6666666666666666,0.0,0.0,0.5833333333333334,0.0,0.6451612903225806,69,38,0.5507246376811594,5178.565217391304,7765.578947368422,2,3,3,0.0,0.0,25.18421052631579,61.578947368421055,45.0,50.806451612903224,0.043478260869565216,0.6666666666666666,0,0.0,0.0,0.3333333333333333,0.631578947368421,0.0,0.0,0.0,0.0,0.0,0.0,0.0,0.0,0.6666666666666666,0.0,0.0,0.5714285714285714,0.0,0.6511627906976745,-0.013687600644122333,-15
93edb01e-f594-57ff-bc44-93f746657632,Malaga,culture_theatre_explorer,50,34,0.68,6815.180000000001,8886.088235294117,4,6,3,0.0,0.0,15.235294117647062,46.764705882352935,45.0,56.25,0.22,0.6363636363636364,0,0.5,1.0,0.6764705882352942,0.6923076923076923,0.0,0.5,0.0,0.0,0.0,1.0,0.0,0.25,0.8333333333333334,0.7083333333333334,0.0,0.0,0.0,0.6923076923076923,64,39,0.609375,6415.875,8978.102564102566,4,6,3,0.0,0.0,21.743589743589745,47.69230769230769,45.0,61.2,0.203125,0.6153846153846154,0,0.25,1.0,0.6363636363636364,0.6,0.0,0.3333333333333333,0.0,0.0,0.0,1.0,0.0,0.25,0.875,0.6785714285714286,0.0,0.0,0.0,0.6,0.07062500000000005,-14
950f9e04-b9db-5534-ae37-b929067de532,Madrid,broad_discovery_flexible,60,28,0.4666666666666667,5193.166666666666,8733.642857142859,4,8,4,0.0,0.0,15.32142857142857,53.57142857142857,45.0,63.28124999999999,0.31666666666666665,0.3684210526315789,0,0.3333333333333333,1.0,0.4117647058823529,0.6190476190476191,0.42857142857142855,0.2857142857142857,0.0,0.0,0.0,1.0,0.0,0.25,0.5,0.4444444444444444,0.0,0.5,0.0,0.631578947368421,83,38,0.4578313253012048,5110.566265060241,8667.868421052632,4,8,5,0.0,0.0,28.157894736842103,53.68421052631579,45.0,66.00000000000001,0.26506024096385544,0.36363636363636365,0,0.3103448275862069,1.0,0.45454545454545453,0.5806451612903226,0.4,0.2631578947368421,0.0,0.0,0.0,1.0,0.0,0.25,0.42857142857142855,0.5454545454545454,0.0,0.3333333333333333,0.0,0.6071428571428571,0.00883534136546188,-23
9bd9c688-b96d-5d36-be07-ec6f4ad8e4e0,Madrid,broad_discovery_flexible,62,19,0.3064516129032258,3890.7258064516136,8164.473684210526,3,6,4,0.0,0.0,14.578947368421053,61.57894736842105,45.0,58.6046511627907,0.22580645161290322,0.35714285714285715,0,0.4,0.0,0.3157894736842105,0.25925925925925924,0.5,0.3333333333333333,0.0,0.0,0.0,0.0,0.0,0.2,0.25,0.4,0.0,0.0,0.0,0.2692307692307692,71,23,0.323943661971831,4125.718309859155,8567.95652173913,3,6,4,0.0,0.0,22.8695652173913,60.65217391304348,45.0,57.5,0.19718309859154928,0.35714285714285715,0,0.375,0.0,0.30434782608695654,0.3225806451612903,0.5,0.3,0.0,0.0,0.0,0.0,0.0,0.16666666666666666,0.25,0.38461538461538464,0.0,0.0,0.0,0.3333333333333333,-0.017492049068605187,-9
a28e75d4-bb40-5a3c-ace0-4ffa48f50c57,Madrid,culture_theatre_explorer,58,32,0.5517241379310345,6476.137931034483,9899.625,4,7,4,0.0,0.0,12.874999999999998,52.03125,45.0,53.65384615384615,0.3448275862068966,0.55,0,0.5714285714285714,1.0,0.6388888888888888,0.2857142857142857,0.4,1.0,0.0,0.0,0.0,1.0,0.0,0.42857142857142855,0.6,0.7368421052631579,0.0,0.0,0.0,0.2857142857142857,73,43,0.589041095890411,6643.164383561643,9691.046511627905,4,7,5,0.0,0.0,26.09302325581395,53.72093023255814,45.0,52.5,0.3150684931506849,0.6086956521739131,0,0.7,1.0,0.6444444444444445,0.35294117647058826,0.5,1.0,0.0,0.0,0.0,1.0,0.0,0.5,0.6666666666666666,0.6956521739130435,0.0,0.0,0.0,0.35294117647058826,-0.03731695795937651,-15
a7227db7-1e12-5236-bf51-bfd67589798f,Barcelona,culture_theatre_explorer,59,36,0.6101694915254238,6362.9152542372885,9059.0,3,6,4,0.0,0.0,14.194444444444445,55.416666666666664,45.0,54.78260869565217,0.23728813559322035,0.7142857142857143,0,0.5714285714285714,0.0,0.7368421052631579,0.3076923076923077,0.6666666666666666,0.5,0.0,0.0,0.0,0.0,0.0,0.7,0.8888888888888888,0.6842105263157895,0.0,0.0,0.0,0.3076923076923077,79,45,0.569620253164557,6213.886075949367,9236.311111111112,3,6,4,0.0,0.0,24.888888888888893,54.33333333333334,45.0,54.264705882352935,0.26582278481012656,0.6190476190476191,0,0.4,0.0,0.68,0.3888888888888889,0.4,0.4,0.0,0.0,0.0,0.0,0.0,0.7,0.75,0.6428571428571429,0.0,0.0,0.0,0.3888888888888889,0.04054923836086677,-20
a871ed93-adb2-52da-9cdc-66132c716b32,Madrid,music_pop_rock_local,55,33,0.6,6563.854545454546,9458.212121212122,3,5,4,0.0,0.0,11.636363636363637,66.81818181818181,45.0,60.0,0.14545454545454545,0.625,0,0.6578947368421053,0.0,0.3333333333333333,0.6,0.6470588235294118,0.6666666666666666,0.0,0.0,0.0,0.0,0.0,0.5,0.0,0.3333333333333333,0.0,0.0,0.0,0.6,69,41,0.5942028985507246,6436.188405797101,9276.39024390244,3,5,4,0.0,0.0,22.31707317073171,65.85365853658537,45.0,63.214285714285715,0.14492753623188406,0.6,0,0.6470588235294118,0.0,0.3333333333333333,0.5454545454545454,0.7272727272727273,0.5862068965517241,0.0,0.0,0.0,0.0,0.0,0.5,0.0,0.3333333333333333,0.0,0.0,0.0,0.6,0.005797101449275366,-14
aa07b645-379b-518f-8e51-889529955b64,Madrid,family_weekend_exhibition,49,31,0.6326530612244898,5926.408163265307,8033.129032258064,4,6,5,0.0,0.0,12.96774193548387,50.806451612903224,45.0,57.5,0.14285714285714285,0.7142857142857143,0,0.5,1.0,0.375,0.6944444444444444,1.0,0.0,0.0,0.0,0.0,1.0,0.0,0.0,0.6666666666666666,0.25,0.0,0.8,0.0,0.6774193548387096,69,47,0.6811594202898551,6078.811594202899,7795.702127659574,4,7,5,0.0,0.0,30.914893617021274,50.744680851063826,45.0,59.31818181818183,0.13043478260869565,0.7777777777777778,0,0.42857142857142855,1.0,0.5454545454545454,0.74,0.75,0.0,0.0,0.0,0.0,1.0,0.0,0.75,0.6666666666666666,0.25,0.0,0.9166666666666666,0.0,0.6842105263157895,-0.04850635906536527,-20
aadea47d-5e5d-5e4e-aa5d-214fd2796f7f,Malaga,broad_discovery_flexible,61,26,0.4262295081967213,4960.098360655738,8768.192307692307,3,7,5,0.0,0.0,12.46153846153846,60.57692307692308,45.0,64.28571428571429,0.18032786885245902,0.45454545454545453,0,0.56,0.0,0.3333333333333333,0.34782608695652173,0.5555555555555556,0.5625,0.0,0.0,0.0,0.0,0.0,0.3333333333333333,0.4,0.25,0.0,0.5,0.0,0.3333333333333333,83,34,0.40963855421686746,5105.75903614458,9253.764705882355,3,7,5,0.0,0.0,24.35294117647059,59.55882352941177,45.0,62.44897959183673,0.18072289156626506,0.4666666666666667,0,0.5151515151515151,0.0,0.3333333333333333,0.35294117647058826,0.5833333333333334,0.47619047619047616,0.0,0.0,0.0,0.0,0.0,0.3333333333333333,0.4,0.2857142857142857,0.0,0.25,0.0,0.36666666666666664,0.01659095397985383,-22
ab64c385-638e-56fe-9e6f-085ba599c49b,Jerez de la Frontera,flamenco_world_madrid,72,38,0.5277777777777778,5929.652777777778,9318.210526315788,3,4,5,0.0,0.0,13.05263157894737,79.3421052631579,90.0,76.76470588235294,0.19444444444444445,0.5,0,0.5892857142857143,0.0,0.5,0.2222222222222222,0.4166666666666667,0.6363636363636364,0.0,0.0,0.0,0.0,0.0,0.75,0.0,0.0,0.0,0.0,0.0,0.2222222222222222,82,42,0.5121951219512195,5876.2682926829275,9433.42857142857,3,4,5,0.0,0.0,17.71428571428572,79.28571428571429,90.0,77.625,0.1951219512195122,0.5,0,0.5692307692307692,0.0,0.42857142857142855,0.2222222222222222,0.38461538461538464,0.6153846153846154,0.0,0.0,0.0,0.0,0.0,0.75,0.0,0.0,0.0,0.0,0.0,0.2222222222222222,0.015582655826558267,-10
aba56f8a-7b73-503a-9650-0a9c8dda7172,Palma de Mallorca,sports_basketball_traveler,30,9,0.3,3625.7999999999997,7468.888888888889,2,3,3,0.0,0.0,17.22222222222222,75.0,90.0,66.42857142857143,0.16666666666666666,0.4,0,0.4,0.0,0.0,0.29411764705882354,0.6666666666666666,0.2857142857142857,0.0,0.0,0.0,0.0,0.0,0.0,0.0,0.0,0.0,0.0,0.0,0.29411764705882354,45,16,0.35555555555555557,4142.222222222223,8039.25,3,4,4,0.0,0.0,36.0625,70.3125,90.0,62.068965517241374,0.2222222222222222,0.4,0,0.5333333333333333,1.0,0.0,0.2916666666666667,0.7142857142857143,0.375,0.0,0.0,0.0,1.0,0.0,0.0,0.0,0.0,0.0,0.0,0.0,0.2916666666666667,-0.05555555555555558,-15
ad9d4225-31e8-5d80-a5d0-b90fc1e4e7d0,Madrid,music_pop_rock_local,73,43,0.589041095890411,5719.493150684932,8302.53488372093,3,6,4,0.0,0.0,12.69767441860465,69.06976744186046,90.0,67.49999999999999,0.0821917808219178,0.6666666666666666,0,0.6785714285714286,0.0,0.4,0.25,0.6538461538461539,0.7,0.0,0.0,0.0,0.0,0.0,0.0,0.5,0.5,0.0,1.0,0.0,0.18181818181818182,90,53,0.5888888888888889,5692.444444444443,8281.377358490565,4,7,6,0.0,0.0,23.301886792452827,67.92452830188678,90.0,66.89189189189189,0.06666666666666667,0.6666666666666666,0,0.6521739130434783,1.0,0.4,0.3333333333333333,0.6129032258064516,0.6842105263157895,0.0,0.0,0.0,1.0,0.0,0.0,0.5,0.5,0.0,1.0,0.0,0.2857142857142857,1.5220700152207556E-4,-17
adfb2c6e-231b-5f4e-a389-c1daa749b8ff,Jerez de la Frontera,flamenco_world_madrid,46,27,0.5869565217391305,6440.347826086958,9301.518518518518,3,6,4,0.0,0.0,11.777777777777777,76.66666666666666,90.0,67.10526315789473,0.2391304347826087,0.45454545454545453,0,0.5806451612903226,0.0,0.5,0.6666666666666666,0.3,0.7142857142857143,0.0,0.0,0.0,0.0,0.0,0.5,0.5,0.5,0.0,0.0,0.0,0.6666666666666666,73,42,0.5753424657534246,6325.23287671233,9300.57142857143,3,6,6,0.0,0.0,28.97619047619047,76.07142857142857,90.0,67.25806451612904,0.2054794520547945,0.4,0,0.6382978723404256,0.0,0.46153846153846156,0.5,0.42857142857142855,0.7272727272727273,0.0,0.0,0.0,0.0,0.0,0.4,0.6,0.3333333333333333,0.0,0.0,0.0,0.5,0.011614055985705862,-27
aea208d1-6919-5969-bb26-42eda9416163,Valencia,music_pop_rock_local,50,30,0.6,5669.180000000001,7810.333333333333,2,3,5,0.0,0.0,12.033333333333331,63.0,45.0,61.49999999999999,0.06,0.0,0,0.65,0.0,0.0,0.4,0.7037037037037037,0.5384615384615384,0.0,0.0,0.0,0.0,0.0,0.0,0.0,0.0,0.0,0.0,0.0,0.4,61,34,0.5573770491803278,5390.836065573771,7769.470588235295,3,4,5,0.0,0.0,18.852941176470587,63.529411764705884,45.0,60.55555555555556,0.04918032786885246,0.0,0,0.6041666666666666,0.0,0.5,0.4,0.625,0.5625,0.0,0.0,0.0,0.0,0.0,0.0,0.0,0.5,0.0,0.0,0.0,0.4,0.042622950819672156,-11
b1170d3e-1f39-58e0-b73a-79e3b92ef2f7,Madrid,music_pop_rock_local,55,34,0.6181818181818182,5907.818181818181,8094.764705882353,3,5,3,0.0,0.0,12.441176470588236,66.17647058823529,45.0,64.28571428571429,0.14545454545454545,0.75,0,0.75,0.0,0.2857142857142857,0.45454545454545453,0.7368421052631579,0.7647058823529411,0.0,0.0,0.0,0.0,0.0,0.0,0.3333333333333333,0.25,0.0,0.0,0.0,0.45454545454545453,75,47,0.6266666666666667,6320.466666666669,8650.297872340425,3,5,3,0.0,0.0,27.89361702127659,67.0212765957447,45.0,67.5,0.13333333333333333,0.7,0,0.7142857142857143,0.0,0.2857142857142857,0.45454545454545453,0.7407407407407407,0.6896551724137931,0.0,0.0,0.0,0.0,0.0,0.0,0.3333333333333333,0.25,0.0,0.0,0.0,0.45454545454545453,-0.00848484848484854,-20
b8041d35-f868-573b-a780-b07c65c6235a,Barcelona,music_pop_rock_local,60,29,0.48333333333333334,5200.583333333334,8356.448275862069,3,5,6,0.0,0.0,14.03448275862069,60.517241379310356,45.0,63.87096774193549,0.11666666666666667,0.42857142857142855,0,0.5,0.0,1.0,0.36363636363636365,0.5357142857142857,0.4444444444444444,0.0,0.0,0.0,0.0,0.0,0.0,1.0,1.0,0.0,0.0,0.0,0.36363636363636365,80,40,0.5,5166.462499999999,8262.45,3,5,6,0.0,0.0,26.075,62.25,45.0,66.375,0.1125,0.4444444444444444,0,0.5161290322580645,0.0,0.5,0.46153846153846156,0.5625,0.4666666666666667,0.0,0.0,0.0,0.0,0.0,0.0,1.0,0.3333333333333333,0.0,0.0,0.0,0.46153846153846156,-0.016666666666666663,-20
bb1dd302-1709-58c5-b3f7-d8c492d6ed3f,Valencia,music_pop_rock_local,57,28,0.49122807017543857,5312.80701754386,8330.214285714284,3,4,5,0.0,0.0,11.071428571428571,64.82142857142857,45.0,69.82758620689654,0.05263157894736842,0.6666666666666666,0,0.5,0.0,0.25,0.6666666666666666,0.6818181818181818,0.3333333333333333,0.0,0.0,0.0,0.0,0.0,0.0,0.5,0.0,0.0,0.0,0.0,0.6666666666666666,82,43,0.524390243902439,5396.2317073170725,8133.13953488372,3,4,7,0.0,0.0,29.53488372093023,62.09302325581396,45.0,70.38461538461537,0.10975609756097561,0.6666666666666666,0,0.5294117647058824,0.0,0.25,0.6666666666666666,0.6486486486486487,0.3870967741935484,0.0,0.0,0.0,0.0,0.0,0.0,0.5,0.0,0.0,0.0,0.0,0.6666666666666666,-0.03316217372700048,-25
bec38767-3d9c-5501-aca7-db000583db5c,Barcelona,broad_discovery_flexible,66,23,0.3484848484848485,4204.530303030303,8088.782608695653,3,6,4,0.0,0.0,15.826086956521735,64.56521739130434,45.0,62.7906976744186,0.25757575757575757,0.47058823529411764,0,0.4,0.0,0.375,0.3103448275862069,0.4444444444444444,0.36363636363636365,0.0,0.0,0.0,0.0,0.0,0.2857142857142857,0.4,0.5,0.0,0.0,0.0,0.3333333333333333,82,31,0.3780487804878049,4568.426829268292,8573.677419354839,3,6,4,0.0,0.0,25.645161290322587,65.32258064516128,45.0,62.64705882352941,0.23170731707317074,0.42105263157894735,0,0.4074074074074074,0.0,0.3333333333333333,0.3888888888888889,0.5,0.3333333333333333,0.0,0.0,0.0,0.0,0.0,0.2857142857142857,0.4,0.3333333333333333,0.0,0.0,0.0,0.4117647058823529,-0.029563932002956372,-16
bf8d12f4-ff87-553a-a1b6-ec754c9e5640,Barcelona,music_pop_rock_local,48,35,0.7291666666666666,6838.729166666666,8616.171428571426,4,5,7,0.0,0.0,12.314285714285713,67.28571428571428,90.0,62.30769230769231,0.1875,0.7777777777777778,0,0.7837837837837838,1.0,0.25,0.6666666666666666,0.6818181818181818,0.9333333333333333,0.0,0.0,0.0,1.0,0.0,0.0,0.0,0.3333333333333333,0.0,0.0,0.0,0.6666666666666666,69,49,0.7101449275362319,6595.376811594204,8367.30612244898,4,5,8,0.0,0.0,28.0,67.34693877551021,90.0,67.5,0.15942028985507245,0.8181818181818182,0,0.7777777777777778,1.0,0.2,0.5555555555555556,0.7419354838709677,0.8260869565217391,0.0,0.0,0.0,1.0,0.0,0.0,0.0,0.25,0.0,0.0,0.0,0.625,0.0190217391304347,-21
c1c230e8-492c-5500-b692-6c16f1b0eb3c,Barcelona,culture_theatre_explorer,63,29,0.4603174603174603,5461.412698412698,9212.51724137931,3,5,4,0.0,0.0,16.241379310344826,51.724137931034484,45.0,62.20588235294117,0.2857142857142857,0.4444444444444444,0,0.14285714285714285,0.0,0.5675675675675675,0.3888888888888889,0.16666666666666666,0.0,0.0,0.0,0.0,0.0,0.0,0.4444444444444444,0.7,0.5555555555555556,0.0,0.0,0.0,0.3888888888888889,75,31,0.41333333333333333,5170.053333333333,9217.451612903225,3,5,5,0.0,0.0,17.709677419354836,51.29032258064516,45.0,60.340909090909086,0.32,0.375,0,0.25,0.0,0.4782608695652174,0.35,0.2857142857142857,0.0,0.0,0.0,0.0,0.0,0.0,0.4,0.5833333333333334,0.4583333333333333,0.0,0.0,0.0,0.35,0.04698412698412696,-12
c21109bb-985d-50e6-b2d0-a9ed92d4615a,Valencia,music_pop_rock_local,49,26,0.5306122448979592,5158.081632653061,7711.615384615384,3,5,4,0.0,0.0,19.615384615384613,60.57692307692309,45.0,61.30434782608696,0.08163265306122448,0.5,0,0.55,0.0,0.6666666666666666,0.4,0.56,0.5333333333333333,0.0,0.0,0.0,0.0,0.0,0.0,1.0,0.5,0.0,0.0,0.0,0.5,64,30,0.46875,5070.875,8079.299999999999,3,5,5,0.0,0.0,26.066666666666666,60.00000000000001,45.0,62.647058823529406,0.125,0.5,0,0.4807692307692308,0.0,0.4,0.5,0.5,0.45454545454545453,0.0,0.0,0.0,0.0,0.0,0.0,1.0,0.25,0.0,0.0,0.0,0.6,0.06186224489795922,-15
c6c58697-68c1-5993-8eb4-053aa02cea01,Madrid,music_pop_rock_local,61,37,0.6065573770491803,5906.44262295082,8456.270270270268,3,4,4,0.0,0.0,15.08108108108108,65.67567567567568,45.0,61.875,0.16393442622950818,0.3,0,0.6956521739130435,0.0,0.2,0.4444444444444444,0.6521739130434783,0.7391304347826086,0.0,0.0,0.0,0.0,0.0,0.0,0.0,0.25,0.0,0.0,0.0,0.4444444444444444,80,46,0.575,5644.287499999999,8378.478260869566,3,5,6,0.0,0.0,24.608695652173907,63.586956521739125,45.0,58.23529411764706,0.125,0.3,0,0.6666666666666666,0.0,0.3,0.4666666666666667,0.6,0.75,0.0,0.0,0.0,0.0,0.0,0.0,0.5,0.2857142857142857,0.0,0.0,0.0,0.4666666666666667,0.03155737704918038,-19
c882ac47-a097-5018-83c7-2bfb927980e8,Palma de Mallorca,sports_basketball_traveler,53,15,0.2830188679245283,3533.7924528301887,7220.0,4,6,5,0.0,0.0,15.600000000000001,66.0,45.0,71.05263157894737,0.05660377358490566,0.3333333333333333,0,0.3,1.0,0.42857142857142855,0.2,0.25,0.3333333333333333,0.0,0.0,0.0,1.0,0.0,0.0,0.5,0.6666666666666666,0.0,0.0,0.0,0.2,72,18,0.25,3276.7083333333335,7308.555555555556,4,6,5,0.0,0.0,23.72222222222222,70.0,90.0,72.5,0.05555555555555555,0.25,0,0.2962962962962963,1.0,0.375,0.16666666666666666,0.2,0.35294117647058826,0.0,0.0,0.0,1.0,0.0,0.0,0.5,0.5,0.0,0.0,0.0,0.16666666666666666,0.033018867924528295,-19
c99a1ece-24a7-53ca-9d69-f2a419e246db,Jerez de la Frontera,flamenco_world_madrid,59,33,0.559322033898305,6381.610169491526,9523.21212121212,4,5,5,0.0,0.0,13.969696969696969,71.36363636363636,90.0,64.03846153846153,0.1694915254237288,0.5,0,0.5384615384615384,1.0,0.4,0.6428571428571429,0.5,0.5517241379310345,0.0,0.0,0.0,1.0,0.0,0.0,0.0,0.5,0.0,0.0,0.0,0.6428571428571429,83,48,0.5783132530120482,6486.048192771084,9361.6875,4,6,6,0.0,0.0,30.041666666666664,74.375,90.0,64.28571428571429,0.14457831325301204,0.5,0,0.5862068965517241,1.0,0.5,0.5555555555555556,0.46153846153846156,0.6222222222222222,0.0,0.0,0.0,1.0,0.0,1.0,0.0,0.5,0.0,0.0,0.0,0.5555555555555556,-0.01899121911374313,-24
cba53f69-0037-4677-9812-c42bb0ab5766,,,4,4,1.0,2226.25,2226.25,2,2,2,0.0,0.0,2.0,45.0,45.0,0.0,0.0,0.0,0,0.0,1.0,0.0,0.0,0.0,0.0,0.0,0.0,0.0,1.0,0.0,0.0,0.0,0.0,0.0,0.0,0.0,0.0,4,4,1.0,2226.25,2226.25,2,2,2,0.0,0.0,2.0,45.0,45.0,0.0,0.0,0.0,0,0.0,1.0,0.0,0.0,0.0,0.0,0.0,0.0,0.0,1.0,0.0,0.0,0.0,0.0,0.0,0.0,0.0,0.0,0.0,0
cd03ac14-cb6b-45ca-83ba-4faa8e5b28dd,,,496,78,0.15725806451612903,4009.6754032258045,9950.730769230771,4,5,5,0.0,0.0,5.102564102564102,66.92307692307693,45.0,63.15789473684214,0.0,0.0,0,0.15942028985507245,0.0,0.0,0.0,0.125,0.0,0.0,0.0,0.0,0.0,0.0,0.0,0.0,0.0,0.0,0.0,0.0,0.0,496,78,0.15725806451612903,4009.6754032258045,9950.730769230771,4,5,5,0.0,0.0,5.102564102564102,66.92307692307693,45.0,63.15789473684214,0.0,0.0,0,0.15942028985507245,0.0,0.0,0.0,0.125,0.0,0.0,0.0,0.0,0.0,0.0,0.0,0.0,0.0,0.0,0.0,0.0,0.0,0.0,0
cd870e30-3d53-5226-aa95-677b162cf287,Malaga,culture_theatre_explorer,55,34,0.6181818181818182,6888.872727272727,9614.14705882353,4,7,5,0.0,0.0,15.529411764705882,54.26470588235294,45.0,51.42857142857143,0.2545454545454545,0.5,0,0.6666666666666666,1.0,0.5897435897435898,0.6666666666666666,0.5,1.0,0.0,0.0,0.0,1.0,0.0,0.75,0.7777777777777778,0.45454545454545453,0.0,0.0,0.0,0.6666666666666666,66,40,0.6060606060606061,6828.469696969696,9639.199999999999,4,7,5,0.0,0.0,24.899999999999995,54.374999999999986,45.0,51.92307692307692,0.2727272727272727,0.5,0,0.75,1.0,0.5833333333333334,0.6153846153846154,0.5,1.0,0.0,0.0,0.0,1.0,0.0,0.7,0.75,0.46153846153846156,0.0,0.0,0.0,0.6153846153846154,0.012121212121212088,-11
cd8c0360-817e-53b4-889b-1003d81d6026,Madrid,sports_basketball_traveler,33,12,0.36363636363636365,3942.424242424242,7750.999999999999,2,4,2,0.0,0.0,16.25,63.75,45.0,60.0,0.06060606060606061,0.5,0,0.5,0.0,0.0,0.3684210526315789,0.6,0.4,0.0,0.0,0.0,0.0,0.0,0.0,0.0,0.0,0.0,0.5,0.0,0.35294117647058826,48,14,0.2916666666666667,3645.25,7510.214285714286,2,4,2,0.0,0.0,23.428571428571423,67.5,45.0,60.88235294117647,0.10416666666666667,0.2,0,0.4375,0.0,0.0,0.25925925925925924,0.5555555555555556,0.2857142857142857,0.0,0.0,0.0,0.0,0.0,0.0,0.0,0.0,0.0,0.3333333333333333,0.0,0.25,0.07196969696969696,-15
cf2ea306-42dc-5b06-8329-059cef2a45db,Madrid,broad_discovery_flexible,76,33,0.4342105263157895,4580.131578947367,7836.575757575757,3,7,3,0.0,0.0,14.424242424242426,52.27272727272727,45.0,61.744186046511636,0.14473684210526316,0.5454545454545454,0,0.4166666666666667,0.0,0.45454545454545453,0.4482758620689655,0.3,0.5,0.0,0.0,0.0,0.0,0.0,0.25,0.5714285714285714,0.45454545454545453,0.0,0.3333333333333333,0.0,0.46153846153846156,88,40,0.45454545454545453,4740.25,7904.025000000001,3,7,5,0.0,0.0,23.875000000000004,52.12500000000001,45.0,62.81250000000001,0.14772727272727273,0.46153846153846156,0,0.4482758620689655,0.0,0.45454545454545453,0.4722222222222222,0.3333333333333333,0.5294117647058824,0.0,0.0,0.0,0.0,0.0,0.25,0.5714285714285714,0.45454545454545453,0.0,0.3333333333333333,0.0,0.48484848484848486,-0.02033492822966504,-12
cf538813-69e2-504b-b7e7-d722bb4a005e,Madrid,music_pop_rock_local,62,40,0.6451612903225806,6061.064516129032,8139.7,3,5,6,0.0,0.0,14.95,61.87499999999999,45.0,65.45454545454545,0.0967741935483871,0.3333333333333333,0,0.7441860465116279,0.0,0.4,0.46153846153846156,0.8,0.6666666666666666,0.0,0.0,0.0,0.0,0.0,0.0,0.3333333333333333,1.0,0.0,0.0,0.0,0.46153846153846156,78,50,0.6410256410256411,6109.9358974358975,8185.260000000002,3,5,6,0.0,0.0,23.899999999999995,65.7,45.0,65.89285714285715,0.11538461538461539,0.3333333333333333,0,0.7241379310344828,0.0,0.4,0.42857142857142855,0.7096774193548387,0.7407407407407407,0.0,0.0,0.0,0.0,0.0,0.0,0.3333333333333333,1.0,0.0,0.0,0.0,0.42857142857142855,0.0041356492969395475,-16
d1218c0a-a30f-4336-a429-7227c1fafce4,,,500,56,0.112,3749.0260000000007,9607.517857142859,4,4,6,0.0,0.0,4.446428571428571,66.69642857142858,45.0,63.412162162162154,0.0,0.0,0,0.08695652173913043,0.0,0.0,0.0,0.0625,0.0,0.0,0.0,0.0,0.0,0.0,0.0,0.0,0.0,0.0,0.0,0.0,0.0,500,56,0.112,3749.0260000000007,9607.517857142859,4,4,6,0.0,0.0,4.446428571428571,66.69642857142858,45.0,63.412162162162154,0.0,0.0,0,0.08695652173913043,0.0,0.0,0.0,0.0625,0.0,0.0,0.0,0.0,0.0,0.0,0.0,0.0,0.0,0.0,0.0,0.0,0.0,0.0,0
d25f8e60-de1d-537d-a87d-680d42c248f1,Palma de Mallorca,sports_basketball_traveler,51,12,0.23529411764705882,3349.5882352941176,8078.833333333334,4,6,4,0.0,0.0,18.0,63.75,45.0,68.0769230769231,0.11764705882352941,0.16666666666666666,3,0.11764705882352941,1.0,0.6,0.21428571428571427,0.16666666666666666,0.09090909090909091,0.0,0.0,0.0,1.0,0.0,0.0,1.0,0.5,0.0,0.0,0.0,0.21428571428571427,64,16,0.25,3393.1874999999995,7963.8125,4,6,4,0.0,0.0,34.6875,67.5,45.0,67.49999999999999,0.125,0.125,3,0.2857142857142857,1.0,0.42857142857142855,0.17142857142857143,0.2857142857142857,0.2857142857142857,0.0,0.0,0.0,1.0,0.0,0.0,0.5,0.5,0.0,0.0,0.0,0.17647058823529413,-0.01470588235294118,-13
d31c034d-c249-5159-a286-4dca16d4d236,Madrid,flamenco_world_madrid,46,25,0.5434782608695652,6034.521739130435,9020.239999999998,2,3,2,0.0,0.0,14.28,77.39999999999999,90.0,60.0,0.13043478260869565,0.5,0,0.65625,0.0,0.0,0.4,0.3,0.8181818181818182,0.0,0.0,0.0,0.0,0.0,0.0,0.0,0.0,0.0,0.0,0.0,0.4444444444444444,61,33,0.5409836065573771,5652.639344262295,8548.878787878788,2,3,3,0.0,0.0,26.51515151515151,76.36363636363637,90.0,59.464285714285715,0.11475409836065574,0.5714285714285714,0,0.6585365853658537,0.0,0.0,0.42857142857142855,0.35714285714285715,0.8148148148148148,0.0,0.0,0.0,0.0,0.0,0.0,0.0,0.0,0.0,0.0,0.0,0.46153846153846156,0.0024946543121880937,-15
d72bf172-142c-5094-910d-f2eac98ac7ba,Madrid,family_weekend_exhibition,61,32,0.5245901639344263,5066.295081967212,7872.375,4,7,5,0.0,0.0,13.749999999999996,50.62500000000001,45.0,54.827586206896555,0.06557377049180328,0.5,0,0.42857142857142855,1.0,0.4,0.5581395348837209,0.6666666666666666,0.25,0.0,0.0,0.0,1.0,0.0,0.0,0.5,0.3333333333333333,0.0,0.7142857142857143,0.0,0.4827586206896552,68,39,0.5735294117647058,5423.89705882353,7992.23076923077,4,7,5,0.0,0.0,23.076923076923073,50.76923076923077,45.0,54.82758620689656,0.08823529411764706,0.6666666666666666,0,0.42857142857142855,1.0,0.45454545454545453,0.6122448979591837,0.6666666666666666,0.25,0.0,0.0,0.0,1.0,0.0,0.0,0.5,0.42857142857142855,0.0,0.7333333333333333,0.0,0.5588235294117647,-0.048939247830279586,-7
d79f97ed-b02a-5b94-b7cb-e755d1d1d4a5,Malaga,culture_theatre_explorer,45,25,0.5555555555555556,6210.688888888889,9316.400000000001,3,6,3,0.0,0.0,15.560000000000004,51.0,45.0,51.75,0.26666666666666666,0.4166666666666667,0,0.75,0.0,0.64,0.2727272727272727,0.5,1.0,0.0,0.0,0.0,0.0,0.0,0.5,0.7142857142857143,0.6428571428571429,0.0,0.0,0.0,0.3,59,28,0.4745762711864407,5622.796610169492,9315.964285714286,3,6,3,0.0,0.0,20.42857142857143,53.57142857142858,45.0,53.70967741935485,0.2542372881355932,0.4,0,0.7,0.0,0.5142857142857142,0.23076923076923078,0.6,0.8,0.0,0.0,0.0,0.0,0.0,0.6666666666666666,0.4166666666666667,0.5294117647058824,0.0,0.0,0.0,0.25,0.08097928436911489,-14
d8e840be-d514-5421-bfe3-b492fb8dcecb,Madrid,music_pop_rock_local,61,38,0.6229508196721312,6309.885245901639,8801.526315789473,4,6,8,0.0,0.0,13.105263157894736,55.65789473684211,45.0,70.43478260869566,0.14754098360655737,0.6666666666666666,0,0.6304347826086957,1.0,0.6666666666666666,0.5,0.7692307692307693,0.45,0.0,0.0,0.0,1.0,0.0,0.0,0.5,0.75,0.0,0.0,0.0,0.5,83,52,0.6265060240963856,6155.22891566265,8439.173076923076,4,6,8,0.0,0.0,25.40384615384615,60.57692307692308,45.0,68.2258064516129,0.13253012048192772,0.7272727272727273,0,0.6461538461538462,1.0,0.7142857142857143,0.4,0.7428571428571429,0.5333333333333333,0.0,0.0,0.0,1.0,0.0,0.0,0.6666666666666666,0.75,0.0,0.0,0.0,0.4,-0.003555204424254388,-22
d983b505-b842-5313-997c-72beb3206fbc,Madrid,family_weekend_exhibition,54,37,0.6851851851851852,6234.981481481481,8229.945945945947,3,6,4,0.0,0.0,12.621621621621623,47.432432432432435,45.0,68.82352941176471,0.09259259259259259,1.0,0,0.42857142857142855,0.0,0.625,0.7435897435897436,0.5,0.3333333333333333,0.0,0.0,0.0,0.0,0.0,0.0,0.3333333333333333,0.8,0.0,0.875,0.0,0.7096774193548387,68,40,0.5882352941176471,5536.2941176470595,8144.875000000002,3,6,4,0.0,0.0,15.724999999999998,49.5,45.0,64.28571428571429,0.07352941176470588,1.0,0,0.5,0.0,0.38461538461538464,0.6595744680851063,0.5,0.5,0.0,0.0,0.0,0.0,0.0,0.0,0.2,0.5714285714285714,0.0,0.7,0.0,0.6486486486486487,0.09694989106753815,-14
da2279b2-5cef-592f-a7b8-39ba255e5465,Madrid,culture_theatre_explorer,59,30,0.5084745762711864,6138.576271186441,9750.766666666666,4,7,3,0.0,0.0,12.333333333333334,44.0,45.0,58.96551724137931,0.22033898305084745,0.5384615384615384,1,0.3,1.0,0.6060606060606061,0.4,0.5,0.0,0.0,0.0,0.0,1.0,0.0,0.4,0.6,0.6666666666666666,0.0,1.0,0.0,0.35714285714285715,70,34,0.4857142857142857,5905.314285714285,9656.70588235294,4,7,3,0.0,0.0,18.500000000000004,46.76470588235294,45.0,60.0,0.2,0.5,1,0.3,1.0,0.5476190476190477,0.4117647058823529,0.5,0.0,0.0,0.0,0.0,1.0,0.0,0.4444444444444444,0.5,0.6190476190476191,0.0,1.0,0.0,0.375,0.02276029055690071,-11
da7bfd20-eda4-5a98-ad11-12b65a145938,Valencia,music_pop_rock_local,55,24,0.43636363636363634,4877.127272727272,8435.25,3,6,3,0.0,0.0,11.125,61.87499999999999,45.0,62.41935483870968,0.12727272727272726,0.8571428571428571,0,0.4864864864864865,0.0,0.4,0.3333333333333333,0.52,0.4166666666666667,0.0,0.0,0.0,0.0,0.0,0.0,0.3333333333333333,0.5,0.0,1.0,0.0,0.2727272727272727,72,34,0.4722222222222222,5271.208333333333,8742.617647058823,3,6,5,0.0,0.0,25.235294117647054,62.64705882352943,45.0,65.13157894736841,0.125,0.6666666666666666,0,0.52,0.0,0.2857142857142857,0.42857142857142855,0.5625,0.4444444444444444,0.0,0.0,0.0,0.0,0.0,0.0,0.3333333333333333,0.25,0.0,1.0,0.0,0.38461538461538464,-0.03585858585858587,-17
dab60dd1-8b8c-5461-89ba-66e219c2b682,Jerez de la Frontera,flamenco_world_madrid,67,41,0.6119402985074627,6366.2835820895525,8910.780487804877,3,5,6,0.0,0.0,13.51219512195122,72.43902439024392,90.0,70.96153846153847,0.22388059701492538,0.7333333333333333,0,0.66,0.0,0.5,0.5,0.6842105263157895,0.6451612903225806,0.0,0.0,0.0,0.0,0.0,0.25,0.0,1.0,0.0,0.0,0.0,0.5,82,49,0.5975609756097561,6286.865853658537,8922.428571428569,3,5,6,0.0,0.0,21.24489795918367,73.46938775510205,90.0,75.0,0.1951219512195122,0.6875,0,0.640625,0.0,0.5,0.4444444444444444,0.65,0.6363636363636364,0.0,0.0,0.0,0.0,0.0,0.25,0.0,1.0,0.0,0.0,0.0,0.4444444444444444,0.014379322897706603,-15
db3319df-0f5e-5783-9aa9-aa7283eccbaf,Palma de Mallorca,sports_basketball_traveler,40,16,0.4,4734.974999999999,8644.812500000002,4,5,4,0.0,0.0,12.812500000000002,70.3125,90.0,71.25,0.2,0.375,1,0.38461538461538464,1.0,0.25,0.4090909090909091,0.3333333333333333,0.42857142857142855,0.0,0.0,0.0,1.0,0.0,0.0,0.0,0.3333333333333333,0.0,0.0,0.0,0.4090909090909091,51,19,0.37254901960784315,4430.21568627451,8308.368421052632,4,5,4,0.0,0.0,22.789473684210524,71.05263157894737,90.0,73.12500000000001,0.21568627450980393,0.2727272727272727,1,0.35294117647058826,1.0,0.3333333333333333,0.37037037037037035,0.3333333333333333,0.36363636363636365,0.0,0.0,0.0,1.0,0.0,0.0,0.0,0.4,0.0,0.0,0.0,0.37037037037037035,0.027450980392156876,-11
dba4420e-1616-585b-81fd-1c80ca2c0fd9,Madrid,family_weekend_exhibition,52,37,0.7115384615384616,5648.2307692307695,7077.54054054054,3,5,3,0.0,0.0,13.405405405405403,54.729729729729726,45.0,72.0,0.057692307692307696,1.0,0,0.3333333333333333,0.0,0.6,0.75,1.0,0.0,0.0,0.0,0.0,0.0,0.0,0.0,0.6666666666666666,0.5,0.0,0.7,0.0,0.7647058823529411,66,47,0.7121212121212122,5705.833333333333,7186.382978723404,4,8,4,0.0,0.0,23.914893617021278,56.48936170212766,45.0,68.68421052631581,0.09090909090909091,1.0,0,0.3333333333333333,1.0,0.5714285714285714,0.7692307692307693,0.5,0.25,0.0,0.0,0.0,1.0,0.0,1.0,0.6666666666666666,0.3333333333333333,0.0,0.7272727272727273,0.0,0.7804878048780488,-5.827505827505908E-4,-14
dc8f07a0-13df-50cc-83b0-c9c972b0fe14,Barcelona,sports_basketball_traveler,36,16,0.4444444444444444,4132.611111111111,7065.25,4,5,4,0.0,0.0,13.250000000000002,64.6875,45.0,72.0,0.16666666666666666,0.3333333333333333,0,0.3076923076923077,1.0,1.0,0.45,0.3333333333333333,0.2857142857142857,0.0,0.0,0.0,1.0,0.0,0.0,0.0,1.0,0.0,0.0,0.0,0.45,49,20,0.40816326530612246,3962.4897959183677,7102.2,4,5,4,0.0,0.0,22.949999999999996,67.5,45.0,74.48275862068965,0.16326530612244897,0.375,0,0.2631578947368421,1.0,1.0,0.4444444444444444,0.2857142857142857,0.25,0.0,0.0,0.0,1.0,0.0,0.0,0.0,1.0,0.0,0.0,0.0,0.4444444444444444,0.03628117913832196,-13
de53f3e2-e103-5390-8783-c0a889b9a175,Valencia,broad_discovery_flexible,56,23,0.4107142857142857,4191.553571428572,7263.434782608696,4,6,5,0.0,0.0,19.130434782608695,61.30434782608695,45.0,61.36363636363637,0.14285714285714285,0.125,0,0.5,1.0,0.45454545454545453,0.34375,0.4,0.5714285714285714,0.0,0.0,0.0,1.0,0.0,1.0,0.0,0.5,0.0,0.0,0.0,0.3548387096774194,68,26,0.38235294117647056,4156.485294117648,7467.961538461537,4,6,5,0.0,0.0,23.153846153846153,62.88461538461538,45.0,62.142857142857146,0.1323529411764706,0.2222222222222222,0,0.47058823529411764,1.0,0.4166666666666667,0.3157894736842105,0.42857142857142855,0.5,0.0,0.0,0.0,1.0,0.0,1.0,0.0,0.4444444444444444,0.0,0.0,0.0,0.32432432432432434,0.028361344537815136,-12
dfbc0271-749e-548d-9eb2-f9a069427c84,Valencia,broad_discovery_flexible,70,30,0.42857142857142855,4985.1,8642.733333333332,4,7,7,0.0,0.0,12.333333333333336,60.0,45.0,56.25,0.2,0.7857142857142857,0,0.7222222222222222,1.0,0.13333333333333333,0.3888888888888889,0.8888888888888888,0.5555555555555556,0.0,0.0,0.0,1.0,0.0,0.25,0.25,0.0,0.0,0.3333333333333333,0.0,0.3939393939393939,86,35,0.4069767441860465,4811.2441860465115,8564.34285714286,4,7,8,0.0,0.0,19.54285714285714,59.142857142857146,45.0,57.35294117647058,0.22093023255813954,0.6842105263157895,0,0.6818181818181818,1.0,0.11764705882352941,0.3695652173913043,0.8,0.5833333333333334,0.0,0.0,0.0,1.0,0.0,0.25,0.16666666666666666,0.0,0.0,0.25,0.0,0.38095238095238093,0.021594684385382035,-16
e068ce34-e4e1-54b3-8846-2dd99e8bf993,Malaga,broad_discovery_flexible,51,19,0.37254901960784315,4420.117647058824,8069.421052631578,3,5,5,0.0,0.0,17.0,71.05263157894737,90.0,59.06250000000001,0.19607843137254902,0.6,0,0.375,0.0,0.18181818181818182,0.4782608695652174,0.2,0.45454545454545453,0.0,0.0,0.0,0.0,0.0,0.3333333333333333,0.2,0.0,0.0,0.0,0.0,0.5238095238095238,73,28,0.3835616438356164,4305.602739726027,7789.714285714287,3,6,5,0.0,0.0,26.714285714285715,69.10714285714285,90.0,62.0,0.1643835616438356,0.5,0,0.48,0.0,0.2,0.40625,0.3333333333333333,0.5625,0.0,0.0,0.0,0.0,0.0,0.2,0.2,0.2,0.0,0.0,0.0,0.4482758620689655,-0.011012624227773271,-22
e08b2c81-7ab1-55d4-9703-6a714ec1c622,Barcelona,broad_discovery_flexible,59,16,0.2711864406779661,3873.288135593221,8157.3125,3,6,5,0.0,0.0,10.5625,61.875,45.0,62.09302325581395,0.1864406779661017,0.2727272727272727,1,0.36363636363636365,0.0,0.16666666666666666,0.25,0.45454545454545453,0.2727272727272727,0.0,0.0,0.0,0.0,0.0,0.0,0.5,0.125,0.0,1.0,0.0,0.21739130434782608,81,27,0.3333333333333333,4247.148148148148,8364.37037037037,3,6,5,0.0,0.0,29.03703703703704,60.00000000000001,45.0,61.94444444444445,0.18518518518518517,0.26666666666666666,1,0.4,0.0,0.25,0.3235294117647059,0.5,0.2857142857142857,0.0,0.0,0.0,0.0,0.0,0.0,0.3333333333333333,0.2727272727272727,0.0,1.0,0.0,0.30303030303030304,-0.062146892655367214,-22
e1638b81-1646-5774-980a-81897697a2e1,Malaga,flamenco_world_madrid,50,23,0.46,5479.08,9119.782608695652,2,4,5,0.0,0.0,13.608695652173912,78.26086956521739,90.0,58.33333333333333,0.16,0.25,0,0.5675675675675675,0.0,0.25,0.0,0.35714285714285715,0.6956521739130435,0.0,0.0,0.0,0.0,0.0,0.0,0.5,0.25,0.0,0.0,0.0,0.0,67,32,0.47761194029850745,5377.686567164179,8825.0,3,5,5,0.0,0.0,24.093749999999993,77.34375,90.0,64.28571428571429,0.16417910447761194,0.45454545454545453,0,0.5576923076923077,0.0,0.25,0.16666666666666666,0.4117647058823529,0.6285714285714286,0.0,0.0,0.0,0.0,0.0,0.0,0.5,0.25,0.0,0.0,0.0,0.16666666666666666,-0.017611940298507434,-17
e2ab8268-53e5-5329-a7b1-37ff5499227c,Barcelona,sports_basketball_traveler,63,20,0.31746031746031744,3384.8571428571427,6511.8,4,5,3,0.0,0.0,16.15,72.0,90.0,64.88372093023257,0.12698412698412698,0.25,0,0.4,1.0,0.25,0.21428571428571427,0.38461538461538464,0.4117647058823529,0.0,0.0,0.0,1.0,0.0,0.0,0.0,0.25,0.0,0.0,0.0,0.21428571428571427,71,23,0.323943661971831,3517.014084507042,6766.13043478261,4,5,4,0.0,0.0,22.260869565217394,70.43478260869564,90.0,64.68750000000001,0.1267605633802817,0.3333333333333333,0,0.3870967741935484,1.0,0.4,0.23529411764705882,0.35714285714285715,0.4117647058823529,0.0,0.0,0.0,1.0,0.0,0.0,0.0,0.4,0.0,0.0,0.0,0.23529411764705882,-0.006483344511513556,-8
e33f2f3a-5313-4fd0-8858-75a71bae639c,,,500,132,0.264,4439.325999999997,8594.11363636364,4,6,7,0.0,0.0,5.446969696969698,63.86363636363636,45.0,63.75000000000004,0.0,0.0,0,0.2753623188405797,0.0,0.0,0.0,0.25,1.0,0.0,0.0,0.0,0.0,0.0,0.0,0.0,0.0,0.0,0.0,0.0,0.0,500,132,0.264,4439.325999999997,8594.11363636364,4,6,7,0.0,0.0,5.446969696969698,63.86363636363636,45.0,63.75000000000004,0.0,0.0,0,0.2753623188405797,0.0,0.0,0.0,0.25,1.0,0.0,0.0,0.0,0.0,0.0,0.0,0.0,0.0,0.0,0.0,0.0,0.0,0.0,0
e367cac9-2d73-59cf-b072-99f131bf4d66,Barcelona,music_pop_rock_local,53,30,0.5660377358490566,5760.396226415095,8444.333333333334,3,5,3,0.0,0.0,12.733333333333336,72.0,90.0,61.30434782608695,0.09433962264150944,0.6,0,0.5897435897435898,0.0,0.8,0.375,0.5,0.6521739130434783,0.0,0.0,0.0,0.0,0.0,0.0,1.0,1.0,0.0,0.0,0.0,0.375,61,35,0.5737704918032787,5692.147540983607,8341.771428571428,3,5,4,0.0,0.0,19.0,69.42857142857144,90.0,62.88461538461539,0.08196721311475409,0.6,0,0.5813953488372093,0.0,0.8571428571428571,0.4,0.5294117647058824,0.6153846153846154,0.0,0.0,0.0,0.0,0.0,0.0,1.0,1.0,0.0,0.0,0.0,0.4,-0.00773275595422207,-8
e3e47834-cb33-5b12-9b79-f4922d6190e1,Valencia,music_pop_rock_local,56,28,0.5,5609.839285714285,8991.249999999998,3,5,5,0.0,0.0,11.928571428571429,70.71428571428571,90.0,67.5,0.17857142857142858,0.6,0,0.5897435897435898,0.0,0.6,0.18181818181818182,0.6,0.5789473684210527,0.0,0.0,0.0,0.0,0.0,1.0,0.0,0.5,0.0,0.0,0.0,0.18181818181818182,70,35,0.5,5633.828571428572,8985.485714285714,3,5,5,0.0,0.0,22.571428571428573,69.42857142857143,90.0,63.42857142857143,0.18571428571428572,0.6153846153846154,0,0.5918367346938775,0.0,0.5,0.21428571428571427,0.5925925925925926,0.5909090909090909,0.0,0.0,0.0,0.0,0.0,1.0,0.0,0.3333333333333333,0.0,0.0,0.0,0.21428571428571427,0.0,-14
e46b7088-555c-569f-9045-1a61d850b03b,Valencia,family_weekend_exhibition,67,44,0.6567164179104478,5701.820895522388,7607.84090909091,4,6,6,0.0,0.0,13.65909090909091,54.20454545454546,45.0,56.73913043478261,0.07462686567164178,0.6,0,0.25,1.0,0.42857142857142855,0.7090909090909091,0.0,0.3333333333333333,0.0,0.0,0.0,1.0,0.0,0.0,0.5,0.3333333333333333,0.0,0.6,0.0,0.75,81,49,0.6049382716049383,5409.246913580248,7646.163265306122,4,6,6,0.0,0.0,18.163265306122447,55.10204081632653,45.0,53.4375,0.08641975308641975,0.5714285714285714,0,0.25,1.0,0.375,0.6470588235294118,0.0,0.3333333333333333,0.0,0.0,0.0,1.0,0.0,0.0,0.5,0.25,0.0,0.5882352941176471,0.0,0.6666666666666666,0.051778146305509476,-14
e473d428-d378-5b14-8aac-81389e10b470,Madrid,flamenco_world_madrid,56,34,0.6071428571428571,6170.946428571428,8828.882352941177,3,5,4,0.0,0.0,15.941176470588236,72.79411764705881,90.0,57.27272727272727,0.125,0.5714285714285714,0,0.7352941176470589,0.0,0.5,0.36363636363636365,0.5555555555555556,0.8,0.0,0.0,0.0,0.0,0.0,1.0,0.0,0.5,0.0,0.0,0.0,0.36363636363636365,74,42,0.5675675675675675,6040.513513513513,9155.190476190477,3,5,4,0.0,0.0,23.976190476190474,73.92857142857144,90.0,66.09374999999999,0.14864864864864866,0.45454545454545453,0,0.6470588235294118,0.0,0.5,0.3333333333333333,0.5833333333333334,0.6666666666666666,0.0,0.0,0.0,0.0,0.0,1.0,0.0,0.5,0.0,0.0,0.0,0.3333333333333333,0.03957528957528955,-18
e51661bd-73c8-5ab5-bac4-3ed4c06b5091,Valencia,music_pop_rock_local,59,25,0.423728813559322,4487.28813559322,7822.92,2,3,4,0.0,0.0,14.36,57.6,45.0,63.529411764705884,0.05084745762711865,0.3333333333333333,1,0.5106382978723404,0.0,0.2,0.0,0.5806451612903226,0.375,0.0,0.0,0.0,0.0,0.0,0.0,1.0,0.0,0.0,0.0,0.0,0.0,72,31,0.4305555555555556,4700.583333333334,8213.032258064515,2,4,4,0.0,0.0,26.516129032258057,60.96774193548387,45.0,64.7560975609756,0.06944444444444445,0.2,1,0.5,0.0,0.2857142857142857,0.0,0.5405405405405406,0.42857142857142855,0.0,0.0,0.0,0.0,0.0,0.0,1.0,0.16666666666666666,0.0,0.0,0.0,0.0,-0.006826741996233565,-13
e5389ace-5e36-48bc-95a6-3ed2c0ea4301,,,343,149,0.43440233236151604,5881.556851311956,9674.409395973149,4,6,7,0.0,0.0,5.288590604026845,63.825503355704654,45.0,67.03608247422682,0.0,0.0,0,0.40384615384615385,0.0,0.0,0.0,0.5,0.0,0.0,0.0,0.0,0.0,0.0,0.0,0.0,0.0,0.0,0.0,0.0,0.0,343,149,0.43440233236151604,5881.556851311956,9674.409395973149,4,6,7,0.0,0.0,5.288590604026845,63.825503355704654,45.0,67.03608247422682,0.0,0.0,0,0.40384615384615385,0.0,0.0,0.0,0.5,0.0,0.0,0.0,0.0,0.0,0.0,0.0,0.0,0.0,0.0,0.0,0.0,0.0,0.0,0
e743b8bb-9d29-50fd-b4e1-6238ba123b3f,Barcelona,music_pop_rock_local,59,37,0.6271186440677966,6198.016949152542,8490.135135135137,3,5,5,0.0,0.0,11.702702702702702,59.59459459459459,45.0,61.36363636363636,0.13559322033898305,0.625,0,0.6888888888888889,0.0,0.5,0.3333333333333333,0.7037037037037037,0.6666666666666666,0.0,0.0,0.0,0.0,0.0,0.0,0.3333333333333333,0.6,0.0,0.0,0.0,0.3333333333333333,77,45,0.5844155844155844,5868.999999999999,8378.333333333336,3,5,6,0.0,0.0,22.711111111111105,60.0,45.0,61.875,0.14285714285714285,0.6363636363636364,0,0.6101694915254238,0.0,0.5,0.5555555555555556,0.5897435897435898,0.65,0.0,0.0,0.0,0.0,0.0,0.0,0.3333333333333333,0.6,0.0,0.0,0.0,0.5555555555555556,0.042703059652212216,-18
e8dbf3e3-6537-5ffe-8ab2-c89961bfc325,Madrid,culture_theatre_explorer,51,28,0.5490196078431373,6002.764705882353,8797.92857142857,3,7,2,0.0,0.0,13.214285714285719,57.857142857142854,45.0,52.826086956521735,0.17647058823529413,0.3333333333333333,0,0.42857142857142855,0.0,0.65625,0.36363636363636365,0.25,0.6666666666666666,0.0,0.0,0.0,0.0,0.0,0.625,0.7,0.6428571428571429,0.0,1.0,0.0,0.3,65,36,0.5538461538461539,6043.723076923077,8894.861111111111,3,7,4,0.0,0.0,26.500000000000007,56.25000000000001,45.0,51.206896551724135,0.23076923076923078,0.4,0,0.45454545454545453,0.0,0.6842105263157895,0.3333333333333333,0.42857142857142855,0.5,0.0,0.0,0.0,0.0,0.0,0.6666666666666666,0.75,0.6470588235294118,0.0,0.3333333333333333,0.0,0.3333333333333333,-0.004826546003016574,-14
e9c540a3-ff09-5d48-a995-9bf597249ffd,Valencia,music_pop_rock_local,69,31,0.4492753623188406,4833.362318840579,8274.806451612903,3,4,5,0.0,0.0,15.193548387096774,65.3225806451613,45.0,60.394736842105274,0.13043478260869565,0.3333333333333333,0,0.5192307692307693,0.0,0.2,0.25,0.6129032258064516,0.38095238095238093,0.0,0.0,0.0,0.0,0.0,0.0,0.0,0.25,0.0,0.0,0.0,0.25,86,42,0.4883720930232558,5101.325581395348,8332.97619047619,4,5,7,0.0,0.0,27.071428571428577,65.35714285714285,45.0,60.68181818181818,0.12790697674418605,0.36363636363636365,0,0.546875,1.0,0.2,0.3125,0.6486486486486487,0.4074074074074074,0.0,0.0,0.0,1.0,0.0,0.0,0.0,0.25,0.0,0.0,0.0,0.3125,-0.03909673070441522,-17
ec1e50ed-cc3d-56a2-8ce9-1c0930948181,Malaga,culture_theatre_explorer,41,24,0.5853658536585366,5925.19512195122,8656.291666666668,3,5,3,0.0,0.0,17.458333333333332,60.0,45.0,58.23529411764706,0.2682926829268293,0.5454545454545454,1,0.25,0.0,0.6538461538461539,0.6,0.3333333333333333,0.0,0.0,0.0,0.0,0.0,0.0,0.75,0.7777777777777778,0.4444444444444444,0.0,0.0,0.0,0.6,58,31,0.5344827586206896,5990.741379310345,9131.74193548387,3,5,4,0.0,0.0,30.83870967741936,56.61290322580645,45.0,55.55555555555556,0.22413793103448276,0.46153846153846156,1,0.2,0.0,0.6216216216216216,0.4666666666666667,0.25,0.0,0.0,0.0,0.0,0.0,0.0,0.6666666666666666,0.8181818181818182,0.47058823529411764,0.0,0.0,0.0,0.4666666666666667,0.05088309503784694,-17
edda1bd1-8806-5075-ad16-4b0c83f4257d,Malaga,flamenco_world_madrid,55,23,0.41818181818181815,4863.563636363636,8490.13043478261,2,3,6,0.0,0.0,15.521739130434781,72.3913043478261,90.0,71.71875,0.21818181818181817,0.3333333333333333,1,0.4888888888888889,0.0,0.2,0.0,0.4666666666666667,0.5,0.0,0.0,0.0,0.0,0.0,0.0,0.0,1.0,0.0,0.0,0.0,0.0,69,27,0.391304347826087,4679.115942028986,8408.037037037036,2,3,6,0.0,0.0,22.814814814814817,71.66666666666669,90.0,72.85714285714285,0.2463768115942029,0.29411764705882354,1,0.4727272727272727,0.0,0.125,0.0,0.5,0.4594594594594595,0.0,0.0,0.0,0.0,0.0,0.0,0.0,0.3333333333333333,0.0,0.0,0.0,0.0,0.02687747035573118,-14
edf86f2b-b6b7-5361-a35c-93f1976f9b22,Madrid,culture_theatre_explorer,50,31,0.62,6266.78,8577.580645161292,3,6,2,0.0,0.0,12.58064516129032,56.61290322580645,45.0,63.94736842105263,0.24,0.25,0,0.375,0.0,0.6875,0.6,0.3333333333333333,0.4,0.0,0.0,0.0,0.0,0.0,0.5714285714285714,0.8333333333333334,0.6842105263157895,0.0,0.0,0.0,0.6,64,40,0.625,6397.546875,8766.5,4,7,4,0.0,0.0,24.449999999999996,54.0,45.0,60.0,0.203125,0.3076923076923077,0,0.375,1.0,0.675,0.6,0.3333333333333333,0.4,0.0,0.0,0.0,1.0,0.0,0.6666666666666666,0.7777777777777778,0.6363636363636364,0.0,0.0,0.0,0.6,-0.0050000000000000044,-14
f091e2ec-aaf3-54b7-940b-0e877ac8f77f,Malaga,culture_theatre_explorer,59,34,0.576271186440678,6156.0847457627115,8716.470588235294,4,6,3,0.0,0.0,12.676470588235295,51.61764705882353,45.0,58.2,0.3220338983050847,0.3684210526315789,0,0.25,1.0,0.7297297297297297,0.3333333333333333,0.375,0.0,0.0,0.0,0.0,1.0,0.0,0.625,0.7272727272727273,0.7777777777777778,0.0,0.0,0.0,0.3333333333333333,78,41,0.5256410256410257,5895.282051282052,8955.658536585366,4,6,4,0.0,0.0,22.46341463414634,51.58536585365854,45.0,56.351351351351354,0.2692307692307692,0.3333333333333333,0,0.23076923076923078,1.0,0.6875,0.25,0.3333333333333333,0.0,0.0,0.0,0.0,1.0,0.0,0.6,0.6666666666666666,0.7307692307692307,0.0,0.0,0.0,0.25,0.050630160799652324,-19
f10575ed-0860-5780-b445-94eb43595a33,Malaga,culture_theatre_explorer,65,28,0.4307692307692308,5186.030769230769,8780.357142857143,3,6,2,0.0,0.0,11.392857142857142,48.75,45.0,60.81081081081081,0.27692307692307694,0.5555555555555556,0,0.1111111111111111,0.0,0.5238095238095238,0.35714285714285715,0.3333333333333333,0.0,0.0,0.0,0.0,0.0,0.0,0.42857142857142855,0.36363636363636365,0.625,0.0,1.0,0.0,0.3076923076923077,81,31,0.38271604938271603,4893.827160493826,8811.83870967742,3,6,2,0.0,0.0,17.064516129032256,49.83870967741936,45.0,59.39999999999999,0.2716049382716049,0.5454545454545454,0,0.15384615384615385,0.0,0.48,0.29411764705882354,0.3333333333333333,0.0,0.0,0.0,0.0,0.0,0.0,0.4,0.3333333333333333,0.5714285714285714,0.0,1.0,0.0,0.25,0.048053181386514765,-16
f3189c55-d970-5035-a5aa-54e9172abeb1,Madrid,flamenco_world_madrid,51,27,0.5294117647058824,5925.607843137254,8966.925925925923,3,5,3,0.0,0.0,12.740740740740742,78.33333333333334,90.0,65.62499999999999,0.27450980392156865,0.6428571428571429,0,0.65625,0.0,0.25,0.4,0.3333333333333333,0.7307692307692307,0.0,0.0,0.0,0.0,0.0,0.0,1.0,0.16666666666666666,0.0,0.0,0.0,0.4,70,40,0.5714285714285714,6189.17142857143,8962.849999999999,3,5,3,0.0,0.0,33.5,77.62499999999999,90.0,62.99999999999999,0.2571428571428571,0.6666666666666666,0,0.6956521739130435,0.0,0.4,0.3076923076923077,0.36363636363636365,0.8,0.0,0.0,0.0,0.0,0.0,0.0,1.0,0.375,0.0,0.0,0.0,0.3076923076923077,-0.04201680672268904,-19
f4e7edf4-55e4-5faf-807e-50e99571310d,Madrid,flamenco_world_madrid,49,26,0.5306122448979592,6046.122448979591,9601.769230769232,3,5,3,0.0,0.0,13.538461538461538,72.69230769230771,90.0,62.60869565217392,0.1836734693877551,0.4444444444444444,0,0.5714285714285714,0.0,0.5,0.3333333333333333,0.36363636363636365,0.6666666666666666,0.0,0.0,0.0,0.0,0.0,0.0,0.5,0.6,0.0,0.0,0.0,0.3333333333333333,65,35,0.5384615384615384,5905.015384615385,9184.4,3,5,3,0.0,0.0,27.0,74.5714285714286,90.0,61.5,0.18461538461538463,0.5,0,0.6170212765957447,0.0,0.5,0.2222222222222222,0.4,0.71875,0.0,0.0,0.0,0.0,0.0,0.0,0.5,0.6,0.0,0.0,0.0,0.2222222222222222,-0.007849293563579218,-16
f68f7c6e-578d-5944-820a-74f786b845c9,Barcelona,culture_theatre_explorer,51,27,0.5294117647058824,5940.431372549018,8892.777777777777,4,6,4,0.0,0.0,12.814814814814815,56.666666666666664,45.0,55.0,0.29411764705882354,0.5333333333333333,0,0.16666666666666666,1.0,0.6774193548387096,0.3076923076923077,0.3333333333333333,0.0,0.0,0.0,0.0,1.0,0.0,0.625,0.6,0.7222222222222222,0.0,0.0,0.0,0.3333333333333333,61,33,0.5409836065573771,5880.704918032787,8723.09090909091,4,6,4,0.0,0.0,21.424242424242426,54.54545454545455,45.0,55.17857142857143,0.26229508196721313,0.5625,0,0.2222222222222222,1.0,0.7027027027027027,0.2857142857142857,0.3333333333333333,0.0,0.0,0.0,0.0,1.0,0.0,0.625,0.6,0.75,0.0,0.0,0.0,0.3076923076923077,-0.011571841851494735,-10
f6f2ee52-2cf2-5be4-9495-15993f7ae30e,Barcelona,sports_basketball_traveler,36,9,0.25,3674.9166666666665,8414.888888888889,2,3,2,0.0,0.0,10.444444444444445,70.0,90.0,63.33333333333333,0.19444444444444445,0.2857142857142857,2,0.2857142857142857,0.0,0.0,0.29411764705882354,0.18181818181818182,0.6666666666666666,0.0,0.0,0.0,0.0,0.0,0.0,0.0,0.0,0.0,0.0,0.0,0.29411764705882354,52,13,0.25,3584.5576923076924,8276.461538461539,2,3,3,0.0,0.0,28.153846153846153,72.6923076923077,90.0,64.61538461538463,0.15384615384615385,0.25,2,0.3333333333333333,0.0,0.0,0.24,0.26666666666666666,0.5,0.0,0.0,0.0,0.0,0.0,0.0,0.0,0.0,0.0,0.0,0.0,0.24,0.0,-16
f6f6438e-9153-5d3b-be2c-b639d2a66410,Barcelona,family_weekend_exhibition,52,25,0.4807692307692308,4687.307692307693,7607.36,3,4,3,0.0,0.0,12.400000000000002,61.2,45.0,63.33333333333333,0.11538461538461539,0.5,0,0.16666666666666666,0.0,0.125,0.6052631578947368,0.5,0.0,0.0,0.0,0.0,0.0,0.0,1.0,0.0,0.0,0.0,0.45454545454545453,0.0,0.6666666666666666,64,31,0.484375,4773.5625,7655.193548387097,3,5,3,0.0,0.0,22.19354838709677,60.96774193548387,45.0,64.0909090909091,0.125,0.5,0,0.16666666666666666,0.0,0.2,0.5957446808510638,0.5,0.0,0.0,0.0,0.0,0.0,0.0,1.0,0.3333333333333333,0.0,0.0,0.5,0.0,0.6285714285714286,-0.003605769230769218,-12
f7d1f013-9f6b-5cfe-80db-6ad48ab12944,Palma de Mallorca,sports_basketball_traveler,37,9,0.24324324324324326,3629.3783783783783,8543.666666666666,2,3,3,0.0,0.0,10.0,80.0,90.0,61.607142857142854,0.10810810810810811,0.0,1,0.2727272727272727,0.0,0.0,0.2608695652173913,0.16666666666666666,0.4,0.0,0.0,0.0,0.0,0.0,0.0,0.0,0.0,0.0,0.0,0.0,0.2608695652173913,58,13,0.22413793103448276,3413.5862068965516,8398.846153846152,3,4,4,0.0,0.0,24.153846153846157,79.61538461538461,90.0,62.33333333333333,0.08620689655172414,0.0,1,0.25,1.0,0.0,0.22580645161290322,0.1111111111111111,0.36363636363636365,0.0,0.0,0.0,1.0,0.0,0.0,0.0,0.0,0.0,0.0,0.0,0.22580645161290322,0.019105312208760494,-21
f979f67f-81ce-43d4-9f61-e87cd092049f,,,500,228,0.456,5938.57000000001,9483.561403508775,5,8,11,0.0,0.0,5.0964912280701755,65.00000000000003,45.0,62.75735294117644,0.0,0.0,0,0.463768115942029,1.0,0.0,0.0,0.4375,1.0,0.0,0.0,0.0,1.0,0.0,0.0,0.0,0.0,0.0,0.0,0.0,0.0,500,228,0.456,5938.57000000001,9483.561403508775,5,8,11,0.0,0.0,5.0964912280701755,65.00000000000003,45.0,62.75735294117644,0.0,0.0,0,0.463768115942029,1.0,0.0,0.0,0.4375,1.0,0.0,0.0,0.0,1.0,0.0,0.0,0.0,0.0,0.0,0.0,0.0,0.0,0.0,0
fa617e73-1865-5165-b911-e373b33b5ece,Valencia,music_pop_rock_local,49,26,0.5306122448979592,5993.061224489797,9058.73076923077,3,5,5,0.0,0.0,14.346153846153847,57.11538461538461,45.0,68.47826086956522,0.20408163265306123,0.5,0,0.5714285714285714,0.0,0.2,0.5555555555555556,0.7142857142857143,0.35714285714285715,0.0,0.0,0.0,0.0,0.0,0.0,0.0,0.25,0.0,1.0,0.0,0.5,61,31,0.5081967213114754,5694.049180327867,8819.483870967744,3,5,5,0.0,0.0,22.419354838709683,60.96774193548387,45.0,70.5,0.19672131147540983,0.4166666666666667,0,0.5681818181818182,0.0,0.16666666666666666,0.5,0.625,0.5,0.0,0.0,0.0,0.0,0.0,0.0,0.0,0.2,0.0,1.0,0.0,0.4444444444444444,0.0224155235864838,-12
facce291-e797-5616-ae15-a75f85ec1093,Barcelona,family_weekend_exhibition,64,43,0.671875,5895.625,7728.976744186048,3,6,3,0.0,0.0,12.790697674418606,57.55813953488372,45.0,53.57142857142857,0.09375,0.5,0,0.5,0.0,0.7,0.7021276595744681,0.5,0.5,0.0,0.0,0.0,0.0,0.0,0.0,1.0,0.4,0.0,0.7272727272727273,0.0,0.6944444444444444,82,50,0.6097560975609756,5582.219512195122,7887.44,3,6,3,0.0,0.0,22.4,58.5,45.0,53.4375,0.0975609756097561,0.625,0,0.3333333333333333,0.0,0.7272727272727273,0.639344262295082,0.3333333333333333,0.3333333333333333,0.0,0.0,0.0,0.0,0.0,0.0,1.0,0.5,0.0,0.625,0.0,0.6444444444444445,0.062118902439024404,-18
fb27d5d9-9ebe-5154-8c74-9056781a3894,Palma de Mallorca,sports_basketball_traveler,36,11,0.3055555555555556,4025.222222222222,7893.272727272727,4,4,4,0.0,0.0,14.818181818181818,73.63636363636364,90.0,65.4,0.19444444444444445,0.2857142857142857,0,0.42857142857142855,1.0,0.16666666666666666,0.2,0.0,0.6,0.0,0.0,0.0,1.0,0.0,0.0,1.0,0.0,0.0,0.0,0.0,0.2,47,15,0.3191489361702128,3960.7659574468075,7593.333333333333,4,4,4,0.0,0.0,28.06666666666667,75.0,90.0,66.5625,0.14893617021276595,0.2857142857142857,0,0.47058823529411764,1.0,0.16666666666666666,0.21739130434782608,0.0,0.6153846153846154,0.0,0.0,0.0,1.0,0.0,0.0,1.0,0.0,0.0,0.0,0.0,0.21739130434782608,-0.013593380614657202,-11
fb432e64-f4d1-5030-ba78-040595cbb9c2,Valencia,family_weekend_exhibition,61,38,0.6229508196721312,5498.819672131147,7660.421052631579,3,4,5,0.0,0.0,11.578947368421053,53.28947368421053,45.0,56.73913043478261,0.11475409836065574,0.5714285714285714,0,0.2857142857142857,0.0,0.3333333333333333,0.723404255319149,0.4,0.0,0.0,0.0,0.0,0.0,0.0,0.0,1.0,0.0,0.0,0.75,0.0,0.717948717948718,72,43,0.5972222222222222,5303.805555555557,7650.372093023256,3,4,5,0.0,0.0,19.441860465116285,52.32558139534884,45.0,57.41379310344828,0.1111111111111111,0.5,0,0.25,0.0,0.25,0.7090909090909091,0.4,0.0,0.0,0.0,0.0,0.0,0.0,0.0,0.6666666666666666,0.0,0.0,0.7272727272727273,0.0,0.7045454545454546,0.025728597449908963,-11
fd15b90b-bca0-5dc0-8d0c-0c8cd64276ed,Barcelona,music_pop_rock_local,65,40,0.6153846153846154,6066.276923076923,8600.350000000002,3,5,6,0.0,0.0,11.6,64.125,45.0,64.8,0.1076923076923077,0.8571428571428571,0,0.7142857142857143,0.0,0.6,0.2,0.782608695652174,0.6538461538461539,0.0,0.0,0.0,0.0,0.0,0.0,0.5,0.6666666666666666,0.0,0.0,0.0,0.2,86,49,0.5697674418604651,5831.1511627906975,8691.979591836734,3,6,6,0.0,0.0,21.59183673469387,65.20408163265306,45.0,63.243243243243256,0.11627906976744186,0.7,0,0.6507936507936508,0.0,0.5,0.3125,0.6875,0.6129032258064516,0.0,0.0,0.0,0.0,0.0,0.0,0.5,0.5,0.0,1.0,0.0,0.26666666666666666,0.04561717352415029,-21
