user_id,home_city,synthetic_persona,total_swipes_30d,total_right_swipes_30d,right_swipe_rate_30d,avg_dwell_ms_30d,avg_right_dwell_ms_30d,distinct_segments_liked_30d,distinct_genres_liked_30d,distinct_cities_liked_30d,local_like_rate_30d,local_swipe_share_30d,avg_days_until_event_liked_30d,avg_price_mid_liked_30d,median_price_mid_liked_30d,avg_price_mid_disliked_30d,chat_swipe_share_30d,chat_right_rate_30d,days_since_last_right_swipe_30d,like_rate_segment_music_30d,like_rate_segment_sports_30d,like_rate_segment_arts_theatre_30d,like_rate_segment_family_30d,like_rate_genre_rock_30d,like_rate_genre_pop_30d,like_rate_genre_electronic_30d,like_rate_genre_urban_30d,like_rate_genre_football_30d,like_rate_genre_basketball_30d,like_rate_genre_tennis_30d,like_rate_genre_theatre_30d,like_rate_genre_musical_30d,like_rate_genre_comedy_30d,like_rate_genre_classical_30d,like_rate_genre_kids_30d,like_rate_genre_circus_30d,like_rate_genre_exhibition_30d,like_rate_price_band_low_30d,like_rate_price_band_medium_30d,like_rate_price_band_high_30d,swipe_share_segment_music_30d,swipe_share_segment_sports_30d,swipe_share_segment_arts_theatre_30d,swipe_share_segment_family_30d,swipe_share_genre_rock_30d,swipe_share_genre_pop_30d,swipe_share_genre_electronic_30d,swipe_share_genre_urban_30d,swipe_share_genre_football_30d,swipe_share_genre_basketball_30d,swipe_share_genre_tennis_30d,swipe_share_genre_theatre_30d,swipe_share_genre_musical_30d,swipe_share_genre_comedy_30d,swipe_share_genre_classical_30d,swipe_share_genre_kids_30d,swipe_share_genre_circus_30d,swipe_share_genre_exhibition_30d,swipe_share_price_band_low_30d,swipe_share_price_band_medium_30d,swipe_share_price_band_high_30d,liked_share_segment_music_30d,liked_share_segment_sports_30d,liked_share_segment_arts_theatre_30d,liked_share_segment_family_30d,liked_share_genre_rock_30d,liked_share_genre_pop_30d,liked_share_genre_electronic_30d,liked_share_genre_urban_30d,liked_share_genre_football_30d,liked_share_genre_basketball_30d,liked_share_genre_tennis_30d,liked_share_genre_theatre_30d,liked_share_genre_musical_30d,liked_share_genre_comedy_30d,liked_share_genre_classical_30d,liked_share_genre_kids_30d,liked_share_genre_circus_30d,liked_share_genre_exhibition_30d,liked_share_price_band_low_30d,liked_share_price_band_medium_30d,liked_share_price_band_high_30d,preference_lift_segment_music_30d,preference_lift_segment_sports_30d,preference_lift_segment_arts_theatre_30d,preference_lift_segment_family_30d,preference_lift_genre_rock_30d,preference_lift_genre_pop_30d,preference_lift_genre_electronic_30d,preference_lift_genre_urban_30d,preference_lift_genre_football_30d,preference_lift_genre_basketball_30d,preference_lift_genre_tennis_30d,preference_lift_genre_theatre_30d,preference_lift_genre_musical_30d,preference_lift_genre_comedy_30d,preference_lift_genre_classical_30d,preference_lift_genre_kids_30d,preference_lift_genre_circus_30d,preference_lift_genre_exhibition_30d,preference_lift_price_band_low_30d,preference_lift_price_band_medium_30d,preference_lift_price_band_high_30d,total_swipes_90d,total_right_swipes_90d,right_swipe_rate_90d,avg_dwell_ms_90d,avg_right_dwell_ms_90d,distinct_segments_liked_90d,distinct_genres_liked_90d,distinct_cities_liked_90d,local_like_rate_90d,local_swipe_share_90d,avg_days_until_event_liked_90d,avg_price_mid_liked_90d,median_price_mid_liked_90d,avg_price_mid_disliked_90d,chat_swipe_share_90d,chat_right_rate_90d,days_since_last_right_swipe_90d,like_rate_segment_music_90d,like_rate_segment_sports_90d,like_rate_segment_arts_theatre_90d,like_rate_segment_family_90d,like_rate_genre_rock_90d,like_rate_genre_pop_90d,like_rate_genre_electronic_90d,like_rate_genre_urban_90d,like_rate_genre_football_90d,like_rate_genre_basketball_90d,like_rate_genre_tennis_90d,like_rate_genre_theatre_90d,like_rate_genre_musical_90d,like_rate_genre_comedy_90d,like_rate_genre_classical_90d,like_rate_genre_kids_90d,like_rate_genre_circus_90d,like_rate_genre_exhibition_90d,like_rate_price_band_low_90d,like_rate_price_band_medium_90d,like_rate_price_band_high_90d,swipe_share_segment_music_90d,swipe_share_segment_sports_90d,swipe_share_segment_arts_theatre_90d,swipe_share_segment_family_90d,swipe_share_genre_rock_90d,swipe_share_genre_pop_90d,swipe_share_genre_electronic_90d,swipe_share_genre_urban_90d,swipe_share_genre_football_90d,swipe_share_genre_basketball_90d,swipe_share_genre_tennis_90d,swipe_share_genre_theatre_90d,swipe_share_genre_musical_90d,swipe_share_genre_comedy_90d,swipe_share_genre_classical_90d,swipe_share_genre_kids_90d,swipe_share_genre_circus_90d,swipe_share_genre_exhibition_90d,swipe_share_price_band_low_90d,swipe_share_price_band_medium_90d,swipe_share_price_band_high_90d,liked_share_segment_music_90d,liked_share_segment_sports_90d,liked_share_segment_arts_theatre_90d,liked_share_segment_family_90d,liked_share_genre_rock_90d,liked_share_genre_pop_90d,liked_share_genre_electronic_90d,liked_share_genre_urban_90d,liked_share_genre_football_90d,liked_share_genre_basketball_90d,liked_share_genre_tennis_90d,liked_share_genre_theatre_90d,liked_share_genre_musical_90d,liked_share_genre_comedy_90d,liked_share_genre_classical_90d,liked_share_genre_kids_90d,liked_share_genre_circus_90d,liked_share_genre_exhibition_90d,liked_share_price_band_low_90d,liked_share_price_band_medium_90d,liked_share_price_band_high_90d,preference_lift_segment_music_90d,preference_lift_segment_sports_90d,preference_lift_segment_arts_theatre_90d,preference_lift_segment_family_90d,preference_lift_genre_rock_90d,preference_lift_genre_pop_90d,preference_lift_genre_electronic_90d,preference_lift_genre_urban_90d,preference_lift_genre_football_90d,preference_lift_genre_basketball_90d,preference_lift_genre_tennis_90d,preference_lift_genre_theatre_90d,preference_lift_genre_musical_90d,preference_lift_genre_comedy_90d,preference_lift_genre_classical_90d,preference_lift_genre_kids_90d,preference_lift_genre_circus_90d,preference_lift_genre_exhibition_90d,preference_lift_price_band_low_90d,preference_lift_price_band_medium_90d,preference_lift_price_band_high_90d,right_swipe_rate_delta_30_vs_90,total_swipes_delta_30_vs_90
00ef231d-9dc1-5a92-abb0-da5c629cc826,Barcelona,culture_theatre_explorer,72,39,0.5416666666666666,6002.708333333333,9257.256410256408,3,6,3,0.0,0.0,14.46153846153846,50.76923076923077,45.0,57.72727272727273,0.2777777777777778,0.5,0,0.3076923076923077,0.0,0.6590909090909091,0.4,0.42857142857142855,0.16666666666666666,0.0,0.0,0.0,0.0,0.0,0.5,0.8181818181818182,0.6521739130434783,0.0,0.0,0.0,0.4,0.0,0.6071428571428571,0.3333333333333333,0.18055555555555555,0.0,0.6111111111111112,0.20833333333333334,0.09722222222222222,0.08333333333333333,0.0,0.0,0.0,0.0,0.0,0.1388888888888889,0.1527777777777778,0.3194444444444444,0.0,0.0,0.0,0.20833333333333334,0.013888888888888888,0.7777777777777778,0.20833333333333334,0.10256410256410256,0.0,0.7435897435897436,0.15384615384615385,0.07692307692307693,0.02564102564102564,0.0,0.0,0.0,0.0,0.0,0.1282051282051282,0.23076923076923078,0.38461538461538464,0.0,0.0,0.0,0.15384615384615385,0.0,0.8717948717948718,0.1282051282051282,-0.23397435897435892,-0.5416666666666666,0.11742424242424243,-0.1416666666666666,-0.11309523809523808,-0.375,-0.5416666666666666,-0.5416666666666666,-0.5416666666666666,-0.5416666666666666,-0.5416666666666666,-0.04166666666666663,0.2765151515151516,0.11050724637681164,-0.5416666666666666,-0.5416666666666666,-0.5416666666666666,-0.1416666666666666,-0.5416666666666666,0.06547619047619047,-0.20833333333333331,84,44,0.5238095238095238,5774.79761904762,9043.999999999998,3,6,4,0.0,0.0,18.590909090909097,53.18181818181818,45.0,55.5,0.2857142857142857,0.5,0,0.35714285714285715,0.0,0.6326530612244898,0.4,0.42857142857142855,0.2857142857142857,0.0,0.0,0.0,0.0,0.0,0.5,0.75,0.6296296296296297,0.0,0.0,0.0,0.4,0.0,0.5538461538461539,0.4444444444444444,0.16666666666666666,0.011904761904761904,0.5833333333333334,0.23809523809523808,0.08333333333333333,0.08333333333333333,0.0,0.0,0.0,0.011904761904761904,0.0,0.11904761904761904,0.14285714285714285,0.32142857142857145,0.0,0.0,0.0,0.23809523809523808,0.011904761904761904,0.7738095238095238,0.21428571428571427,0.11363636363636363,0.0,0.7045454545454546,0.18181818181818182,0.06818181818181818,0.045454545454545456,0.0,0.0,0.0,0.0,0.0,0.11363636363636363,0.20454545454545456,0.38636363636363635,0.0,0.0,0.0,0.18181818181818182,0.0,0.8181818181818182,0.18181818181818182,-0.16666666666666669,-0.5238095238095238,0.108843537414966,-0.12380952380952381,-0.09523809523809529,-0.23809523809523814,-0.5238095238095238,-0.5238095238095238,-0.5238095238095238,-0.5238095238095238,-0.5238095238095238,-0.023809523809523836,0.22619047619047616,0.10582010582010581,-0.5238095238095238,-0.5238095238095238,-0.5238095238095238,-0.12380952380952381,-0.5238095238095238,0.03003663003663004,-0.07936507936507942,0.017857142857142794,-12
01217151-bf27-5411-b912-7b1ada8d5305,Malaga,culture_theatre_explorer,54,31,0.5740740740740741,5964.814814814815,8797.09677419355,3,6,3,0.0,0.0,11.806451612903224,54.193548387096776,45.0,56.73913043478261,0.25925925925925924,0.5,0,0.5,0.0,0.5833333333333334,0.5833333333333334,0.25,1.0,0.0,0.0,0.0,0.0,0.0,0.3333333333333333,0.6666666666666666,0.6666666666666666,0.0,0.0,0.0,0.6363636363636364,1.0,0.575,0.5384615384615384,0.1111111111111111,0.0,0.6666666666666666,0.2222222222222222,0.07407407407407407,0.037037037037037035,0.0,0.0,0.0,0.0,0.0,0.16666666666666666,0.16666666666666666,0.3333333333333333,0.0,0.018518518518518517,0.0,0.2037037037037037,0.018518518518518517,0.7407407407407407,0.24074074074074073,0.0967741935483871,0.0,0.6774193548387096,0.22580645161290322,0.03225806451612903,0.06451612903225806,0.0,0.0,0.0,0.0,0.0,0.0967741935483871,0.1935483870967742,0.3870967741935484,0.0,0.0,0.0,0.22580645161290322,0.03225806451612903,0.7419354838709677,0.22580645161290322,-0.07407407407407407,-0.5740740740740741,0.0092592592592593,0.0092592592592593,-0.32407407407407407,0.42592592592592593,-0.5740740740740741,-0.5740740740740741,-0.5740740740740741,-0.5740740740740741,-0.5740740740740741,-0.24074074074074076,0.09259259259259256,0.09259259259259256,-0.5740740740740741,-0.5740740740740741,-0.5740740740740741,0.062289562289562284,0.42592592592592593,9.259259259258856E-4,-0.035612535612535634,70,39,0.5571428571428572,5915.714285714287,8896.179487179488,3,6,3,0.0,0.0,25.33333333333334,52.30769230769231,45.0,58.064516129032256,0.2857142857142857,0.45,0,0.3,0.0,0.5869565217391305,0.6428571428571429,0.14285714285714285,0.6666666666666666,0.0,0.0,0.0,0.0,0.0,0.3,0.5454545454545454,0.72,0.0,0.0,0.0,0.6923076923076923,1.0,0.5849056603773585,0.4375,0.14285714285714285,0.0,0.6571428571428571,0.2,0.1,0.04285714285714286,0.0,0.0,0.0,0.0,0.0,0.14285714285714285,0.15714285714285714,0.35714285714285715,0.0,0.014285714285714285,0.0,0.18571428571428572,0.014285714285714285,0.7571428571428571,0.22857142857142856,0.07692307692307693,0.0,0.6923076923076923,0.23076923076923078,0.02564102564102564,0.05128205128205128,0.0,0.0,0.0,0.0,0.0,0.07692307692307693,0.15384615384615385,0.46153846153846156,0.0,0.0,0.0,0.23076923076923078,0.02564102564102564,0.7948717948717948,0.1794871794871795,-0.2571428571428572,-0.5571428571428572,0.029813664596273326,0.08571428571428574,-0.4142857142857143,0.10952380952380947,-0.5571428571428572,-0.5571428571428572,-0.5571428571428572,-0.5571428571428572,-0.5571428571428572,-0.2571428571428572,-0.011688311688311748,0.1628571428571428,-0.5571428571428572,-0.5571428571428572,-0.5571428571428572,0.13516483516483513,0.44285714285714284,0.02776280323450131,-0.11964285714285716,0.016931216931216908,-16
027a1197-d48d-5e03-9b88-7bb84db2f416,Barcelona,broad_discovery_flexible,73,21,0.2876712328767123,4108.232876712329,8344.0,3,6,4,0.0,0.0,14.047619047619047,60.0,45.0,63.17307692307693,0.2328767123287671,0.23529411764705882,1,0.22727272727272727,0.0,0.47619047619047616,0.20689655172413793,0.16666666666666666,0.3,0.0,0.0,0.0,0.0,0.0,0.25,0.5,0.5454545454545454,0.0,0.0,0.0,0.23076923076923078,0.0,0.3111111111111111,0.25,0.3013698630136986,0.0136986301369863,0.2876712328767123,0.3972602739726027,0.1643835616438356,0.136986301369863,0.0,0.0,0.0,0.0136986301369863,0.0,0.0547945205479452,0.0821917808219178,0.1506849315068493,0.0,0.0410958904109589,0.0,0.3561643835616438,0.0,0.6164383561643836,0.3835616438356164,0.23809523809523808,0.0,0.47619047619047616,0.2857142857142857,0.09523809523809523,0.14285714285714285,0.0,0.0,0.0,0.0,0.0,0.047619047619047616,0.14285714285714285,0.2857142857142857,0.0,0.0,0.0,0.2857142857142857,0.0,0.6666666666666666,0.3333333333333333,-0.06039850560398505,-0.2876712328767123,0.18851924331376385,-0.08077468115257438,-0.12100456621004566,0.012328767123287676,-0.2876712328767123,-0.2876712328767123,-0.2876712328767123,-0.2876712328767123,-0.2876712328767123,-0.03767123287671231,0.2123287671232877,0.2577833125778331,-0.2876712328767123,-0.2876712328767123,-0.2876712328767123,-0.05690200210748153,-0.2876712328767123,0.023439878234398803,-0.03767123287671231,93,29,0.3118279569892473,4246.559139784947,8414.620689655174,3,6,4,0.0,0.0,27.75862068965517,58.9655172413793,45.0,61.17187499999999,0.22580645161290322,0.23809523809523808,1,0.3333333333333333,0.0,0.38461538461538464,0.2564102564102564,0.3125,0.36363636363636365,0.0,0.0,0.0,0.0,0.0,0.16666666666666666,0.375,0.5,0.0,0.0,0.0,0.2777777777777778,0.0,0.32786885245901637,0.28125,0.2903225806451613,0.010752688172043012,0.27956989247311825,0.41935483870967744,0.17204301075268819,0.11827956989247312,0.0,0.0,0.0,0.010752688172043012,0.0,0.06451612903225806,0.08602150537634409,0.12903225806451613,0.0,0.03225806451612903,0.0,0.3870967741935484,0.0,0.6559139784946236,0.34408602150537637,0.3103448275862069,0.0,0.3448275862068966,0.3448275862068966,0.1724137931034483,0.13793103448275862,0.0,0.0,0.0,0.0,0.0,0.034482758620689655,0.10344827586206896,0.20689655172413793,0.0,0.0,0.0,0.3448275862068966,0.0,0.6896551724137931,0.3103448275862069,0.021505376344086002,-0.3118279569892473,0.07278742762613732,-0.055417700578990925,6.720430107526876E-4,0.051808406647116334,-0.3118279569892473,-0.3118279569892473,-0.3118279569892473,-0.3118279569892473,-0.3118279569892473,-0.14516129032258066,0.06317204301075269,0.1881720430107527,-0.3118279569892473,-0.3118279569892473,-0.3118279569892473,-0.03405017921146952,-0.3118279569892473,0.016040895469769056,-0.030577956989247312,-0.024156724112535,-20
0404d614-8aa7-5201-8324-06dafb170d60,Barcelona,sports_basketball_traveler,42,10,0.23809523809523808,3549.8571428571427,8716.4,3,4,2,0.0,0.0,18.2,85.5,90.0,73.125,0.047619047619047616,0.0,1,0.25,0.0,0.3333333333333333,0.22727272727272727,0.16666666666666666,0.3,0.0,0.0,0.0,0.0,0.0,1.0,0.0,0.0,0.0,0.0,0.0,0.25,0.0,0.07692307692307693,0.3103448275862069,0.38095238095238093,0.023809523809523808,0.07142857142857142,0.5238095238095238,0.14285714285714285,0.23809523809523808,0.0,0.0,0.0,0.023809523809523808,0.0,0.023809523809523808,0.0,0.047619047619047616,0.0,0.047619047619047616,0.0,0.47619047619047616,0.0,0.30952380952380953,0.6904761904761905,0.4,0.0,0.1,0.5,0.1,0.3,0.0,0.0,0.0,0.0,0.0,0.1,0.0,0.0,0.0,0.0,0.0,0.5,0.0,0.1,0.9,0.011904761904761918,-0.23809523809523808,0.09523809523809523,-0.010822510822510817,-0.07142857142857142,0.06190476190476191,-0.23809523809523808,-0.23809523809523808,-0.23809523809523808,-0.23809523809523808,-0.23809523809523808,0.7619047619047619,-0.23809523809523808,-0.23809523809523808,-0.23809523809523808,-0.23809523809523808,-0.23809523809523808,0.011904761904761918,-0.23809523809523808,-0.16117216117216115,0.07224958949096882,53,15,0.2830188679245283,3656.037735849057,8016.400000000001,3,4,2,0.0,0.0,35.666666666666664,87.0,90.0,74.60526315789474,0.05660377358490566,0.0,1,0.3157894736842105,0.0,0.3333333333333333,0.26666666666666666,0.2857142857142857,0.3333333333333333,0.0,0.0,0.0,0.0,0.0,1.0,0.0,0.0,0.0,0.0,0.0,0.2857142857142857,0.0,0.07142857142857142,0.358974358974359,0.3584905660377358,0.018867924528301886,0.05660377358490566,0.5660377358490566,0.1320754716981132,0.22641509433962265,0.0,0.0,0.0,0.018867924528301886,0.0,0.018867924528301886,0.0,0.03773584905660377,0.0,0.03773584905660377,0.0,0.5283018867924528,0.0,0.2641509433962264,0.7358490566037735,0.4,0.0,0.06666666666666667,0.5333333333333333,0.13333333333333333,0.26666666666666666,0.0,0.0,0.0,0.0,0.0,0.06666666666666667,0.0,0.0,0.0,0.0,0.0,0.5333333333333333,0.0,0.06666666666666667,0.9333333333333333,0.032770605759682214,-0.2830188679245283,0.05031446540880502,-0.01635220125786163,0.002695417789757404,0.05031446540880502,-0.2830188679245283,-0.2830188679245283,-0.2830188679245283,-0.2830188679245283,-0.2830188679245283,0.7169811320754718,-0.2830188679245283,-0.2830188679245283,-0.2830188679245283,-0.2830188679245283,-0.2830188679245283,0.002695417789757404,-0.2830188679245283,-0.21159029649595687,0.07595549104983068,-0.04492362982929021,-11
0587034a-9164-52ea-a7d1-a6d88872d7fc,Valencia,broad_discovery_flexible,61,21,0.3442622950819672,4273.081967213114,8331.047619047618,3,5,4,0.0,0.0,14.619047619047617,53.57142857142857,45.0,57.375,0.22950819672131148,0.2857142857142857,0,0.23809523809523808,0.0,0.4117647058823529,0.4090909090909091,0.2,0.2727272727272727,0.0,0.0,0.0,0.0,0.0,0.0,0.4,0.5,0.0,0.0,0.0,0.42857142857142855,0.0,0.3695652173913043,0.26666666666666666,0.3442622950819672,0.01639344262295082,0.2786885245901639,0.36065573770491804,0.16393442622950818,0.18032786885245902,0.0,0.0,0.0,0.01639344262295082,0.0,0.03278688524590164,0.08196721311475409,0.16393442622950818,0.0,0.01639344262295082,0.0,0.3442622950819672,0.0,0.7540983606557377,0.2459016393442623,0.23809523809523808,0.0,0.3333333333333333,0.42857142857142855,0.09523809523809523,0.14285714285714285,0.0,0.0,0.0,0.0,0.0,0.0,0.09523809523809523,0.23809523809523808,0.0,0.0,0.0,0.42857142857142855,0.0,0.8095238095238095,0.19047619047619047,-0.10616705698672912,-0.3442622950819672,0.06750241080038571,0.06482861400894191,-0.1442622950819672,-0.0715350223546945,-0.3442622950819672,-0.3442622950819672,-0.3442622950819672,-0.3442622950819672,-0.3442622950819672,-0.3442622950819672,0.055737704918032815,0.1557377049180328,-0.3442622950819672,-0.3442622950819672,-0.3442622950819672,0.08430913348946134,-0.3442622950819672,0.025302922309337117,-0.07759562841530054,89,33,0.3707865168539326,4484.1797752809,8376.454545454546,3,6,4,0.0,0.0,28.999999999999996,54.545454545454554,45.0,60.267857142857146,0.2247191011235955,0.3,0,0.25806451612903225,0.0,0.42857142857142855,0.4444444444444444,0.25,0.26666666666666666,0.0,0.0,0.0,0.0,0.0,0.0,0.4,0.5833333333333334,0.0,0.3333333333333333,0.0,0.45454545454545453,0.0,0.4126984126984127,0.2692307692307692,0.34831460674157305,0.011235955056179775,0.23595505617977527,0.4044943820224719,0.1797752808988764,0.16853932584269662,0.0,0.0,0.0,0.011235955056179775,0.0,0.0449438202247191,0.056179775280898875,0.1348314606741573,0.0,0.033707865168539325,0.0,0.3707865168539326,0.0,0.7078651685393258,0.29213483146067415,0.24242424242424243,0.0,0.2727272727272727,0.48484848484848486,0.12121212121212122,0.12121212121212122,0.0,0.0,0.0,0.0,0.0,0.0,0.06060606060606061,0.21212121212121213,0.0,0.030303030303030304,0.0,0.45454545454545453,0.0,0.7878787878787878,0.21212121212121213,-0.11272200072490035,-0.3707865168539326,0.057784911717495946,0.07365792759051182,-0.1207865168539326,-0.10411985018726594,-0.3707865168539326,-0.3707865168539326,-0.3707865168539326,-0.3707865168539326,-0.3707865168539326,-0.3707865168539326,0.02921348314606742,0.21254681647940077,-0.3707865168539326,-0.03745318352059929,-0.3707865168539326,0.08375893769152193,-0.3707865168539326,0.041911895844480074,-0.10155574762316338,-0.026524221771965395,-28
069a03fb-863d-5de3-9f3e-884acccd12de,Malaga,flamenco_world_madrid,45,28,0.6222222222222222,6172.222222222223,8424.42857142857,2,3,3,0.0,0.0,13.928571428571429,73.92857142857143,90.0,63.529411764705884,0.08888888888888889,0.75,1,0.7941176470588235,0.0,0.25,0.0,0.7,0.8333333333333334,0.0,0.0,0.0,0.0,0.0,0.0,1.0,0.0,0.0,0.0,0.0,0.0,0.0,0.5,0.72,0.7555555555555555,0.022222222222222223,0.08888888888888889,0.13333333333333333,0.2222222222222222,0.5333333333333333,0.0,0.0,0.0,0.022222222222222223,0.0,0.0,0.022222222222222223,0.06666666666666667,0.0,0.0,0.0,0.13333333333333333,0.0,0.4444444444444444,0.5555555555555556,0.9642857142857143,0.0,0.03571428571428571,0.0,0.25,0.7142857142857143,0.0,0.0,0.0,0.0,0.0,0.0,0.03571428571428571,0.0,0.0,0.0,0.0,0.0,0.0,0.35714285714285715,0.6428571428571429,0.17189542483660125,-0.6222222222222222,-0.37222222222222223,-0.6222222222222222,0.07777777777777772,0.21111111111111114,-0.6222222222222222,-0.6222222222222222,-0.6222222222222222,-0.6222222222222222,-0.6222222222222222,-0.6222222222222222,0.37777777777777777,-0.6222222222222222,-0.6222222222222222,-0.6222222222222222,-0.6222222222222222,-0.6222222222222222,-0.6222222222222222,-0.12222222222222223,0.09777777777777774,57,33,0.5789473684210527,5893.578947368422,8425.454545454546,3,4,3,0.0,0.0,21.242424242424246,73.63636363636364,90.0,63.75,0.10526315789473684,0.6666666666666666,1,0.7560975609756098,0.0,0.2,0.1,0.7272727272727273,0.7666666666666667,0.0,0.0,0.0,0.0,0.0,0.0,1.0,0.0,0.0,0.0,0.0,0.1,0.0,0.46153846153846156,0.6774193548387096,0.7192982456140351,0.017543859649122806,0.08771929824561403,0.17543859649122806,0.19298245614035087,0.5263157894736842,0.0,0.0,0.0,0.017543859649122806,0.0,0.0,0.017543859649122806,0.07017543859649122,0.0,0.0,0.0,0.17543859649122806,0.0,0.45614035087719296,0.543859649122807,0.9393939393939394,0.0,0.030303030303030304,0.030303030303030304,0.24242424242424243,0.696969696969697,0.0,0.0,0.0,0.0,0.0,0.0,0.030303030303030304,0.0,0.0,0.0,0.0,0.030303030303030304,0.0,0.36363636363636365,0.6363636363636364,0.1771501925545571,-0.5789473684210527,-0.37894736842105264,-0.4789473684210527,0.14832535885167464,0.18771929824561406,-0.5789473684210527,-0.5789473684210527,-0.5789473684210527,-0.5789473684210527,-0.5789473684210527,-0.5789473684210527,0.42105263157894735,-0.5789473684210527,-0.5789473684210527,-0.5789473684210527,-0.5789473684210527,-0.4789473684210527,-0.5789473684210527,-0.11740890688259109,0.09847198641765698,0.04327485380116958,-12
06ef8cf1-f2d0-5a8c-ba3f-a74466b0eab0,Madrid,sports_basketball_traveler,55,22,0.4,3995.2727272727266,7197.954545454544,4,6,5,0.0,0.0,14.272727272727272,65.45454545454545,45.0,71.36363636363636,0.03636363636363636,0.0,0,0.3333333333333333,1.0,0.5,0.4,0.36363636363636365,0.3,0.0,0.0,0.0,1.0,0.0,1.0,0.0,0.5,0.0,0.0,0.0,0.4,0.0,0.5,0.3333333333333333,0.38181818181818183,0.01818181818181818,0.14545454545454545,0.45454545454545453,0.2,0.18181818181818182,0.0,0.0,0.0,0.01818181818181818,0.0,0.01818181818181818,0.01818181818181818,0.10909090909090909,0.0,0.0,0.0,0.45454545454545453,0.01818181818181818,0.43636363636363634,0.5454545454545454,0.3181818181818182,0.045454545454545456,0.18181818181818182,0.45454545454545453,0.18181818181818182,0.13636363636363635,0.0,0.0,0.0,0.045454545454545456,0.0,0.045454545454545456,0.0,0.13636363636363635,0.0,0.0,0.0,0.45454545454545453,0.0,0.5454545454545454,0.45454545454545453,-0.06666666666666671,0.6,0.09999999999999998,0.0,-0.036363636363636376,-0.10000000000000003,-0.4,-0.4,-0.4,0.6,-0.4,0.6,-0.4,0.09999999999999998,-0.4,-0.4,-0.4,0.0,-0.4,0.09999999999999998,-0.06666666666666671,73,24,0.3287671232876712,3530.9452054794524,7080.25,4,6,5,0.0,0.0,15.833333333333332,65.625,45.0,71.02040816326532,0.0684931506849315,0.2,0,0.3076923076923077,1.0,0.3076923076923077,0.3333333333333333,0.3333333333333333,0.2857142857142857,0.0,0.0,0.0,1.0,0.0,0.3333333333333333,0.0,0.375,0.0,0.0,0.0,0.3333333333333333,0.0,0.40625,0.275,0.3561643835616438,0.0136986301369863,0.1780821917808219,0.4520547945205479,0.1643835616438356,0.1917808219178082,0.0,0.0,0.0,0.0136986301369863,0.0,0.0410958904109589,0.0273972602739726,0.1095890410958904,0.0,0.0,0.0,0.4520547945205479,0.0136986301369863,0.4383561643835616,0.547945205479452,0.3333333333333333,0.041666666666666664,0.16666666666666666,0.4583333333333333,0.16666666666666666,0.16666666666666666,0.0,0.0,0.0,0.041666666666666664,0.0,0.041666666666666664,0.0,0.125,0.0,0.0,0.0,0.4583333333333333,0.0,0.5416666666666666,0.4583333333333333,-0.021074815595363505,0.6712328767123288,-0.021074815595363505,0.0045662100456621,0.0045662100456621,-0.043052837573385516,-0.3287671232876712,-0.3287671232876712,-0.3287671232876712,0.6712328767123288,-0.3287671232876712,0.0045662100456621,-0.3287671232876712,0.046232876712328785,-0.3287671232876712,-0.3287671232876712,-0.3287671232876712,0.0045662100456621,-0.3287671232876712,0.07748287671232879,-0.05376712328767119,0.07123287671232881,-18
071d73cd-3109-52dc-9943-45c7d3227a67,Madrid,music_pop_rock_local,53,28,0.5283018867924528,5773.754716981132,9139.500000000002,3,5,3,0.0,0.0,15.642857142857146,64.82142857142857,45.0,68.40000000000002,0.07547169811320754,0.5,0,0.5897435897435898,0.0,0.75,0.2222222222222222,0.6956521739130435,0.4375,0.0,0.0,0.0,0.0,0.0,1.0,0.0,1.0,0.0,0.0,0.0,0.25,1.0,0.5384615384615384,0.5,0.7358490566037735,0.018867924528301886,0.07547169811320754,0.16981132075471697,0.4339622641509434,0.3018867924528302,0.0,0.0,0.0,0.018867924528301886,0.0,0.018867924528301886,0.018867924528301886,0.03773584905660377,0.0,0.018867924528301886,0.0,0.1509433962264151,0.018867924528301886,0.49056603773584906,0.49056603773584906,0.8214285714285714,0.0,0.10714285714285714,0.07142857142857142,0.5714285714285714,0.25,0.0,0.0,0.0,0.0,0.0,0.03571428571428571,0.0,0.07142857142857142,0.0,0.0,0.0,0.07142857142857142,0.03571428571428571,0.5,0.4642857142857143,0.061441702951136934,-0.5283018867924528,0.22169811320754718,-0.3060796645702306,0.16735028712059064,-0.09080188679245282,-0.5283018867924528,-0.5283018867924528,-0.5283018867924528,-0.5283018867924528,-0.5283018867924528,0.4716981132075472,-0.5283018867924528,0.4716981132075472,-0.5283018867924528,-0.5283018867924528,-0.5283018867924528,-0.2783018867924528,0.4716981132075472,0.010159651669085612,-0.028301886792452824,65,37,0.5692307692307692,6034.184615384615,9121.27027027027,3,6,4,0.0,0.0,25.16216216216216,63.648648648648646,45.0,67.5,0.09230769230769231,0.6666666666666666,0,0.6326530612244898,0.0,0.8,0.2,0.7333333333333333,0.47368421052631576,0.0,0.0,0.0,0.0,0.0,1.0,0.5,1.0,0.0,0.0,0.0,0.2222222222222222,1.0,0.5882352941176471,0.5333333333333333,0.7538461538461538,0.015384615384615385,0.07692307692307693,0.15384615384615385,0.46153846153846156,0.2923076923076923,0.0,0.0,0.0,0.015384615384615385,0.0,0.015384615384615385,0.03076923076923077,0.03076923076923077,0.0,0.015384615384615385,0.0,0.13846153846153847,0.015384615384615385,0.5230769230769231,0.46153846153846156,0.8378378378378378,0.0,0.10810810810810811,0.05405405405405406,0.5945945945945946,0.24324324324324326,0.0,0.0,0.0,0.0,0.0,0.02702702702702703,0.02702702702702703,0.05405405405405406,0.0,0.0,0.0,0.05405405405405406,0.02702702702702703,0.5405405405405406,0.43243243243243246,0.06342229199372063,-0.5692307692307692,0.23076923076923084,-0.3692307692307692,0.16410256410256407,-0.09554655870445344,-0.5692307692307692,-0.5692307692307692,-0.5692307692307692,-0.5692307692307692,-0.5692307692307692,0.4307692307692308,-0.0692307692307692,0.4307692307692308,-0.5692307692307692,-0.5692307692307692,-0.5692307692307692,-0.347008547008547,0.4307692307692308,0.01900452488687787,-0.03589743589743588,-0.04092888243831638,-12
08047b03-9e5d-5836-97e0-6c23bc6cf30f,Valencia,broad_discovery_flexible,68,26,0.38235294117647056,4721.35294117647,8822.19230769231,3,6,3,0.0,0.0,13.692307692307692,60.57692307692308,45.0,64.28571428571428,0.22058823529411764,0.26666666666666666,0,0.2608695652173913,0.0,0.35294117647058826,0.5185185185185185,0.08333333333333333,0.45454545454545453,0.0,0.0,0.0,0.0,0.0,0.0,0.6666666666666666,0.3333333333333333,0.0,0.4,0.0,0.5454545454545454,0.0,0.4146341463414634,0.3333333333333333,0.3382352941176471,0.014705882352941176,0.25,0.39705882352941174,0.17647058823529413,0.16176470588235295,0.0,0.0,0.0,0.014705882352941176,0.0,0.07352941176470588,0.08823529411764706,0.08823529411764706,0.0,0.07352941176470588,0.0,0.3235294117647059,0.0,0.6029411764705882,0.39705882352941174,0.23076923076923078,0.0,0.23076923076923078,0.5384615384615384,0.038461538461538464,0.19230769230769232,0.0,0.0,0.0,0.0,0.0,0.0,0.15384615384615385,0.07692307692307693,0.0,0.07692307692307693,0.0,0.46153846153846156,0.0,0.6538461538461539,0.34615384615384615,-0.12148337595907927,-0.38235294117647056,-0.029411764705882304,0.13616557734204793,-0.29901960784313725,0.07219251336898397,-0.38235294117647056,-0.38235294117647056,-0.38235294117647056,-0.38235294117647056,-0.38235294117647056,-0.38235294117647056,0.28431372549019607,-0.04901960784313725,-0.38235294117647056,0.01764705882352946,-0.38235294117647056,0.16310160427807485,-0.38235294117647056,0.03228120516499283,-0.04901960784313725,86,33,0.38372093023255816,4650.9534883720935,8663.848484848486,3,7,4,0.0,0.0,23.909090909090907,57.27272727272728,45.0,64.52830188679245,0.19767441860465115,0.23529411764705882,0,0.2413793103448276,0.0,0.38095238095238093,0.5142857142857142,0.07142857142857142,0.4,0.0,0.0,0.0,0.0,0.0,0.16666666666666666,0.6666666666666666,0.3333333333333333,0.0,0.4,0.0,0.5333333333333333,0.0,0.4444444444444444,0.28125,0.3372093023255814,0.011627906976744186,0.2441860465116279,0.4069767441860465,0.16279069767441862,0.1744186046511628,0.0,0.0,0.0,0.011627906976744186,0.0,0.06976744186046512,0.06976744186046512,0.10465116279069768,0.0,0.05813953488372093,0.0,0.3488372093023256,0.0,0.627906976744186,0.37209302325581395,0.21212121212121213,0.0,0.24242424242424243,0.5454545454545454,0.030303030303030304,0.18181818181818182,0.0,0.0,0.0,0.0,0.0,0.030303030303030304,0.12121212121212122,0.09090909090909091,0.0,0.06060606060606061,0.0,0.48484848484848486,0.0,0.7272727272727273,0.2727272727272727,-0.14234161988773056,-0.38372093023255816,-0.002768549280177224,0.13056478405315608,-0.31229235880398676,0.016279069767441867,-0.38372093023255816,-0.38372093023255816,-0.38372093023255816,-0.38372093023255816,-0.38372093023255816,-0.2170542635658915,0.2829457364341085,-0.05038759689922484,-0.38372093023255816,0.016279069767441867,-0.38372093023255816,0.14961240310077517,-0.38372093023255816,0.060723514211886265,-0.10247093023255816,-0.001367989056087593,-18
086ef8f4-f894-5f19-a7c7-4e817f3d7131,Madrid,flamenco_world_madrid,49,32,0.6530612244897959,6764.183673469389,9122.03125,2,3,3,0.0,0.0,12.03125,77.34375000000001,90.0,66.17647058823529,0.22448979591836735,0.45454545454545453,0,0.7948717948717948,0.0,0.0,0.16666666666666666,0.8888888888888888,0.7666666666666667,0.0,0.0,0.0,0.0,0.0,0.0,0.0,0.0,0.0,0.0,0.0,0.2,0.0,0.5,0.7419354838709677,0.7959183673469388,0.0,0.08163265306122448,0.12244897959183673,0.1836734693877551,0.6122448979591837,0.0,0.0,0.0,0.0,0.0,0.0,0.02040816326530612,0.061224489795918366,0.0,0.02040816326530612,0.0,0.10204081632653061,0.0,0.3673469387755102,0.6326530612244898,0.96875,0.0,0.0,0.03125,0.25,0.71875,0.0,0.0,0.0,0.0,0.0,0.0,0.0,0.0,0.0,0.0,0.0,0.03125,0.0,0.28125,0.71875,0.14181057038199896,-0.6530612244897959,-0.6530612244897959,-0.48639455782312924,0.23582766439909297,0.11360544217687085,-0.6530612244897959,-0.6530612244897959,-0.6530612244897959,-0.6530612244897959,-0.6530612244897959,-0.6530612244897959,-0.6530612244897959,-0.6530612244897959,-0.6530612244897959,-0.6530612244897959,-0.6530612244897959,-0.45306122448979586,-0.6530612244897959,-0.15306122448979587,0.08887425938117188,56,36,0.6428571428571429,6762.875,9277.166666666666,3,4,4,0.0,0.0,18.22222222222222,76.25,90.0,67.5,0.21428571428571427,0.4166666666666667,0,0.7674418604651163,0.0,0.2,0.25,0.8888888888888888,0.7352941176470589,0.0,0.0,0.0,0.0,0.0,0.0,0.0,0.25,0.0,0.0,0.0,0.2857142857142857,0.0,0.5238095238095238,0.7142857142857143,0.7678571428571429,0.0,0.08928571428571429,0.14285714285714285,0.16071428571428573,0.6071428571428571,0.0,0.0,0.0,0.0,0.0,0.0,0.017857142857142856,0.07142857142857142,0.0,0.017857142857142856,0.0,0.125,0.0,0.375,0.625,0.9166666666666666,0.0,0.027777777777777776,0.05555555555555555,0.2222222222222222,0.6944444444444444,0.0,0.0,0.0,0.0,0.0,0.0,0.0,0.027777777777777776,0.0,0.0,0.0,0.05555555555555555,0.0,0.3055555555555556,0.6944444444444444,0.1245847176079734,-0.6428571428571429,-0.4428571428571429,-0.3928571428571429,0.24603174603174593,0.09243697478991597,-0.6428571428571429,-0.6428571428571429,-0.6428571428571429,-0.6428571428571429,-0.6428571428571429,-0.6428571428571429,-0.6428571428571429,-0.3928571428571429,-0.6428571428571429,-0.6428571428571429,-0.6428571428571429,-0.3571428571428572,-0.6428571428571429,-0.11904761904761907,0.0714285714285714,0.010204081632652962,-7
09809ba2-f3e8-548f-b647-b5d1489a6dc9,Madrid,family_weekend_exhibition,65,34,0.5230769230769231,5225.246153846155,8087.088235294118,3,5,3,0.0,0.0,15.73529411764706,55.588235294117645,45.0,55.16129032258065,0.12307692307692308,0.625,0,0.4,0.0,0.5454545454545454,0.5416666666666666,0.0,0.6666666666666666,0.0,0.0,0.0,0.0,0.0,0.0,0.5,1.0,0.0,0.7272727272727273,0.0,0.4864864864864865,0.0,0.52,0.5333333333333333,0.07692307692307693,0.015384615384615385,0.16923076923076924,0.7384615384615385,0.03076923076923077,0.046153846153846156,0.0,0.0,0.0,0.015384615384615385,0.0,0.015384615384615385,0.12307692307692308,0.03076923076923077,0.0,0.16923076923076924,0.0,0.5692307692307692,0.0,0.7692307692307693,0.23076923076923078,0.058823529411764705,0.0,0.17647058823529413,0.7647058823529411,0.0,0.058823529411764705,0.0,0.0,0.0,0.0,0.0,0.0,0.11764705882352941,0.058823529411764705,0.0,0.23529411764705882,0.0,0.5294117647058824,0.0,0.7647058823529411,0.23529411764705882,-0.12307692307692308,-0.5230769230769231,0.022377622377622308,0.018589743589743524,-0.5230769230769231,0.14358974358974352,-0.5230769230769231,-0.5230769230769231,-0.5230769230769231,-0.5230769230769231,-0.5230769230769231,-0.5230769230769231,-0.023076923076923106,0.4769230769230769,-0.5230769230769231,0.2041958041958042,-0.5230769230769231,-0.03659043659043659,-0.5230769230769231,-0.003076923076923088,0.01025641025641022,79,44,0.5569620253164557,5420.253164556962,8093.477272727272,3,5,4,0.0,0.0,25.795454545454547,55.22727272727273,45.0,54.0,0.12658227848101267,0.6,0,0.4,0.0,0.5384615384615384,0.5833333333333334,0.0,0.6666666666666666,0.0,0.0,0.0,0.0,0.0,0.0,0.5,0.75,0.0,0.7142857142857143,0.0,0.5434782608695652,0.0,0.5483870967741935,0.5882352941176471,0.06329113924050633,0.012658227848101266,0.16455696202531644,0.759493670886076,0.02531645569620253,0.0379746835443038,0.0,0.0,0.0,0.012658227848101266,0.0,0.012658227848101266,0.10126582278481013,0.05063291139240506,0.0,0.17721518987341772,0.0,0.5822784810126582,0.0,0.7848101265822784,0.21518987341772153,0.045454545454545456,0.0,0.1590909090909091,0.7954545454545454,0.0,0.045454545454545456,0.0,0.0,0.0,0.0,0.0,0.0,0.09090909090909091,0.06818181818181818,0.0,0.22727272727272727,0.0,0.5681818181818182,0.0,0.7727272727272727,0.22727272727272727,-0.15696202531645564,-0.5569620253164557,-0.01850048685491723,0.026371308016877704,-0.5569620253164557,0.10970464135021096,-0.5569620253164557,-0.5569620253164557,-0.5569620253164557,-0.5569620253164557,-0.5569620253164557,-0.5569620253164557,-0.05696202531645567,0.19303797468354433,-0.5569620253164557,0.15732368896925863,-0.5569620253164557,-0.013483764446890478,-0.5569620253164557,-0.008574928542262161,0.03127326880119141,-0.03388510223953256,-14
0bc8f5f6-3933-5b65-b1c4-fa53dd5a3a1a,Barcelona,sports_basketball_traveler,35,10,0.2857142857142857,3983.399999999999,8415.1,3,4,3,0.0,0.0,13.200000000000001,76.5,90.0,70.2,0.11428571428571428,0.5,0,0.35714285714285715,0.0,0.5,0.2222222222222222,0.3333333333333333,0.375,0.0,0.0,0.0,0.0,0.0,0.0,0.0,0.5,0.0,0.0,0.0,0.2222222222222222,0.0,0.21428571428571427,0.3333333333333333,0.4,0.02857142857142857,0.05714285714285714,0.5142857142857142,0.17142857142857143,0.22857142857142856,0.0,0.0,0.0,0.02857142857142857,0.0,0.0,0.0,0.05714285714285714,0.0,0.0,0.0,0.5142857142857142,0.0,0.4,0.6,0.5,0.0,0.1,0.4,0.2,0.3,0.0,0.0,0.0,0.0,0.0,0.0,0.0,0.1,0.0,0.0,0.0,0.4,0.0,0.3,0.7,0.07142857142857145,-0.2857142857142857,0.2142857142857143,-0.06349206349206349,0.047619047619047616,0.0892857142857143,-0.2857142857142857,-0.2857142857142857,-0.2857142857142857,-0.2857142857142857,-0.2857142857142857,-0.2857142857142857,-0.2857142857142857,0.2142857142857143,-0.2857142857142857,-0.2857142857142857,-0.2857142857142857,-0.06349206349206349,-0.2857142857142857,-0.07142857142857142,0.047619047619047616,46,14,0.30434782608695654,4040.6956521739125,8277.714285714286,3,5,3,0.0,0.0,28.78571428571429,80.35714285714286,90.0,68.90625,0.13043478260869565,0.3333333333333333,0,0.3157894736842105,0.0,0.6666666666666666,0.2608695652173913,0.3333333333333333,0.3076923076923077,0.0,0.0,0.0,0.0,0.0,0.0,1.0,0.5,0.0,0.0,0.0,0.2608695652173913,0.0,0.16666666666666666,0.39285714285714285,0.41304347826086957,0.021739130434782608,0.06521739130434782,0.5,0.13043478260869565,0.2826086956521739,0.0,0.0,0.0,0.021739130434782608,0.0,0.0,0.021739130434782608,0.043478260869565216,0.0,0.0,0.0,0.5,0.0,0.391304347826087,0.6086956521739131,0.42857142857142855,0.0,0.14285714285714285,0.42857142857142855,0.14285714285714285,0.2857142857142857,0.0,0.0,0.0,0.0,0.0,0.0,0.07142857142857142,0.07142857142857142,0.0,0.0,0.0,0.42857142857142855,0.0,0.21428571428571427,0.7857142857142857,0.011441647597253968,-0.30434782608695654,0.3623188405797101,-0.043478260869565244,0.028985507246376774,0.0033444816053511683,-0.30434782608695654,-0.30434782608695654,-0.30434782608695654,-0.30434782608695654,-0.30434782608695654,-0.30434782608695654,0.6956521739130435,0.19565217391304346,-0.30434782608695654,-0.30434782608695654,-0.30434782608695654,-0.043478260869565244,-0.30434782608695654,-0.13768115942028988,0.08850931677018631,-0.018633540372670843,-11
0dca4397-d7b1-5334-b43f-c77ffa5fd61a,Madrid,culture_theatre_explorer,55,38,0.6909090909090909,7111.054545454545,9340.552631578947,3,6,5,0.0,0.0,12.710526315789473,50.13157894736842,45.0,66.17647058823529,0.21818181818181817,0.5833333333333334,0,0.6,0.0,0.75,0.6153846153846154,0.7142857142857143,0.3333333333333333,0.0,0.0,0.0,0.0,0.0,0.4,0.75,0.8421052631578947,0.0,0.0,0.0,0.6153846153846154,1.0,0.7804878048780488,0.38461538461538464,0.18181818181818182,0.0,0.5818181818181818,0.23636363636363636,0.12727272727272726,0.05454545454545454,0.0,0.0,0.0,0.0,0.0,0.09090909090909091,0.14545454545454545,0.34545454545454546,0.0,0.0,0.0,0.23636363636363636,0.01818181818181818,0.7454545454545455,0.23636363636363636,0.15789473684210525,0.0,0.631578947368421,0.21052631578947367,0.13157894736842105,0.02631578947368421,0.0,0.0,0.0,0.0,0.0,0.05263157894736842,0.15789473684210525,0.42105263157894735,0.0,0.0,0.0,0.21052631578947367,0.02631578947368421,0.8421052631578947,0.13157894736842105,-0.09090909090909094,-0.6909090909090909,0.05909090909090908,-0.0755244755244755,0.023376623376623384,-0.3575757575757576,-0.6909090909090909,-0.6909090909090909,-0.6909090909090909,-0.6909090909090909,-0.6909090909090909,-0.2909090909090909,0.05909090909090908,0.15119617224880377,-0.6909090909090909,-0.6909090909090909,-0.6909090909090909,-0.0755244755244755,0.3090909090909091,0.08957871396895789,-0.3062937062937063,76,49,0.6447368421052632,6841.381578947367,9309.122448979593,3,6,5,0.0,0.0,24.693877551020414,51.73469387755102,45.0,60.00000000000001,0.2631578947368421,0.5,0,0.5714285714285714,0.0,0.7045454545454546,0.5882352941176471,0.6666666666666666,0.4,0.0,0.0,0.0,0.0,0.0,0.5,0.5833333333333334,0.8333333333333334,0.0,0.0,0.0,0.5882352941176471,1.0,0.6896551724137931,0.47058823529411764,0.18421052631578946,0.013157894736842105,0.5789473684210527,0.2236842105263158,0.11842105263157894,0.06578947368421052,0.0,0.0,0.0,0.013157894736842105,0.0,0.10526315789473684,0.15789473684210525,0.3157894736842105,0.0,0.0,0.0,0.2236842105263158,0.013157894736842105,0.7631578947368421,0.2236842105263158,0.16326530612244897,0.0,0.6326530612244898,0.20408163265306123,0.12244897959183673,0.04081632653061224,0.0,0.0,0.0,0.0,0.0,0.08163265306122448,0.14285714285714285,0.40816326530612246,0.0,0.0,0.0,0.20408163265306123,0.02040816326530612,0.8163265306122449,0.16326530612244897,-0.07330827067669177,-0.6447368421052632,0.05980861244019142,-0.056501547987616085,0.021929824561403466,-0.24473684210526314,-0.6447368421052632,-0.6447368421052632,-0.6447368421052632,-0.6447368421052632,-0.6447368421052632,-0.14473684210526316,-0.06140350877192979,0.1885964912280702,-0.6447368421052632,-0.6447368421052632,-0.6447368421052632,-0.056501547987616085,0.35526315789473684,0.044918330308529986,-0.17414860681114552,0.04617224880382775,-21
0f1b962e-0f6d-5f00-ad31-d08c889f13e8,Valencia,family_weekend_exhibition,47,32,0.6808510638297872,6000.936170212766,7998.843750000001,3,6,3,0.0,0.0,12.281250000000002,50.625,45.0,45.0,0.1276595744680851,0.6666666666666666,0,0.5,0.0,0.3333333333333333,0.7941176470588235,0.3333333333333333,1.0,0.0,0.0,0.0,0.0,0.0,0.0,0.5,0.2857142857142857,0.0,0.6153846153846154,0.0,0.9047619047619048,0.0,0.6511627906976745,1.0,0.0851063829787234,0.0,0.19148936170212766,0.723404255319149,0.06382978723404255,0.02127659574468085,0.0,0.0,0.0,0.0,0.0,0.0,0.0425531914893617,0.14893617021276595,0.0,0.2765957446808511,0.0,0.44680851063829785,0.0,0.9148936170212766,0.0851063829787234,0.0625,0.0,0.09375,0.84375,0.03125,0.03125,0.0,0.0,0.0,0.0,0.0,0.0,0.03125,0.0625,0.0,0.25,0.0,0.59375,0.0,0.875,0.125,-0.18085106382978722,-0.6808510638297872,-0.3475177304964539,0.11326658322903627,-0.3475177304964539,0.3191489361702128,-0.6808510638297872,-0.6808510638297872,-0.6808510638297872,-0.6808510638297872,-0.6808510638297872,-0.6808510638297872,-0.18085106382978722,-0.3951367781155015,-0.6808510638297872,-0.0654664484451718,-0.6808510638297872,0.22391084093211755,-0.6808510638297872,-0.029688273132112752,0.3191489361702128,59,37,0.6271186440677966,5736.237288135592,8019.567567567568,3,6,3,0.0,0.0,18.621621621621625,52.2972972972973,45.0,51.13636363636363,0.11864406779661017,0.5714285714285714,0,0.2857142857142857,0.0,0.4,0.7380952380952381,0.25,0.3333333333333333,0.0,0.0,0.0,0.0,0.0,0.0,0.5,0.375,0.0,0.6428571428571429,0.0,0.7857142857142857,0.0,0.62,0.6666666666666666,0.11864406779661017,0.0,0.1694915254237288,0.711864406779661,0.06779661016949153,0.05084745762711865,0.0,0.0,0.0,0.0,0.0,0.0,0.03389830508474576,0.13559322033898305,0.0,0.23728813559322035,0.0,0.4745762711864407,0.0,0.847457627118644,0.15254237288135594,0.05405405405405406,0.0,0.10810810810810811,0.8378378378378378,0.02702702702702703,0.02702702702702703,0.0,0.0,0.0,0.0,0.0,0.0,0.02702702702702703,0.08108108108108109,0.0,0.24324324324324326,0.0,0.5945945945945946,0.0,0.8378378378378378,0.16216216216216217,-0.3414043583535109,-0.6271186440677966,-0.22711864406779658,0.11097659402744153,-0.3771186440677966,-0.2937853107344633,-0.6271186440677966,-0.6271186440677966,-0.6271186440677966,-0.6271186440677966,-0.6271186440677966,-0.6271186440677966,-0.1271186440677966,-0.2521186440677966,-0.6271186440677966,0.0157384987893463,-0.6271186440677966,0.1585956416464891,-0.6271186440677966,-0.007118644067796609,0.039548022598870025,0.05373241976199061,-12
0f5112ec-5773-5550-a280-a27457bd6fc5,Madrid,culture_theatre_explorer,57,31,0.543859649122807,5734.228070175437,8578.806451612903,4,8,4,0.0,0.0,14.741935483870966,58.064516129032256,45.0,57.11538461538461,0.19298245614035087,0.6363636363636364,0,0.7142857142857143,1.0,0.6111111111111112,0.23076923076923078,0.6,1.0,0.0,0.0,0.0,1.0,0.0,0.6666666666666666,0.5,0.6666666666666666,0.0,1.0,0.0,0.16666666666666666,0.0,0.5365853658536586,0.5625,0.12280701754385964,0.017543859649122806,0.631578947368421,0.22807017543859648,0.08771929824561403,0.03508771929824561,0.0,0.0,0.0,0.017543859649122806,0.0,0.15789473684210525,0.21052631578947367,0.2631578947368421,0.0,0.017543859649122806,0.0,0.21052631578947367,0.0,0.7192982456140351,0.2807017543859649,0.16129032258064516,0.03225806451612903,0.7096774193548387,0.0967741935483871,0.0967741935483871,0.06451612903225806,0.0,0.0,0.0,0.03225806451612903,0.0,0.1935483870967742,0.1935483870967742,0.3225806451612903,0.0,0.03225806451612903,0.0,0.06451612903225806,0.0,0.7096774193548387,0.2903225806451613,0.17042606516290726,0.45614035087719296,0.06725146198830412,-0.31309041835357626,0.056140350877192935,0.45614035087719296,-0.543859649122807,-0.543859649122807,-0.543859649122807,0.45614035087719296,-0.543859649122807,0.12280701754385959,-0.04385964912280704,0.12280701754385959,-0.543859649122807,0.45614035087719296,-0.543859649122807,-0.3771929824561404,-0.543859649122807,-0.007274283269148474,0.018640350877192957,71,38,0.5352112676056338,5651.563380281689,8550.394736842107,4,8,4,0.0,0.0,23.342105263157894,56.842105263157904,45.0,55.0,0.2112676056338028,0.4666666666666667,0,0.625,1.0,0.6,0.29411764705882354,0.5,1.0,0.0,0.0,0.0,1.0,0.0,0.7,0.5,0.6086956521739131,0.0,1.0,0.0,0.25,0.0,0.5384615384615384,0.5555555555555556,0.11267605633802817,0.014084507042253521,0.6338028169014085,0.23943661971830985,0.08450704225352113,0.028169014084507043,0.0,0.0,0.0,0.014084507042253521,0.0,0.14084507042253522,0.16901408450704225,0.323943661971831,0.0,0.014084507042253521,0.0,0.22535211267605634,0.014084507042253521,0.7323943661971831,0.2535211267605634,0.13157894736842105,0.02631578947368421,0.7105263157894737,0.13157894736842105,0.07894736842105263,0.05263157894736842,0.0,0.0,0.0,0.02631578947368421,0.0,0.18421052631578946,0.15789473684210525,0.3684210526315789,0.0,0.02631578947368421,0.0,0.10526315789473684,0.0,0.7368421052631579,0.2631578947368421,0.08978873239436624,0.46478873239436624,0.06478873239436622,-0.24109362054681022,-0.035211267605633756,0.46478873239436624,-0.5352112676056338,-0.5352112676056338,-0.5352112676056338,0.46478873239436624,-0.5352112676056338,0.1647887323943662,-0.035211267605633756,0.07348438456827933,-0.5352112676056338,0.46478873239436624,-0.5352112676056338,-0.28521126760563376,-0.5352112676056338,0.00325027085590468,0.020344287949921824,0.008648381517173287,-14
0ff59fc3-d5ed-506f-bd9b-314ecfbefb86,Malaga,flamenco_world_madrid,55,26,0.4727272727272727,5603.690909090909,9528.26923076923,3,4,3,0.0,0.0,14.961538461538462,72.6923076923077,90.0,68.27586206896552,0.18181818181818182,0.5,0,0.53125,0.0,0.125,0.5714285714285714,0.5714285714285714,0.52,0.0,0.0,0.0,0.0,0.0,0.0,0.0,0.2,0.0,0.0,0.0,0.5714285714285714,0.0,0.4166666666666667,0.5161290322580645,0.5818181818181818,0.01818181818181818,0.14545454545454545,0.2545454545454545,0.12727272727272726,0.45454545454545453,0.0,0.0,0.0,0.01818181818181818,0.0,0.01818181818181818,0.03636363636363636,0.09090909090909091,0.0,0.0,0.0,0.2545454545454545,0.0,0.43636363636363634,0.5636363636363636,0.6538461538461539,0.0,0.038461538461538464,0.3076923076923077,0.15384615384615385,0.5,0.0,0.0,0.0,0.0,0.0,0.0,0.0,0.038461538461538464,0.0,0.0,0.0,0.3076923076923077,0.0,0.38461538461538464,0.6153846153846154,0.05852272727272728,-0.4727272727272727,-0.3477272727272727,0.09870129870129868,0.09870129870129868,0.0472727272727273,-0.4727272727272727,-0.4727272727272727,-0.4727272727272727,-0.4727272727272727,-0.4727272727272727,-0.4727272727272727,-0.4727272727272727,-0.2727272727272727,-0.4727272727272727,-0.4727272727272727,-0.4727272727272727,0.09870129870129868,-0.4727272727272727,-0.05606060606060603,0.043401759530791784,68,34,0.5,5827.058823529412,9474.117647058822,3,5,5,0.0,0.0,27.5,71.47058823529412,90.0,70.1470588235294,0.17647058823529413,0.5,0,0.5581395348837209,0.0,0.125,0.5625,0.6363636363636364,0.53125,0.0,0.0,0.0,0.0,0.0,0.0,0.0,0.2,0.0,1.0,0.0,0.5333333333333333,0.0,0.4827586206896552,0.5128205128205128,0.6323529411764706,0.014705882352941176,0.11764705882352941,0.23529411764705882,0.16176470588235295,0.47058823529411764,0.0,0.0,0.0,0.014705882352941176,0.0,0.014705882352941176,0.029411764705882353,0.07352941176470588,0.0,0.014705882352941176,0.0,0.22058823529411764,0.0,0.4264705882352941,0.5735294117647058,0.7058823529411765,0.0,0.029411764705882353,0.2647058823529412,0.20588235294117646,0.5,0.0,0.0,0.0,0.0,0.0,0.0,0.0,0.029411764705882353,0.0,0.029411764705882353,0.0,0.23529411764705882,0.0,0.4117647058823529,0.5882352941176471,0.05813953488372092,-0.5,-0.375,0.0625,0.13636363636363635,0.03125,-0.5,-0.5,-0.5,-0.5,-0.5,-0.5,-0.5,-0.3,-0.5,0.5,-0.5,0.033333333333333326,-0.5,-0.017241379310344807,0.012820512820512775,-0.027272727272727282,-13
109bfa44-db80-5032-a992-35947bf19b5a,Malaga,broad_discovery_flexible,64,16,0.25,3833.3906250000005,9240.250000000002,3,6,5,0.0,0.0,11.5,61.875,45.0,58.43750000000001,0.234375,0.3333333333333333,0,0.3,0.0,0.15789473684210525,0.2916666666666667,0.2857142857142857,0.3076923076923077,0.0,0.0,0.0,0.0,0.0,0.3333333333333333,0.0,0.16666666666666666,0.0,0.5,0.0,0.2727272727272727,0.0,0.23809523809523808,0.2857142857142857,0.3125,0.015625,0.296875,0.375,0.109375,0.203125,0.0,0.0,0.0,0.015625,0.0,0.046875,0.0625,0.1875,0.0,0.03125,0.0,0.34375,0.015625,0.65625,0.328125,0.375,0.0,0.1875,0.4375,0.125,0.25,0.0,0.0,0.0,0.0,0.0,0.0625,0.0,0.125,0.0,0.0625,0.0,0.375,0.0,0.625,0.375,0.04999999999999999,-0.25,-0.09210526315789475,0.041666666666666685,0.0357142857142857,0.05769230769230771,-0.25,-0.25,-0.25,-0.25,-0.25,0.08333333333333331,-0.25,-0.08333333333333334,-0.25,0.25,-0.25,0.022727272727272707,-0.25,-0.011904761904761918,0.0357142857142857,81,20,0.24691358024691357,3747.20987654321,9056.7,3,6,6,0.0,0.0,21.150000000000002,63.0,45.0,58.77049180327869,0.24691358024691357,0.3,0,0.30434782608695654,0.0,0.13636363636363635,0.2857142857142857,0.3333333333333333,0.2857142857142857,0.0,0.0,0.0,0.0,0.0,0.3333333333333333,0.0,0.13333333333333333,0.0,0.3333333333333333,0.0,0.28125,0.0,0.23529411764705882,0.2857142857142857,0.2839506172839506,0.012345679012345678,0.2716049382716049,0.43209876543209874,0.1111111111111111,0.1728395061728395,0.0,0.0,0.0,0.012345679012345678,0.0,0.037037037037037035,0.04938271604938271,0.18518518518518517,0.0,0.037037037037037035,0.0,0.3950617283950617,0.024691358024691357,0.6296296296296297,0.345679012345679,0.35,0.0,0.15,0.5,0.15,0.2,0.0,0.0,0.0,0.0,0.0,0.05,0.0,0.1,0.0,0.05,0.0,0.45,0.0,0.6,0.4,0.057434245840042975,-0.24691358024691357,-0.11054994388327721,0.03880070546737213,0.08641975308641975,0.03880070546737213,-0.24691358024691357,-0.24691358024691357,-0.24691358024691357,-0.24691358024691357,-0.24691358024691357,0.08641975308641975,-0.24691358024691357,-0.11358024691358024,-0.24691358024691357,0.08641975308641975,-0.24691358024691357,0.03433641975308643,-0.24691358024691357,-0.011619462599854746,0.03880070546737213,0.0030864197530864335,-17
10f79568-5182-5b40-b3b2-1c4420d6d141,Malaga,broad_discovery_flexible,58,26,0.4482758620689655,4783.482758620689,8273.038461538463,3,7,3,0.0,0.0,13.42307692307692,52.5,45.0,66.09375,0.27586206896551724,0.375,0,0.3333333333333333,0.0,0.4583333333333333,0.5263157894736842,0.5714285714285714,0.125,0.0,0.0,0.0,0.0,0.0,0.25,0.3333333333333333,0.5714285714285714,0.0,0.5,0.0,0.5294117647058824,1.0,0.5405405405405406,0.25,0.25862068965517243,0.0,0.41379310344827586,0.3275862068965517,0.1206896551724138,0.13793103448275862,0.0,0.0,0.0,0.0,0.0,0.06896551724137931,0.10344827586206896,0.2413793103448276,0.0,0.034482758620689655,0.0,0.29310344827586204,0.017241379310344827,0.6379310344827587,0.3448275862068966,0.19230769230769232,0.0,0.4230769230769231,0.38461538461538464,0.15384615384615385,0.038461538461538464,0.0,0.0,0.0,0.0,0.0,0.038461538461538464,0.07692307692307693,0.3076923076923077,0.0,0.038461538461538464,0.0,0.34615384615384615,0.038461538461538464,0.7692307692307693,0.19230769230769232,-0.11494252873563221,-0.4482758620689655,0.01005747126436779,0.07803992740471866,0.12315270935960587,-0.3232758620689655,-0.4482758620689655,-0.4482758620689655,-0.4482758620689655,-0.4482758620689655,-0.4482758620689655,-0.19827586206896552,-0.11494252873563221,0.12315270935960587,-0.4482758620689655,0.051724137931034475,-0.4482758620689655,0.08113590263691683,0.5517241379310345,0.09226467847157505,-0.19827586206896552,68,31,0.45588235294117646,4988.382352941176,8492.774193548386,4,8,4,0.0,0.0,22.709677419354843,55.645161290322584,45.0,64.45945945945945,0.27941176470588236,0.42105263157894735,0,0.42105263157894735,1.0,0.44,0.4782608695652174,0.5,0.36363636363636365,0.0,0.0,0.0,1.0,0.0,0.25,0.2857142857142857,0.5714285714285714,0.0,0.5,0.0,0.47619047619047616,1.0,0.5116279069767442,0.3333333333333333,0.27941176470588236,0.014705882352941176,0.36764705882352944,0.3382352941176471,0.11764705882352941,0.16176470588235295,0.0,0.0,0.0,0.014705882352941176,0.0,0.058823529411764705,0.10294117647058823,0.20588235294117646,0.0,0.029411764705882353,0.0,0.3088235294117647,0.014705882352941176,0.6323529411764706,0.35294117647058826,0.25806451612903225,0.03225806451612903,0.3548387096774194,0.3548387096774194,0.12903225806451613,0.12903225806451613,0.0,0.0,0.0,0.03225806451612903,0.0,0.03225806451612903,0.06451612903225806,0.25806451612903225,0.0,0.03225806451612903,0.0,0.3225806451612903,0.03225806451612903,0.7096774193548387,0.25806451612903225,-0.034829721362229116,0.5441176470588236,-0.01588235294117646,0.022378516624040945,0.04411764705882354,-0.09224598930481281,-0.45588235294117646,-0.45588235294117646,-0.45588235294117646,0.5441176470588236,-0.45588235294117646,-0.20588235294117646,-0.17016806722689076,0.11554621848739494,-0.45588235294117646,0.04411764705882354,-0.45588235294117646,0.020308123249299703,0.5441176470588236,0.055745554035567746,-0.12254901960784315,-0.007606490872210936,-10
123d458a-9a95-5af6-9d73-0b2a4f6c4710,Barcelona,culture_theatre_explorer,45,20,0.4444444444444444,5698.9111111111115,9753.599999999999,3,5,3,0.0,0.0,16.099999999999998,60.75,45.0,58.2,0.3111111111111111,0.5714285714285714,0,0.16666666666666666,0.0,0.5416666666666666,0.4,0.16666666666666666,0.0,0.0,0.0,0.0,0.0,0.0,0.5555555555555556,0.3333333333333333,0.6666666666666666,0.0,0.0,0.0,0.42857142857142855,0.0,0.4482758620689655,0.4666666666666667,0.13333333333333333,0.0,0.5333333333333333,0.3333333333333333,0.13333333333333333,0.0,0.0,0.0,0.0,0.0,0.0,0.2,0.13333333333333333,0.2,0.0,0.022222222222222223,0.0,0.3111111111111111,0.022222222222222223,0.6444444444444445,0.3333333333333333,0.05,0.0,0.65,0.3,0.05,0.0,0.0,0.0,0.0,0.0,0.0,0.25,0.1,0.3,0.0,0.0,0.0,0.3,0.0,0.65,0.35,-0.2777777777777778,-0.4444444444444444,0.09722222222222221,-0.0444444444444444,-0.2777777777777778,-0.4444444444444444,-0.4444444444444444,-0.4444444444444444,-0.4444444444444444,-0.4444444444444444,-0.4444444444444444,0.11111111111111116,-0.1111111111111111,0.2222222222222222,-0.4444444444444444,-0.4444444444444444,-0.4444444444444444,-0.015873015873015872,-0.4444444444444444,0.003831417624521105,0.022222222222222254,65,28,0.4307692307692308,5671.4769230769225,9886.357142857141,3,5,3,0.0,0.0,31.357142857142865,57.85714285714287,45.0,57.56756756756758,0.27692307692307694,0.5,0,0.14285714285714285,0.0,0.5428571428571428,0.36363636363636365,0.16666666666666666,0.0,0.0,0.0,0.0,0.0,0.0,0.5,0.2857142857142857,0.6666666666666666,0.0,0.0,0.0,0.42105263157894735,0.0,0.4444444444444444,0.42105263157894735,0.1076923076923077,0.015384615384615385,0.5384615384615384,0.3384615384615385,0.09230769230769231,0.015384615384615385,0.0,0.0,0.0,0.015384615384615385,0.0,0.15384615384615385,0.1076923076923077,0.27692307692307694,0.0,0.046153846153846156,0.0,0.2923076923076923,0.015384615384615385,0.6923076923076923,0.2923076923076923,0.03571428571428571,0.0,0.6785714285714286,0.2857142857142857,0.03571428571428571,0.0,0.0,0.0,0.0,0.0,0.0,0.17857142857142858,0.07142857142857142,0.42857142857142855,0.0,0.0,0.0,0.2857142857142857,0.0,0.7142857142857143,0.2857142857142857,-0.28791208791208794,-0.4307692307692308,0.11208791208791202,-0.06713286713286715,-0.26410256410256416,-0.4307692307692308,-0.4307692307692308,-0.4307692307692308,-0.4307692307692308,-0.4307692307692308,-0.4307692307692308,0.0692307692307692,-0.1450549450549451,0.23589743589743584,-0.4307692307692308,-0.4307692307692308,-0.4307692307692308,-0.009716599190283448,-0.4307692307692308,0.013675213675213627,-0.009716599190283448,0.013675213675213627,-20
13bc246a-a951-5edc-868a-8cdaa1ca8981,Madrid,family_weekend_exhibition,43,32,0.7441860465116279,6270.534883720931,7743.1875,3,6,3,0.0,0.0,15.625,59.06250000000001,45.0,65.45454545454547,0.09302325581395349,0.75,0,0.8,0.0,1.0,0.7142857142857143,1.0,0.75,0.0,0.0,0.0,0.0,0.0,0.0,1.0,1.0,0.0,0.7,0.0,0.72,0.0,0.7857142857142857,0.6666666666666666,0.11627906976744186,0.0,0.06976744186046512,0.813953488372093,0.023255813953488372,0.09302325581395349,0.0,0.0,0.0,0.0,0.0,0.0,0.023255813953488372,0.046511627906976744,0.0,0.23255813953488372,0.0,0.5813953488372093,0.0,0.6511627906976745,0.3488372093023256,0.125,0.0,0.09375,0.78125,0.03125,0.09375,0.0,0.0,0.0,0.0,0.0,0.0,0.03125,0.0625,0.0,0.21875,0.0,0.5625,0.0,0.6875,0.3125,0.05581395348837215,-0.7441860465116279,0.2558139534883721,-0.029900332225913595,0.2558139534883721,0.005813953488372103,-0.7441860465116279,-0.7441860465116279,-0.7441860465116279,-0.7441860465116279,-0.7441860465116279,-0.7441860465116279,0.2558139534883721,0.2558139534883721,-0.7441860465116279,-0.04418604651162794,-0.7441860465116279,-0.024186046511627923,-0.7441860465116279,0.0415282392026578,-0.07751937984496127,59,39,0.6610169491525424,5731.305084745763,7572.230769230769,3,6,3,0.0,0.0,23.89743589743589,56.53846153846153,45.0,63.0,0.0847457627118644,0.6,0,0.6666666666666666,0.0,0.7142857142857143,0.6521739130434783,0.5,0.75,0.0,0.0,0.0,0.0,0.0,0.0,1.0,0.6666666666666666,0.0,0.6923076923076923,0.0,0.6363636363636364,0.0,0.7073170731707317,0.5555555555555556,0.1016949152542373,0.0,0.11864406779661017,0.7796610169491526,0.03389830508474576,0.06779661016949153,0.0,0.0,0.0,0.0,0.0,0.01694915254237288,0.05084745762711865,0.05084745762711865,0.0,0.22033898305084745,0.0,0.559322033898305,0.0,0.6949152542372882,0.3050847457627119,0.10256410256410256,0.0,0.1282051282051282,0.7692307692307693,0.02564102564102564,0.07692307692307693,0.0,0.0,0.0,0.0,0.0,0.0,0.07692307692307693,0.05128205128205128,0.0,0.23076923076923078,0.0,0.5384615384615384,0.0,0.7435897435897436,0.2564102564102564,0.005649717514124242,-0.6610169491525424,0.053268765133171914,-0.008843036109064117,-0.1610169491525424,0.08898305084745761,-0.6610169491525424,-0.6610169491525424,-0.6610169491525424,-0.6610169491525424,-0.6610169491525424,-0.6610169491525424,0.3389830508474576,0.005649717514124242,-0.6610169491525424,0.0312907431551499,-0.6610169491525424,-0.024653312788906034,-0.6610169491525424,0.04630012401818928,-0.10546139359698681,0.08316909735908551,-16
13f47435-4e49-5628-a07e-aaf729c1b49a,Malaga,broad_discovery_flexible,61,24,0.39344262295081966,4421.196721311477,8070.791666666666,3,6,3,0.0,0.0,12.958333333333332,69.375,90.0,62.027027027027025,0.18032786885245902,0.6363636363636364,2,0.47368421052631576,0.0,0.23076923076923078,0.41379310344827586,0.5,0.46153846153846156,0.0,0.0,0.0,0.0,0.0,0.2,0.0,0.3333333333333333,0.0,0.42857142857142855,0.0,0.4090909090909091,0.0,0.3235294117647059,0.48148148148148145,0.3114754098360656,0.0,0.21311475409836064,0.47540983606557374,0.09836065573770492,0.21311475409836064,0.0,0.0,0.0,0.0,0.0,0.08196721311475409,0.03278688524590164,0.09836065573770492,0.0,0.11475409836065574,0.0,0.36065573770491804,0.0,0.5573770491803278,0.4426229508196721,0.375,0.0,0.125,0.5,0.125,0.25,0.0,0.0,0.0,0.0,0.0,0.041666666666666664,0.0,0.08333333333333333,0.0,0.125,0.0,0.375,0.0,0.4583333333333333,0.5416666666666666,0.0802415875754961,-0.39344262295081966,-0.16267339218158888,0.02035048049745619,0.10655737704918034,0.0680958385876419,-0.39344262295081966,-0.39344262295081966,-0.39344262295081966,-0.39344262295081966,-0.39344262295081966,-0.19344262295081965,-0.39344262295081966,-0.06010928961748635,-0.39344262295081966,0.03512880562060888,-0.39344262295081966,0.01564828614008945,-0.39344262295081966,-0.06991321118611377,0.08803885853066179,82,30,0.36585365853658536,4327.158536585365,8184.0666666666675,3,7,3,0.0,0.0,22.133333333333333,64.5,45.0,58.84615384615385,0.1951219512195122,0.5625,2,0.44,0.0,0.3181818181818182,0.35294117647058826,0.45454545454545453,0.42857142857142855,0.0,0.0,0.0,0.0,0.0,0.3333333333333333,0.4,0.2727272727272727,0.0,0.42857142857142855,0.0,0.3333333333333333,0.0,0.32075471698113206,0.4482758620689655,0.3048780487804878,0.012195121951219513,0.2682926829268293,0.4146341463414634,0.13414634146341464,0.17073170731707318,0.0,0.0,0.0,0.012195121951219513,0.0,0.07317073170731707,0.06097560975609756,0.13414634146341464,0.0,0.08536585365853659,0.0,0.32926829268292684,0.0,0.6463414634146342,0.35365853658536583,0.36666666666666664,0.0,0.23333333333333334,0.4,0.16666666666666666,0.2,0.0,0.0,0.0,0.0,0.0,0.06666666666666667,0.06666666666666667,0.1,0.0,0.1,0.0,0.3,0.0,0.5666666666666667,0.43333333333333335,0.07414634146341464,-0.36585365853658536,-0.04767184035476718,-0.0129124820659971,0.08869179600886917,0.06271777003484319,-0.36585365853658536,-0.36585365853658536,-0.36585365853658536,-0.36585365853658536,-0.36585365853658536,-0.03252032520325204,0.034146341463414664,-0.09312638580931265,-0.36585365853658536,0.06271777003484319,-0.36585365853658536,-0.03252032520325204,-0.36585365853658536,-0.0450989415554533,0.08242220353238017,0.027588964414234307,-21
146368dc-2a8a-5b45-86b8-12b944d1c935,Valencia,music_pop_rock_local,61,29,0.47540983606557374,4990.6557377049185,8194.827586206899,3,5,4,0.0,0.0,13.344827586206899,63.620689655172406,45.0,63.28125,0.08196721311475409,0.4,0,0.5476190476190477,0.0,0.4444444444444444,0.2222222222222222,0.5714285714285714,0.5238095238095238,0.0,0.0,0.0,0.0,0.0,0.0,0.6666666666666666,0.5,0.0,0.0,0.0,0.2222222222222222,0.0,0.4722222222222222,0.48,0.6885245901639344,0.01639344262295082,0.14754098360655737,0.14754098360655737,0.3442622950819672,0.3442622950819672,0.0,0.0,0.0,0.01639344262295082,0.0,0.03278688524590164,0.04918032786885246,0.06557377049180328,0.0,0.0,0.0,0.14754098360655737,0.0,0.5901639344262295,0.4098360655737705,0.7931034482758621,0.0,0.13793103448275862,0.06896551724137931,0.41379310344827586,0.3793103448275862,0.0,0.0,0.0,0.0,0.0,0.0,0.06896551724137931,0.06896551724137931,0.0,0.0,0.0,0.06896551724137931,0.0,0.5862068965517241,0.41379310344827586,0.07220921155347393,-0.47540983606557374,-0.030965391621129323,-0.25318761384335153,0.09601873536299765,0.04839968774395009,-0.47540983606557374,-0.47540983606557374,-0.47540983606557374,-0.47540983606557374,-0.47540983606557374,-0.47540983606557374,0.1912568306010929,0.024590163934426257,-0.47540983606557374,-0.47540983606557374,-0.47540983606557374,-0.25318761384335153,-0.47540983606557374,-0.0031876138433515333,0.004590163934426239,72,38,0.5277777777777778,5398.48611111111,8392.473684210525,3,5,4,0.0,0.0,25.184210526315784,62.76315789473685,45.0,63.529411764705884,0.06944444444444445,0.4,0,0.6153846153846154,0.0,0.4444444444444444,0.2,0.6296296296296297,0.6,0.0,0.0,0.0,0.0,0.0,0.0,0.6666666666666666,0.5,0.0,0.0,0.0,0.2,0.0,0.5348837209302325,0.5172413793103449,0.7222222222222222,0.013888888888888888,0.125,0.1388888888888889,0.375,0.3472222222222222,0.0,0.0,0.0,0.013888888888888888,0.0,0.027777777777777776,0.041666666666666664,0.05555555555555555,0.0,0.0,0.0,0.1388888888888889,0.0,0.5972222222222222,0.4027777777777778,0.8421052631578947,0.0,0.10526315789473684,0.05263157894736842,0.4473684210526316,0.39473684210526316,0.0,0.0,0.0,0.0,0.0,0.0,0.05263157894736842,0.05263157894736842,0.0,0.0,0.0,0.05263157894736842,0.0,0.6052631578947368,0.39473684210526316,0.08760683760683763,-0.5277777777777778,-0.08333333333333337,-0.3277777777777778,0.10185185185185186,0.07222222222222219,-0.5277777777777778,-0.5277777777777778,-0.5277777777777778,-0.5277777777777778,-0.5277777777777778,-0.5277777777777778,0.13888888888888884,-0.02777777777777779,-0.5277777777777778,-0.5277777777777778,-0.5277777777777778,-0.3277777777777778,-0.5277777777777778,0.007105943152454719,-0.010536398467432928,-0.05236794171220405,-11
162a1a60-48e4-5f41-9c5d-14f4a3a1002e,Malaga,flamenco_world_madrid,47,20,0.425531914893617,4890.829787234042,8425.199999999999,4,5,4,0.0,0.0,11.450000000000001,81.0,90.0,66.66666666666669,0.23404255319148937,0.45454545454545453,0,0.5,1.0,0.2,0.2727272727272727,0.14285714285714285,0.6086956521739131,0.0,0.0,0.0,1.0,0.0,1.0,0.0,0.0,0.0,0.0,0.0,0.2727272727272727,0.0,0.2222222222222222,0.5517241379310345,0.6382978723404256,0.02127659574468085,0.10638297872340426,0.23404255319148937,0.14893617021276595,0.48936170212765956,0.0,0.0,0.0,0.02127659574468085,0.0,0.02127659574468085,0.0,0.0851063829787234,0.0,0.0,0.0,0.23404255319148937,0.0,0.3829787234042553,0.6170212765957447,0.75,0.05,0.05,0.15,0.05,0.7,0.0,0.0,0.0,0.05,0.0,0.05,0.0,0.0,0.0,0.0,0.0,0.15,0.0,0.2,0.8,0.07446808510638298,0.574468085106383,-0.225531914893617,-0.15280464216634432,-0.2826747720364742,0.18316373728029606,-0.425531914893617,-0.425531914893617,-0.425531914893617,0.574468085106383,-0.425531914893617,0.574468085106383,-0.425531914893617,-0.425531914893617,-0.425531914893617,-0.425531914893617,-0.425531914893617,-0.15280464216634432,-0.425531914893617,-0.20330969267139481,0.12619222303741745,69,33,0.4782608695652174,5221.999999999999,8537.454545454546,4,6,5,0.0,0.0,32.727272727272734,77.72727272727273,90.0,64.16666666666666,0.2028985507246377,0.42857142857142855,0,0.5319148936170213,1.0,0.25,0.38461538461538464,0.3076923076923077,0.6176470588235294,0.0,0.0,0.0,1.0,0.0,1.0,0.0,0.14285714285714285,0.0,0.0,0.0,0.38461538461538464,0.0,0.32142857142857145,0.6,0.6811594202898551,0.014492753623188406,0.11594202898550725,0.18840579710144928,0.18840579710144928,0.4927536231884058,0.0,0.0,0.0,0.014492753623188406,0.0,0.014492753623188406,0.0,0.10144927536231885,0.0,0.0,0.0,0.18840579710144928,0.014492753623188406,0.4057971014492754,0.5797101449275363,0.7575757575757576,0.030303030303030304,0.06060606060606061,0.15151515151515152,0.12121212121212122,0.6363636363636364,0.0,0.0,0.0,0.030303030303030304,0.0,0.030303030303030304,0.0,0.030303030303030304,0.0,0.0,0.0,0.15151515151515152,0.0,0.2727272727272727,0.7272727272727273,0.05365402405180386,0.5217391304347826,-0.2282608695652174,-0.09364548494983277,-0.1705685618729097,0.13938618925831203,-0.4782608695652174,-0.4782608695652174,-0.4782608695652174,0.5217391304347826,-0.4782608695652174,0.5217391304347826,-0.4782608695652174,-0.33540372670807456,-0.4782608695652174,-0.4782608695652174,-0.4782608695652174,-0.09364548494983277,-0.4782608695652174,-0.15683229813664595,0.12173913043478257,-0.05272895467160038,-22
1793e951-1b32-5ef5-891c-4c54355a496f,Malaga,flamenco_world_madrid,59,23,0.3898305084745763,4836.474576271186,8723.0,3,5,2,0.0,0.0,13.56521739130435,72.3913043478261,90.0,66.66666666666667,0.2542372881355932,0.4666666666666667,0,0.43243243243243246,0.0,0.38461538461538464,0.25,0.5555555555555556,0.39285714285714285,0.0,0.0,0.0,0.0,0.0,0.2,0.0,0.5714285714285714,0.0,0.0,0.0,0.2857142857142857,0.0,0.34615384615384615,0.4375,0.6271186440677966,0.01694915254237288,0.22033898305084745,0.13559322033898305,0.15254237288135594,0.4745762711864407,0.0,0.0,0.0,0.01694915254237288,0.0,0.0847457627118644,0.01694915254237288,0.11864406779661017,0.0,0.01694915254237288,0.0,0.11864406779661017,0.01694915254237288,0.4406779661016949,0.5423728813559322,0.6956521739130435,0.0,0.21739130434782608,0.08695652173913043,0.21739130434782608,0.4782608695652174,0.0,0.0,0.0,0.0,0.0,0.043478260869565216,0.0,0.17391304347826086,0.0,0.0,0.0,0.08695652173913043,0.0,0.391304347826087,0.6086956521739131,0.04260192395785617,-0.3898305084745763,-0.0052151238591916504,-0.1398305084745763,0.1657250470809793,0.003026634382566562,-0.3898305084745763,-0.3898305084745763,-0.3898305084745763,-0.3898305084745763,-0.3898305084745763,-0.18983050847457628,-0.3898305084745763,0.1815980629539951,-0.3898305084745763,-0.3898305084745763,-0.3898305084745763,-0.10411622276029059,-0.3898305084745763,-0.04367666232073014,0.04766949152542371,74,32,0.43243243243243246,5224.648648648648,8922.0625,3,5,2,0.0,0.0,24.624999999999996,71.71875,90.0,68.92857142857143,0.20270270270270271,0.4666666666666667,0,0.47058823529411764,0.0,0.42857142857142855,0.25,0.6666666666666666,0.41025641025641024,0.0,0.0,0.0,0.0,0.0,0.3333333333333333,0.0,0.5714285714285714,0.0,0.0,0.0,0.2857142857142857,0.0,0.41935483870967744,0.4523809523809524,0.6891891891891891,0.013513513513513514,0.1891891891891892,0.10810810810810811,0.16216216216216217,0.527027027027027,0.0,0.0,0.0,0.013513513513513514,0.0,0.08108108108108109,0.013513513513513514,0.0945945945945946,0.0,0.013513513513513514,0.0,0.0945945945945946,0.013513513513513514,0.4189189189189189,0.5675675675675675,0.75,0.0,0.1875,0.0625,0.25,0.5,0.0,0.0,0.0,0.0,0.0,0.0625,0.0,0.125,0.0,0.0,0.0,0.0625,0.0,0.40625,0.59375,0.038155802861685184,-0.43243243243243246,-0.003861003861003909,-0.18243243243243246,0.23423423423423417,-0.022176022176022214,-0.43243243243243246,-0.43243243243243246,-0.43243243243243246,-0.43243243243243246,-0.43243243243243246,-0.09909909909909914,-0.43243243243243246,0.13899613899613894,-0.43243243243243246,-0.43243243243243246,-0.43243243243243246,-0.14671814671814676,-0.43243243243243246,-0.013077593722755021,0.019948519948519927,-0.04260192395785617,-15
186c54d5-2a64-5ab6-8bf5-69c0bfbedfb8,Madrid,family_weekend_exhibition,59,37,0.6271186440677966,6130.406779661015,8501.189189189188,3,5,3,0.0,0.0,14.621621621621621,52.2972972972973,45.0,57.27272727272727,0.15254237288135594,0.2222222222222222,0,0.5,0.0,0.5,0.6666666666666666,0.0,0.6666666666666666,0.0,0.0,0.0,0.0,0.0,0.0,1.0,0.6666666666666666,0.0,0.8333333333333334,0.0,0.6060606060606061,0.0,0.6595744680851063,0.5,0.06779661016949153,0.0,0.1694915254237288,0.7627118644067796,0.01694915254237288,0.05084745762711865,0.0,0.0,0.0,0.0,0.0,0.05084745762711865,0.01694915254237288,0.1016949152542373,0.0,0.2033898305084746,0.0,0.559322033898305,0.0,0.7966101694915254,0.2033898305084746,0.05405405405405406,0.0,0.13513513513513514,0.8108108108108109,0.0,0.05405405405405406,0.0,0.0,0.0,0.0,0.0,0.0,0.02702702702702703,0.10810810810810811,0.0,0.2702702702702703,0.0,0.5405405405405406,0.0,0.8378378378378378,0.16216216216216217,-0.1271186440677966,-0.6271186440677966,-0.1271186440677966,0.039548022598870025,-0.6271186440677966,0.039548022598870025,-0.6271186440677966,-0.6271186440677966,-0.6271186440677966,-0.6271186440677966,-0.6271186440677966,-0.6271186440677966,0.3728813559322034,0.039548022598870025,-0.6271186440677966,0.20621468926553677,-0.6271186440677966,-0.021058038007190527,-0.6271186440677966,0.03245582401730973,-0.1271186440677966,78,47,0.6025641025641025,6114.012820512819,8650.744680851067,3,5,4,0.0,0.0,23.510638297872344,52.02127659574467,45.0,56.61290322580644,0.14102564102564102,0.36363636363636365,0,0.4,0.0,0.5,0.65,0.0,0.6666666666666666,0.0,0.0,0.0,0.0,0.0,0.0,0.5,0.7142857142857143,0.0,0.8823529411764706,0.0,0.5581395348837209,1.0,0.6229508196721312,0.5,0.0641025641025641,0.01282051282051282,0.15384615384615385,0.7692307692307693,0.02564102564102564,0.038461538461538464,0.0,0.0,0.0,0.01282051282051282,0.0,0.038461538461538464,0.02564102564102564,0.08974358974358974,0.0,0.21794871794871795,0.0,0.5512820512820513,0.01282051282051282,0.782051282051282,0.20512820512820512,0.0425531914893617,0.0,0.1276595744680851,0.8297872340425532,0.0,0.0425531914893617,0.0,0.0,0.0,0.0,0.0,0.0,0.02127659574468085,0.10638297872340426,0.0,0.3191489361702128,0.0,0.5106382978723404,0.02127659574468085,0.8085106382978723,0.1702127659574468,-0.2025641025641025,-0.6025641025641025,-0.10256410256410253,0.04743589743589749,-0.6025641025641025,0.0641025641025641,-0.6025641025641025,-0.6025641025641025,-0.6025641025641025,-0.6025641025641025,-0.6025641025641025,-0.6025641025641025,-0.10256410256410253,0.11172161172161177,-0.6025641025641025,0.27978883861236803,-0.6025641025641025,-0.04442456768038161,0.39743589743589747,0.02038671710802864,-0.10256410256410253,0.024554541503694072,-19
1d3957ad-0b44-5696-b8bb-61a9ca7e18ee,Malaga,broad_discovery_flexible,65,20,0.3076923076923077,4161.261538461538,8708.15,3,5,4,0.0,0.0,14.350000000000001,63.0,45.0,57.33333333333333,0.16923076923076924,0.45454545454545453,2,0.25,0.0,0.4166666666666667,0.32142857142857145,0.09090909090909091,0.38461538461538464,0.0,0.0,0.0,0.0,0.0,1.0,0.0,0.25,0.0,0.0,0.0,0.36,0.0,0.27906976744186046,0.38095238095238093,0.36923076923076925,0.015384615384615385,0.18461538461538463,0.4307692307692308,0.16923076923076924,0.2,0.0,0.0,0.0,0.015384615384615385,0.0,0.046153846153846156,0.015384615384615385,0.12307692307692308,0.0,0.046153846153846156,0.0,0.38461538461538464,0.015384615384615385,0.6615384615384615,0.3230769230769231,0.3,0.0,0.25,0.45,0.05,0.25,0.0,0.0,0.0,0.0,0.0,0.15,0.0,0.1,0.0,0.0,0.0,0.45,0.0,0.6,0.4,-0.05769230769230771,-0.3076923076923077,0.10897435897435898,0.013736263736263743,-0.2167832167832168,0.07692307692307693,-0.3076923076923077,-0.3076923076923077,-0.3076923076923077,-0.3076923076923077,-0.3076923076923077,0.6923076923076923,-0.3076923076923077,-0.05769230769230771,-0.3076923076923077,-0.3076923076923077,-0.3076923076923077,0.05230769230769228,-0.3076923076923077,-0.028622540250447248,0.07326007326007322,83,24,0.2891566265060241,4019.975903614458,8728.166666666668,3,5,4,0.0,0.0,22.291666666666668,65.625,45.0,56.694915254237294,0.1686746987951807,0.35714285714285715,2,0.25806451612903225,0.0,0.38461538461538464,0.2894736842105263,0.07142857142857142,0.4117647058823529,0.0,0.0,0.0,0.0,0.0,1.0,0.0,0.25,0.0,0.0,0.0,0.3333333333333333,0.0,0.23636363636363636,0.4074074074074074,0.37349397590361444,0.012048192771084338,0.1566265060240964,0.4578313253012048,0.1686746987951807,0.20481927710843373,0.0,0.0,0.0,0.012048192771084338,0.0,0.03614457831325301,0.024096385542168676,0.0963855421686747,0.0,0.060240963855421686,0.0,0.39759036144578314,0.012048192771084338,0.6626506024096386,0.3253012048192771,0.3333333333333333,0.0,0.20833333333333334,0.4583333333333333,0.041666666666666664,0.2916666666666667,0.0,0.0,0.0,0.0,0.0,0.125,0.0,0.08333333333333333,0.0,0.0,0.0,0.4583333333333333,0.0,0.5416666666666666,0.4583333333333333,-0.031092110376991833,-0.2891566265060241,0.09545875810936055,3.170577045022438E-4,-0.21772805507745266,0.12260807937632884,-0.2891566265060241,-0.2891566265060241,-0.2891566265060241,-0.2891566265060241,-0.2891566265060241,0.7108433734939759,-0.2891566265060241,-0.039156626506024084,-0.2891566265060241,-0.2891566265060241,-0.2891566265060241,0.04417670682730923,-0.2891566265060241,-0.052792990142387725,0.1182507809013833,0.018535681186283626,-18
1e7d9abf-07bb-5bac-8f74-5bd0d72410f3,Malaga,flamenco_world_madrid,51,24,0.47058823529411764,5678.921568627451,9485.041666666668,3,5,4,0.0,0.0,9.375,73.125,90.0,67.22222222222221,0.19607843137254902,0.7,0,0.6060606060606061,0.0,0.2857142857142857,0.2,0.5833333333333334,0.6190476190476191,0.0,0.0,0.0,0.0,0.0,0.0,0.5,0.25,0.0,0.0,0.0,0.2,0.0,0.42857142857142855,0.5172413793103449,0.6470588235294118,0.0196078431372549,0.13725490196078433,0.19607843137254902,0.23529411764705882,0.4117647058823529,0.0,0.0,0.0,0.0196078431372549,0.0,0.0196078431372549,0.0392156862745098,0.0784313725490196,0.0,0.0,0.0,0.19607843137254902,0.0196078431372549,0.4117647058823529,0.5686274509803921,0.8333333333333334,0.0,0.08333333333333333,0.08333333333333333,0.2916666666666667,0.5416666666666666,0.0,0.0,0.0,0.0,0.0,0.0,0.041666666666666664,0.041666666666666664,0.0,0.0,0.0,0.08333333333333333,0.0,0.375,0.625,0.13547237076648844,-0.47058823529411764,-0.18487394957983194,-0.27058823529411763,0.11274509803921573,0.14845938375350143,-0.47058823529411764,-0.47058823529411764,-0.47058823529411764,-0.47058823529411764,-0.47058823529411764,-0.47058823529411764,0.02941176470588236,-0.22058823529411764,-0.47058823529411764,-0.47058823529411764,-0.47058823529411764,-0.27058823529411763,-0.47058823529411764,-0.04201680672268909,0.04665314401622722,66,29,0.4393939393939394,5466.151515151515,9535.482758620688,3,6,4,0.0,0.0,17.689655172413794,71.37931034482759,90.0,68.51351351351352,0.15151515151515152,0.7,0,0.5227272727272727,0.0,0.3,0.2727272727272727,0.4666666666666667,0.5517241379310345,0.0,0.0,0.0,0.0,0.0,0.0,0.6666666666666666,0.25,0.0,1.0,0.0,0.2,0.0,0.42857142857142855,0.4594594594594595,0.6666666666666666,0.015151515151515152,0.15151515151515152,0.16666666666666666,0.22727272727272727,0.4393939393939394,0.0,0.0,0.0,0.015151515151515152,0.0,0.045454545454545456,0.045454545454545456,0.06060606060606061,0.0,0.015151515151515152,0.0,0.15151515151515152,0.015151515151515152,0.42424242424242425,0.5606060606060606,0.7931034482758621,0.0,0.10344827586206896,0.10344827586206896,0.2413793103448276,0.5517241379310345,0.0,0.0,0.0,0.0,0.0,0.0,0.06896551724137931,0.034482758620689655,0.0,0.034482758620689655,0.0,0.06896551724137931,0.0,0.41379310344827586,0.5862068965517241,0.08333333333333331,-0.4393939393939394,-0.1393939393939394,-0.16666666666666669,0.027272727272727282,0.11233019853709508,-0.4393939393939394,-0.4393939393939394,-0.4393939393939394,-0.4393939393939394,-0.4393939393939394,-0.4393939393939394,0.22727272727272724,-0.1893939393939394,-0.4393939393939394,0.5606060606060606,-0.4393939393939394,-0.23939393939393938,-0.4393939393939394,-0.010822510822510845,0.020065520065520093,0.03119429590017825,-15
1fcc0973-69b0-574c-bf59-a96840fae470,Valencia,music_pop_rock_local,58,27,0.46551724137931033,4998.862068965517,8263.444444444445,3,4,4,0.0,0.0,12.777777777777777,65.0,45.0,66.7741935483871,0.13793103448275862,0.75,0,0.5,0.0,0.375,0.42857142857142855,0.6,0.35294117647058826,0.0,0.0,0.0,0.0,0.0,0.0,0.0,0.5,0.0,0.0,0.0,0.42857142857142855,0.0,0.4838709677419355,0.4444444444444444,0.7241379310344828,0.017241379310344827,0.13793103448275862,0.1206896551724138,0.43103448275862066,0.29310344827586204,0.0,0.0,0.0,0.017241379310344827,0.0,0.0,0.034482758620689655,0.10344827586206896,0.0,0.0,0.0,0.1206896551724138,0.0,0.5344827586206896,0.46551724137931033,0.7777777777777778,0.0,0.1111111111111111,0.1111111111111111,0.5555555555555556,0.2222222222222222,0.0,0.0,0.0,0.0,0.0,0.0,0.0,0.1111111111111111,0.0,0.0,0.0,0.1111111111111111,0.0,0.5555555555555556,0.4444444444444444,0.03448275862068967,-0.46551724137931033,-0.09051724137931033,-0.036945812807881784,0.13448275862068965,-0.11257606490872207,-0.46551724137931033,-0.46551724137931033,-0.46551724137931033,-0.46551724137931033,-0.46551724137931033,-0.46551724137931033,-0.46551724137931033,0.03448275862068967,-0.46551724137931033,-0.46551724137931033,-0.46551724137931033,-0.036945812807881784,-0.46551724137931033,0.018353726362625167,-0.02107279693486591,80,38,0.475,5094.424999999999,8290.052631578947,3,4,4,0.0,0.0,26.157894736842106,67.5,45.0,64.64285714285714,0.1125,0.6666666666666666,0,0.5245901639344263,0.0,0.3333333333333333,0.3333333333333333,0.59375,0.4482758620689655,0.0,0.0,0.0,0.0,0.0,0.0,0.0,0.42857142857142855,0.0,0.0,0.0,0.3333333333333333,0.0,0.4634146341463415,0.5,0.7625,0.0125,0.1125,0.1125,0.4,0.3625,0.0,0.0,0.0,0.0125,0.0,0.0,0.025,0.0875,0.0,0.0,0.0,0.1125,0.0125,0.5125,0.475,0.8421052631578947,0.0,0.07894736842105263,0.07894736842105263,0.5,0.34210526315789475,0.0,0.0,0.0,0.0,0.0,0.0,0.0,0.07894736842105263,0.0,0.0,0.0,0.07894736842105263,0.0,0.5,0.5,0.04959016393442628,-0.475,-0.14166666666666666,-0.14166666666666666,0.11875000000000002,-0.026724137931034453,-0.475,-0.475,-0.475,-0.475,-0.475,-0.475,-0.475,-0.04642857142857143,-0.475,-0.475,-0.475,-0.14166666666666666,-0.475,-0.011585365853658491,0.025000000000000022,-0.009482758620689646,-22
2011d960-a8fc-5b43-8ec6-e92ed94135a4,Barcelona,broad_discovery_flexible,62,20,0.3225806451612903,4329.370967741936,8697.050000000001,4,6,7,0.0,0.0,11.15,51.75,45.0,61.428571428571416,0.14516129032258066,0.2222222222222222,0,0.2727272727272727,1.0,0.4,0.2916666666666667,0.3076923076923077,0.2222222222222222,0.0,0.0,0.0,1.0,0.0,0.0,0.42857142857142855,0.42857142857142855,0.0,0.0,0.0,0.30434782608695654,0.0,0.40476190476190477,0.15789473684210525,0.3548387096774194,0.016129032258064516,0.24193548387096775,0.3870967741935484,0.20967741935483872,0.14516129032258066,0.0,0.0,0.0,0.016129032258064516,0.0,0.016129032258064516,0.11290322580645161,0.11290322580645161,0.0,0.016129032258064516,0.0,0.3709677419354839,0.016129032258064516,0.6774193548387096,0.3064516129032258,0.3,0.05,0.3,0.35,0.2,0.1,0.0,0.0,0.0,0.05,0.0,0.0,0.15,0.15,0.0,0.0,0.0,0.35,0.0,0.85,0.15,-0.04985337243401761,0.6774193548387097,0.07741935483870971,-0.03091397849462363,-0.014888337468982604,-0.1003584229390681,-0.3225806451612903,-0.3225806451612903,-0.3225806451612903,0.6774193548387097,-0.3225806451612903,-0.3225806451612903,0.10599078341013823,0.10599078341013823,-0.3225806451612903,-0.3225806451612903,-0.3225806451612903,-0.018232819074333773,-0.3225806451612903,0.08218125960061445,-0.16468590831918506,80,29,0.3625,4567.35,8711.689655172413,4,7,7,0.0,0.0,27.344827586206893,55.862068965517246,45.0,62.05882352941177,0.15,0.25,0,0.25925925925925924,1.0,0.5454545454545454,0.3,0.2857142857142857,0.23076923076923078,0.0,0.0,0.0,1.0,0.0,0.5,0.42857142857142855,0.6153846153846154,0.0,0.0,0.0,0.32142857142857145,0.0,0.4230769230769231,0.25925925925925924,0.3375,0.0125,0.275,0.375,0.175,0.1625,0.0,0.0,0.0,0.0125,0.0,0.025,0.0875,0.1625,0.0,0.025,0.0,0.35,0.0125,0.65,0.3375,0.2413793103448276,0.034482758620689655,0.41379310344827586,0.3103448275862069,0.13793103448275862,0.10344827586206896,0.0,0.0,0.0,0.034482758620689655,0.0,0.034482758620689655,0.10344827586206896,0.27586206896551724,0.0,0.0,0.0,0.3103448275862069,0.0,0.7586206896551724,0.2413793103448276,-0.10324074074074074,0.6375,0.18295454545454543,-0.0625,-0.07678571428571429,-0.1317307692307692,-0.3625,-0.3625,-0.3625,0.6375,-0.3625,0.1375,0.06607142857142856,0.25288461538461543,-0.3625,-0.3625,-0.3625,-0.04107142857142854,-0.3625,0.060576923076923084,-0.10324074074074074,-0.039919354838709675,-18
20934375-31f1-517e-a0fc-e12837101f2c,Barcelona,culture_theatre_explorer,62,35,0.5645161290322581,6218.290322580644,9058.971428571429,3,7,2,0.0,0.0,12.800000000000002,56.57142857142857,45.0,68.33333333333331,0.24193548387096775,0.5333333333333333,0,0.2857142857142857,0.0,0.675,0.4,0.5,0.2,0.0,0.0,0.0,0.0,0.0,0.625,0.6666666666666666,0.6956521739130435,0.0,0.5,0.0,0.38461538461538464,0.0,0.6666666666666666,0.391304347826087,0.11290322580645161,0.0,0.6451612903225806,0.24193548387096775,0.03225806451612903,0.08064516129032258,0.0,0.0,0.0,0.0,0.0,0.12903225806451613,0.14516129032258066,0.3709677419354839,0.0,0.03225806451612903,0.0,0.20967741935483872,0.0,0.6290322580645161,0.3709677419354839,0.05714285714285714,0.0,0.7714285714285715,0.17142857142857143,0.02857142857142857,0.02857142857142857,0.0,0.0,0.0,0.0,0.0,0.14285714285714285,0.17142857142857143,0.45714285714285713,0.0,0.02857142857142857,0.0,0.14285714285714285,0.0,0.7428571428571429,0.2571428571428571,-0.2788018433179724,-0.5645161290322581,0.11048387096774193,-0.1645161290322581,-0.06451612903225812,-0.3645161290322581,-0.5645161290322581,-0.5645161290322581,-0.5645161290322581,-0.5645161290322581,-0.5645161290322581,0.06048387096774188,0.10215053763440851,0.13113604488078534,-0.5645161290322581,-0.06451612903225812,-0.5645161290322581,-0.17990074441687348,-0.5645161290322581,0.10215053763440851,-0.17321178120617114,75,39,0.52,5979.013333333334,9113.871794871793,3,7,3,0.0,0.0,18.487179487179485,56.53846153846154,45.0,64.99999999999999,0.22666666666666666,0.5294117647058824,0,0.25,0.0,0.6170212765957447,0.42105263157894735,0.5,0.16666666666666666,0.0,0.0,0.0,0.0,0.0,0.6,0.6,0.6296296296296297,0.0,0.5,0.0,0.4117647058823529,0.0,0.5918367346938775,0.38461538461538464,0.10666666666666667,0.013333333333333334,0.6266666666666667,0.25333333333333335,0.02666666666666667,0.08,0.0,0.0,0.0,0.013333333333333334,0.0,0.13333333333333333,0.13333333333333333,0.36,0.0,0.02666666666666667,0.0,0.22666666666666666,0.0,0.6533333333333333,0.3466666666666667,0.05128205128205128,0.0,0.7435897435897436,0.20512820512820512,0.02564102564102564,0.02564102564102564,0.0,0.0,0.0,0.0,0.0,0.15384615384615385,0.15384615384615385,0.4358974358974359,0.0,0.02564102564102564,0.0,0.1794871794871795,0.0,0.7435897435897436,0.2564102564102564,-0.27,-0.52,0.09702127659574467,-0.09894736842105267,-0.020000000000000018,-0.3533333333333334,-0.52,-0.52,-0.52,-0.52,-0.52,0.07999999999999996,0.07999999999999996,0.10962962962962963,-0.52,-0.020000000000000018,-0.52,-0.1082352941176471,-0.52,0.07183673469387752,-0.13538461538461538,0.0445161290322581,-13
215f06be-dd50-5c68-b857-7a876fbfa712,Malaga,flamenco_world_madrid,48,24,0.5,5755.458333333333,9434.833333333332,3,4,5,0.0,0.0,11.25,75.0,90.0,73.125,0.14583333333333334,0.7142857142857143,0,0.5428571428571428,1.0,0.0,0.4444444444444444,0.42857142857142855,0.5714285714285714,0.0,0.0,0.0,1.0,0.0,0.0,0.0,0.0,0.0,0.0,0.0,0.4444444444444444,0.0,0.47058823529411764,0.5161290322580645,0.7291666666666666,0.020833333333333332,0.0625,0.1875,0.14583333333333334,0.5833333333333334,0.0,0.0,0.0,0.020833333333333332,0.0,0.0,0.0,0.0625,0.0,0.0,0.0,0.1875,0.0,0.3541666666666667,0.6458333333333334,0.7916666666666666,0.041666666666666664,0.0,0.16666666666666666,0.125,0.6666666666666666,0.0,0.0,0.0,0.041666666666666664,0.0,0.0,0.0,0.0,0.0,0.0,0.0,0.16666666666666666,0.0,0.3333333333333333,0.6666666666666666,0.042857142857142816,0.5,-0.5,-0.05555555555555558,-0.07142857142857145,0.0714285714285714,-0.5,-0.5,-0.5,0.5,-0.5,-0.5,-0.5,-0.5,-0.5,-0.5,-0.5,-0.05555555555555558,-0.5,-0.02941176470588236,0.016129032258064502,63,29,0.4603174603174603,5341.015873015873,9087.58620689655,4,6,5,0.0,0.0,20.517241379310345,74.48275862068965,90.0,70.14705882352939,0.15873015873015872,0.7,0,0.5116279069767442,1.0,0.2222222222222222,0.4,0.36363636363636365,0.5625,0.0,0.0,0.0,1.0,0.0,0.5,0.0,0.16666666666666666,0.0,0.0,0.0,0.4,0.0,0.4,0.5,0.6825396825396826,0.015873015873015872,0.14285714285714285,0.15873015873015872,0.1746031746031746,0.5079365079365079,0.0,0.0,0.0,0.015873015873015872,0.0,0.031746031746031744,0.015873015873015872,0.09523809523809523,0.0,0.0,0.0,0.15873015873015872,0.0,0.3968253968253968,0.6031746031746031,0.7586206896551724,0.034482758620689655,0.06896551724137931,0.13793103448275862,0.13793103448275862,0.6206896551724138,0.0,0.0,0.0,0.034482758620689655,0.0,0.034482758620689655,0.0,0.034482758620689655,0.0,0.0,0.0,0.13793103448275862,0.0,0.3448275862068966,0.6551724137931034,0.051310446659283915,0.5396825396825398,-0.23809523809523808,-0.06031746031746027,-0.09668109668109665,0.10218253968253971,-0.4603174603174603,-0.4603174603174603,-0.4603174603174603,0.5396825396825398,-0.4603174603174603,0.03968253968253971,-0.4603174603174603,-0.2936507936507936,-0.4603174603174603,-0.4603174603174603,-0.4603174603174603,-0.06031746031746027,-0.4603174603174603,-0.06031746031746027,0.03968253968253971,0.03968253968253971,-15
21a26f4d-2110-593c-9b65-606f68b96b94,Valencia,music_pop_rock_local,61,32,0.5245901639344263,6179.081967213116,9723.343749999998,3,4,4,0.0,0.0,11.374999999999998,66.09374999999999,45.0,65.17241379310344,0.22950819672131148,0.5,0,0.6341463414634146,0.0,0.3333333333333333,0.3,0.5294117647058824,0.7083333333333334,0.0,0.0,0.0,0.0,0.0,0.0,0.0,0.6,0.0,0.0,0.0,0.3,0.0,0.5151515151515151,0.5357142857142857,0.6721311475409836,0.01639344262295082,0.14754098360655737,0.16393442622950818,0.2786885245901639,0.39344262295081966,0.0,0.0,0.0,0.01639344262295082,0.0,0.01639344262295082,0.04918032786885246,0.08196721311475409,0.0,0.0,0.0,0.16393442622950818,0.0,0.5409836065573771,0.45901639344262296,0.8125,0.0,0.09375,0.09375,0.28125,0.53125,0.0,0.0,0.0,0.0,0.0,0.0,0.0,0.09375,0.0,0.0,0.0,0.09375,0.0,0.53125,0.46875,0.10955617752898839,-0.5245901639344263,-0.19125683060109294,-0.22459016393442627,0.004821600771456103,0.1837431693989071,-0.5245901639344263,-0.5245901639344263,-0.5245901639344263,-0.5245901639344263,-0.5245901639344263,-0.5245901639344263,-0.5245901639344263,0.07540983606557372,-0.5245901639344263,-0.5245901639344263,-0.5245901639344263,-0.22459016393442627,-0.5245901639344263,-0.009438648782911119,0.011124121779859442,73,37,0.5068493150684932,5910.575342465754,9481.27027027027,3,4,6,0.0,0.0,19.486486486486484,66.89189189189187,45.0,63.75,0.2328767123287671,0.5294117647058824,0,0.625,0.0,0.2727272727272727,0.3076923076923077,0.55,0.6785714285714286,0.0,0.0,0.0,0.0,0.0,0.0,0.0,0.5,0.0,0.0,0.0,0.3076923076923077,0.0,0.475,0.5454545454545454,0.6575342465753424,0.0136986301369863,0.1506849315068493,0.1780821917808219,0.273972602739726,0.3835616438356164,0.0,0.0,0.0,0.0136986301369863,0.0,0.0136986301369863,0.0547945205479452,0.0821917808219178,0.0,0.0,0.0,0.1780821917808219,0.0,0.547945205479452,0.4520547945205479,0.8108108108108109,0.0,0.08108108108108109,0.10810810810810811,0.2972972972972973,0.5135135135135135,0.0,0.0,0.0,0.0,0.0,0.0,0.0,0.08108108108108109,0.0,0.0,0.0,0.10810810810810811,0.0,0.5135135135135135,0.4864864864864865,0.11815068493150682,-0.5068493150684932,-0.23412204234122047,-0.19915700737618547,0.043150684931506866,0.17172211350293543,-0.5068493150684932,-0.5068493150684932,-0.5068493150684932,-0.5068493150684932,-0.5068493150684932,-0.5068493150684932,-0.5068493150684932,-0.006849315068493178,-0.5068493150684932,-0.5068493150684932,-0.5068493150684932,-0.19915700737618547,-0.5068493150684932,-0.0318493150684932,0.038605230386052236,0.01774084886593308,-12
22b29a04-7568-5a29-add0-9779e2310a08,Malaga,culture_theatre_explorer,62,29,0.46774193548387094,5369.967741935485,8579.241379310346,3,6,3,0.0,0.0,13.344827586206895,48.62068965517242,45.0,55.909090909090914,0.20967741935483872,0.46153846153846156,0,0.4444444444444444,0.0,0.5,0.4,0.5,0.3333333333333333,0.0,0.0,0.0,0.0,0.0,0.42857142857142855,0.375,0.5652173913043478,0.0,0.0,0.0,0.42857142857142855,1.0,0.5,0.2727272727272727,0.14516129032258066,0.0,0.6129032258064516,0.24193548387096775,0.0967741935483871,0.04838709677419355,0.0,0.0,0.0,0.0,0.0,0.11290322580645161,0.12903225806451613,0.3709677419354839,0.0,0.016129032258064516,0.0,0.22580645161290322,0.016129032258064516,0.8064516129032258,0.1774193548387097,0.13793103448275862,0.0,0.6551724137931034,0.20689655172413793,0.10344827586206896,0.034482758620689655,0.0,0.0,0.0,0.0,0.0,0.10344827586206896,0.10344827586206896,0.4482758620689655,0.0,0.0,0.0,0.20689655172413793,0.034482758620689655,0.8620689655172413,0.10344827586206896,-0.02329749103942652,-0.46774193548387094,0.03225806451612906,-0.06774193548387092,0.03225806451612906,-0.13440860215053763,-0.46774193548387094,-0.46774193548387094,-0.46774193548387094,-0.46774193548387094,-0.46774193548387094,-0.03917050691244239,-0.09274193548387094,0.09747545582047684,-0.46774193548387094,-0.46774193548387094,-0.46774193548387094,-0.03917050691244239,0.532258064516129,0.03225806451612906,-0.19501466275659823,83,38,0.4578313253012048,5347.77108433735,8772.0,3,6,3,0.0,0.0,23.631578947368425,51.31578947368421,45.0,54.99999999999999,0.21686746987951808,0.4444444444444444,0,0.4,0.0,0.52,0.36363636363636365,0.5,0.25,0.0,0.0,0.0,0.0,0.0,0.5,0.5,0.5357142857142857,0.0,0.0,0.0,0.38095238095238093,1.0,0.4696969696969697,0.375,0.12048192771084337,0.012048192771084338,0.6024096385542169,0.26506024096385544,0.07228915662650602,0.04819277108433735,0.0,0.0,0.0,0.012048192771084338,0.0,0.12048192771084337,0.14457831325301204,0.3373493975903614,0.0,0.012048192771084338,0.0,0.25301204819277107,0.012048192771084338,0.7951807228915663,0.1927710843373494,0.10526315789473684,0.0,0.6842105263157895,0.21052631578947367,0.07894736842105263,0.02631578947368421,0.0,0.0,0.0,0.0,0.0,0.13157894736842105,0.15789473684210525,0.39473684210526316,0.0,0.0,0.0,0.21052631578947367,0.02631578947368421,0.8157894736842105,0.15789473684210525,-0.05783132530120477,-0.4578313253012048,0.06216867469879522,-0.09419496166484115,0.042168674698795205,-0.2078313253012048,-0.4578313253012048,-0.4578313253012048,-0.4578313253012048,-0.4578313253012048,-0.4578313253012048,0.042168674698795205,0.042168674698795205,0.0778829604130809,-0.4578313253012048,-0.4578313253012048,-0.4578313253012048,-0.07687894434882386,0.5421686746987953,0.01186564439576493,-0.0828313253012048,0.009910610182666146,-21
234b8d80-decc-5418-824e-25776648a64e,Barcelona,sports_basketball_traveler,49,12,0.24489795918367346,3473.4285714285716,7912.916666666667,4,6,4,0.0,0.0,15.916666666666668,63.75,45.0,65.67567567567568,0.12244897959183673,0.5,1,0.23076923076923078,1.0,0.3333333333333333,0.17391304347826086,0.3333333333333333,0.14285714285714285,0.0,0.0,0.0,1.0,0.0,0.0,1.0,0.2,0.0,0.0,0.0,0.17391304347826086,0.0,0.25925925925925924,0.22727272727272727,0.2653061224489796,0.02040816326530612,0.24489795918367346,0.46938775510204084,0.12244897959183673,0.14285714285714285,0.0,0.0,0.0,0.02040816326530612,0.0,0.0,0.04081632653061224,0.20408163265306123,0.0,0.0,0.0,0.46938775510204084,0.0,0.5510204081632653,0.4489795918367347,0.25,0.08333333333333333,0.3333333333333333,0.3333333333333333,0.16666666666666666,0.08333333333333333,0.0,0.0,0.0,0.08333333333333333,0.0,0.0,0.16666666666666666,0.16666666666666666,0.0,0.0,0.0,0.3333333333333333,0.0,0.5833333333333334,0.4166666666666667,-0.014128728414442682,0.7551020408163265,0.08843537414965985,-0.0709849157054126,0.08843537414965985,-0.10204081632653061,-0.24489795918367346,-0.24489795918367346,-0.24489795918367346,0.7551020408163265,-0.24489795918367346,-0.24489795918367346,0.7551020408163265,-0.04489795918367345,-0.24489795918367346,-0.24489795918367346,-0.24489795918367346,-0.0709849157054126,-0.24489795918367346,0.014361300075585781,-0.0176252319109462,67,18,0.26865671641791045,3514.626865671642,7565.333333333333,4,6,4,0.0,0.0,31.500000000000004,72.5,90.0,65.20408163265304,0.1044776119402985,0.42857142857142855,1,0.2,1.0,0.3076923076923077,0.2727272727272727,0.2,0.2,0.0,0.0,0.0,1.0,0.0,0.0,1.0,0.18181818181818182,0.0,0.0,0.0,0.2727272727272727,0.0,0.20588235294117646,0.3333333333333333,0.29850746268656714,0.014925373134328358,0.19402985074626866,0.4925373134328358,0.14925373134328357,0.14925373134328357,0.0,0.0,0.0,0.014925373134328358,0.0,0.0,0.029850746268656716,0.16417910447761194,0.0,0.0,0.0,0.4925373134328358,0.0,0.5074626865671642,0.4925373134328358,0.2222222222222222,0.05555555555555555,0.2222222222222222,0.5,0.1111111111111111,0.1111111111111111,0.0,0.0,0.0,0.05555555555555555,0.0,0.0,0.1111111111111111,0.1111111111111111,0.0,0.0,0.0,0.5,0.0,0.3888888888888889,0.6111111111111112,-0.06865671641791044,0.7313432835820896,0.03903559127439726,0.004070556309362261,-0.06865671641791044,-0.06865671641791044,-0.26865671641791045,-0.26865671641791045,-0.26865671641791045,0.7313432835820896,-0.26865671641791045,-0.26865671641791045,0.7313432835820896,-0.08683853459972862,-0.26865671641791045,-0.26865671641791045,-0.26865671641791045,0.004070556309362261,-0.26865671641791045,-0.06277436347673399,0.06467661691542287,-0.023758757234236982,-18
23ed7c29-46fe-5037-b3f5-b4deb93cfc33,Barcelona,music_pop_rock_local,53,32,0.6037735849056604,6077.226415094339,8622.96875,4,6,4,0.0,0.0,13.65625,66.5625,45.0,68.57142857142857,0.05660377358490566,0.3333333333333333,0,0.5853658536585366,1.0,1.0,0.5,0.6521739130434783,0.5,0.0,0.0,0.0,1.0,0.0,0.0,1.0,1.0,0.0,0.0,0.0,0.5,1.0,0.6,0.5925925925925926,0.7735849056603774,0.018867924528301886,0.05660377358490566,0.1509433962264151,0.4339622641509434,0.33962264150943394,0.0,0.0,0.0,0.018867924528301886,0.0,0.0,0.018867924528301886,0.03773584905660377,0.0,0.0,0.0,0.1509433962264151,0.018867924528301886,0.4716981132075472,0.5094339622641509,0.75,0.03125,0.09375,0.125,0.46875,0.28125,0.0,0.0,0.0,0.03125,0.0,0.0,0.03125,0.0625,0.0,0.0,0.0,0.125,0.03125,0.46875,0.5,-0.018407731247123804,0.39622641509433965,0.39622641509433965,-0.10377358490566035,0.048400328137817916,-0.10377358490566035,-0.6037735849056604,-0.6037735849056604,-0.6037735849056604,0.39622641509433965,-0.6037735849056604,-0.6037735849056604,0.39622641509433965,0.39622641509433965,-0.6037735849056604,-0.6037735849056604,-0.6037735849056604,-0.10377358490566035,0.39622641509433965,-0.0037735849056603765,-0.011180992313067795,66,40,0.6060606060606061,6080.939393939394,8537.65,4,6,5,0.0,0.0,23.525000000000002,62.25000000000001,45.0,67.5,0.10606060606060606,0.5714285714285714,0,0.62,1.0,0.8,0.4,0.7,0.5,0.0,0.0,0.0,1.0,0.0,0.0,1.0,0.75,0.0,0.0,0.0,0.4444444444444444,1.0,0.6388888888888888,0.5517241379310345,0.7575757575757576,0.015151515151515152,0.07575757575757576,0.15151515151515152,0.45454545454545453,0.30303030303030304,0.0,0.0,0.0,0.015151515151515152,0.0,0.0,0.015151515151515152,0.06060606060606061,0.0,0.015151515151515152,0.0,0.13636363636363635,0.015151515151515152,0.5454545454545454,0.4393939393939394,0.775,0.025,0.1,0.1,0.525,0.25,0.0,0.0,0.0,0.025,0.0,0.0,0.025,0.075,0.0,0.0,0.0,0.1,0.025,0.575,0.4,0.013939393939393918,0.3939393939393939,0.19393939393939397,-0.20606060606060606,0.09393939393939388,-0.10606060606060608,-0.6060606060606061,-0.6060606060606061,-0.6060606060606061,0.3939393939393939,-0.6060606060606061,-0.6060606060606061,0.3939393939393939,0.14393939393939392,-0.6060606060606061,-0.6060606060606061,-0.6060606060606061,-0.16161616161616166,0.3939393939393939,0.03282828282828276,-0.0543364681295716,-0.002287021154945723,-13
25ffbb0f-1bf9-5c5b-beda-98c489108e27,Barcelona,broad_discovery_flexible,53,19,0.3584905660377358,4400.169811320755,8114.157894736842,3,6,4,0.0,0.0,15.684210526315791,56.8421052631579,45.0,60.88235294117647,0.33962264150943394,0.5,1,0.14285714285714285,0.0,0.46153846153846156,0.4230769230769231,0.2222222222222222,0.0,0.0,0.0,0.0,0.0,0.0,0.6666666666666666,0.6666666666666666,0.2857142857142857,0.0,1.0,0.0,0.3181818181818182,0.0,0.3888888888888889,0.29411764705882354,0.2641509433962264,0.0,0.24528301886792453,0.49056603773584906,0.16981132075471697,0.09433962264150944,0.0,0.0,0.0,0.0,0.0,0.05660377358490566,0.05660377358490566,0.1320754716981132,0.0,0.07547169811320754,0.0,0.41509433962264153,0.0,0.6792452830188679,0.32075471698113206,0.10526315789473684,0.0,0.3157894736842105,0.5789473684210527,0.10526315789473684,0.0,0.0,0.0,0.0,0.0,0.0,0.10526315789473684,0.10526315789473684,0.10526315789473684,0.0,0.21052631578947367,0.0,0.3684210526315789,0.0,0.7368421052631579,0.2631578947368421,-0.21563342318059298,-0.3584905660377358,0.10304789550072574,0.06458635703918725,-0.13626834381551362,-0.3584905660377358,-0.3584905660377358,-0.3584905660377358,-0.3584905660377358,-0.3584905660377358,-0.3584905660377358,0.3081761006289308,0.3081761006289308,-0.07277628032345013,-0.3584905660377358,0.6415094339622642,-0.3584905660377358,-0.04030874785591765,-0.3584905660377358,0.03039832285115307,-0.06437291897891229,71,24,0.3380281690140845,4314.408450704226,8161.041666666667,3,6,4,0.0,0.0,28.166666666666664,60.0,45.0,63.19148936170212,0.2676056338028169,0.47368421052631576,1,0.16666666666666666,0.0,0.375,0.4166666666666667,0.2727272727272727,0.0,0.0,0.0,0.0,0.0,0.0,0.5,0.6666666666666666,0.2222222222222222,0.0,1.0,0.0,0.34375,0.0,0.36363636363636365,0.2962962962962963,0.2535211267605634,0.014084507042253521,0.22535211267605634,0.5070422535211268,0.15492957746478872,0.09859154929577464,0.0,0.0,0.0,0.014084507042253521,0.0,0.056338028169014086,0.04225352112676056,0.1267605633802817,0.0,0.056338028169014086,0.0,0.4507042253521127,0.0,0.6197183098591549,0.38028169014084506,0.125,0.0,0.25,0.625,0.125,0.0,0.0,0.0,0.0,0.0,0.0,0.08333333333333333,0.08333333333333333,0.08333333333333333,0.0,0.16666666666666666,0.0,0.4583333333333333,0.0,0.6666666666666666,0.3333333333333333,-0.17136150234741784,-0.3380281690140845,0.0369718309859155,0.07863849765258218,-0.0653008962868118,-0.3380281690140845,-0.3380281690140845,-0.3380281690140845,-0.3380281690140845,-0.3380281690140845,-0.3380281690140845,0.1619718309859155,0.32863849765258213,-0.11580594679186229,-0.3380281690140845,0.6619718309859155,-0.3380281690140845,0.005721830985915499,-0.3380281690140845,0.025608194622279146,-0.04173187271778822,0.020462397023651324,-18
27a7e068-890f-5bb8-91b4-6538834452c6,Valencia,broad_discovery_flexible,73,29,0.3972602739726027,4632.876712328767,8222.551724137931,3,7,5,0.0,0.0,10.275862068965516,66.72413793103449,45.0,59.31818181818182,0.1917808219178082,0.2857142857142857,0,0.4090909090909091,0.0,0.5294117647058824,0.3235294117647059,0.2857142857142857,0.4666666666666667,0.0,0.0,0.0,0.0,0.0,0.6,1.0,0.4,0.0,0.2,0.0,0.3448275862068966,0.0,0.3333333333333333,0.5,0.3013698630136986,0.0,0.2328767123287671,0.4657534246575342,0.0958904109589041,0.2054794520547945,0.0,0.0,0.0,0.0,0.0,0.0684931506849315,0.0273972602739726,0.136986301369863,0.0,0.0684931506849315,0.0,0.3972602739726027,0.0,0.6164383561643836,0.3835616438356164,0.3103448275862069,0.0,0.3103448275862069,0.3793103448275862,0.06896551724137931,0.2413793103448276,0.0,0.0,0.0,0.0,0.0,0.10344827586206896,0.06896551724137931,0.13793103448275862,0.0,0.034482758620689655,0.0,0.3448275862068966,0.0,0.5172413793103449,0.4827586206896552,0.011830635118306398,-0.3972602739726027,0.13215149073327964,-0.07373086220789682,-0.11154598825831702,0.06940639269406396,-0.3972602739726027,-0.3972602739726027,-0.3972602739726027,-0.3972602739726027,-0.3972602739726027,0.20273972602739726,0.6027397260273972,0.0027397260273973045,-0.3972602739726027,-0.1972602739726027,-0.3972602739726027,-0.05243268776570614,-0.3972602739726027,-0.0639269406392694,0.10273972602739728,95,35,0.3684210526315789,4502.5684210526315,8291.857142857141,4,8,6,0.0,0.0,18.65714285714286,65.57142857142857,45.0,59.99999999999999,0.18947368421052632,0.2777777777777778,0,0.4,1.0,0.5238095238095238,0.2558139534883721,0.36363636363636365,0.42105263157894735,0.0,0.0,0.0,1.0,0.0,0.6666666666666666,0.75,0.36363636363636365,0.0,0.2,0.0,0.2631578947368421,0.0,0.3220338983050847,0.4444444444444444,0.3157894736842105,0.010526315789473684,0.22105263157894736,0.45263157894736844,0.11578947368421053,0.2,0.0,0.0,0.0,0.010526315789473684,0.0,0.06315789473684211,0.042105263157894736,0.11578947368421053,0.0,0.05263157894736842,0.0,0.4,0.0,0.6210526315789474,0.37894736842105264,0.34285714285714286,0.02857142857142857,0.3142857142857143,0.3142857142857143,0.11428571428571428,0.22857142857142856,0.0,0.0,0.0,0.02857142857142857,0.0,0.11428571428571428,0.08571428571428572,0.11428571428571428,0.0,0.02857142857142857,0.0,0.2857142857142857,0.0,0.5428571428571428,0.45714285714285713,0.031578947368421095,0.631578947368421,0.1553884711779449,-0.11260709914320682,-0.0047846889952152805,0.05263157894736842,-0.3684210526315789,-0.3684210526315789,-0.3684210526315789,0.631578947368421,-0.3684210526315789,0.2982456140350877,0.3815789473684211,-0.0047846889952152805,-0.3684210526315789,-0.16842105263157892,-0.3684210526315789,-0.10526315789473684,-0.3684210526315789,-0.04638715432649421,0.07602339181286549,0.02883922134102379,-22
27fab79c-0ad1-58b0-90d1-421d67e972f5,Barcelona,family_weekend_exhibition,42,25,0.5952380952380952,5999.071428571429,8405.48,2,4,3,0.0,0.0,13.0,61.20000000000001,45.0,55.588235294117645,0.047619047619047616,0.0,0,0.0,0.0,0.4,0.6388888888888888,0.0,0.0,0.0,0.0,0.0,0.0,0.0,0.0,1.0,0.3333333333333333,0.0,0.6666666666666666,0.0,0.6296296296296297,0.0,0.5517241379310345,0.6923076923076923,0.023809523809523808,0.0,0.11904761904761904,0.8571428571428571,0.023809523809523808,0.0,0.0,0.0,0.0,0.0,0.0,0.023809523809523808,0.023809523809523808,0.07142857142857142,0.0,0.21428571428571427,0.0,0.6428571428571429,0.0,0.6904761904761905,0.30952380952380953,0.0,0.0,0.08,0.92,0.0,0.0,0.0,0.0,0.0,0.0,0.0,0.0,0.04,0.04,0.0,0.24,0.0,0.68,0.0,0.64,0.36,-0.5952380952380952,-0.5952380952380952,-0.1952380952380952,0.04365079365079361,-0.5952380952380952,-0.5952380952380952,-0.5952380952380952,-0.5952380952380952,-0.5952380952380952,-0.5952380952380952,-0.5952380952380952,-0.5952380952380952,0.40476190476190477,-0.2619047619047619,-0.5952380952380952,0.0714285714285714,-0.5952380952380952,0.03439153439153442,-0.5952380952380952,-0.04351395730706076,0.09706959706959706,55,32,0.5818181818181818,5892.981818181816,8453.000000000002,2,4,4,0.0,0.0,20.843749999999996,61.875,45.0,52.82608695652175,0.07272727272727272,0.0,0,0.0,0.0,0.3333333333333333,0.625,0.0,0.0,0.0,0.0,0.0,0.0,0.0,0.0,0.5,0.3333333333333333,0.0,0.6666666666666666,0.0,0.6153846153846154,0.0,0.5128205128205128,0.75,0.01818181818181818,0.0,0.10909090909090909,0.8727272727272727,0.01818181818181818,0.0,0.0,0.0,0.0,0.0,0.0,0.01818181818181818,0.03636363636363636,0.05454545454545454,0.0,0.16363636363636364,0.0,0.7090909090909091,0.0,0.7090909090909091,0.2909090909090909,0.0,0.0,0.0625,0.9375,0.0,0.0,0.0,0.0,0.0,0.0,0.0,0.0,0.03125,0.03125,0.0,0.1875,0.0,0.75,0.0,0.625,0.375,-0.5818181818181818,-0.5818181818181818,-0.24848484848484848,0.04318181818181821,-0.5818181818181818,-0.5818181818181818,-0.5818181818181818,-0.5818181818181818,-0.5818181818181818,-0.5818181818181818,-0.5818181818181818,-0.5818181818181818,-0.08181818181818179,-0.24848484848484848,-0.5818181818181818,0.08484848484848484,-0.5818181818181818,0.03356643356643363,-0.5818181818181818,-0.06899766899766901,0.1681818181818182,0.013419913419913443,-13
287adf12-9b58-589c-9bf3-0b7b5a70916d,Madrid,family_weekend_exhibition,64,40,0.625,5795.531250000001,8181.524999999999,4,7,4,0.0,0.0,11.1,48.375,45.0,58.12499999999999,0.109375,0.5714285714285714,0,0.5,1.0,0.5454545454545454,0.6521739130434783,0.6666666666666666,0.3333333333333333,0.0,0.0,0.0,1.0,0.0,0.0,1.0,0.42857142857142855,0.0,0.6428571428571429,0.0,0.65625,0.0,0.6851851851851852,0.3,0.09375,0.015625,0.171875,0.71875,0.046875,0.046875,0.0,0.0,0.0,0.015625,0.0,0.015625,0.046875,0.109375,0.0,0.21875,0.0,0.5,0.0,0.84375,0.15625,0.075,0.025,0.15,0.75,0.05,0.025,0.0,0.0,0.0,0.025,0.0,0.0,0.075,0.075,0.0,0.225,0.0,0.525,0.0,0.925,0.075,-0.125,0.375,-0.07954545454545459,0.02717391304347827,0.04166666666666663,-0.2916666666666667,-0.625,-0.625,-0.625,0.375,-0.625,-0.625,0.375,-0.19642857142857145,-0.625,0.017857142857142905,-0.625,0.03125,-0.625,0.06018518518518523,-0.325,81,46,0.5679012345679012,5439.765432098765,8098.391304347826,4,7,4,0.0,0.0,18.826086956521742,50.8695652173913,45.0,57.857142857142854,0.12345679012345678,0.5,0,0.5,1.0,0.46153846153846156,0.5932203389830508,0.6,0.3333333333333333,0.0,0.0,0.0,1.0,0.0,0.0,1.0,0.3333333333333333,0.0,0.6666666666666666,0.0,0.5681818181818182,0.0,0.6153846153846154,0.375,0.09876543209876543,0.012345679012345678,0.16049382716049382,0.7283950617283951,0.06172839506172839,0.037037037037037035,0.0,0.0,0.0,0.012345679012345678,0.0,0.012345679012345678,0.037037037037037035,0.1111111111111111,0.0,0.18518518518518517,0.0,0.5432098765432098,0.0,0.8024691358024691,0.19753086419753085,0.08695652173913043,0.021739130434782608,0.13043478260869565,0.7608695652173914,0.06521739130434782,0.021739130434782608,0.0,0.0,0.0,0.021739130434782608,0.0,0.0,0.06521739130434782,0.06521739130434782,0.0,0.21739130434782608,0.0,0.5434782608695652,0.0,0.8695652173913043,0.13043478260869565,-0.0679012345679012,0.4320987654320988,-0.10636277302943964,0.025319104415149618,0.032098765432098775,-0.2345679012345679,-0.5679012345679012,-0.5679012345679012,-0.5679012345679012,0.4320987654320988,-0.5679012345679012,-0.5679012345679012,0.4320987654320988,-0.2345679012345679,-0.5679012345679012,0.09876543209876543,-0.5679012345679012,2.8058361391702924E-4,-0.5679012345679012,0.047483380816714216,-0.1929012345679012,0.0570987654320988,-17
298976f2-6e19-5916-b6c1-e17e0830d10b,Barcelona,family_weekend_exhibition,51,28,0.5490196078431373,5211.333333333334,7931.07142857143,3,5,6,0.0,0.0,14.357142857142861,64.28571428571429,45.0,58.69565217391305,0.0392156862745098,0.5,0,0.42857142857142855,0.0,0.14285714285714285,0.6486486486486487,0.5,0.3333333333333333,0.0,0.0,0.0,0.0,0.0,0.0,0.0,0.3333333333333333,0.0,0.5714285714285714,0.0,0.6666666666666666,0.0,0.5,0.631578947368421,0.13725490196078433,0.0,0.13725490196078433,0.7254901960784313,0.0784313725490196,0.058823529411764705,0.0,0.0,0.0,0.0,0.0,0.0392156862745098,0.0392156862745098,0.058823529411764705,0.0,0.13725490196078433,0.0,0.5882352941176471,0.0,0.6274509803921569,0.37254901960784315,0.10714285714285714,0.0,0.03571428571428571,0.8571428571428571,0.07142857142857142,0.03571428571428571,0.0,0.0,0.0,0.0,0.0,0.0,0.0,0.03571428571428571,0.0,0.14285714285714285,0.0,0.7142857142857143,0.0,0.5714285714285714,0.42857142857142855,-0.12044817927170876,-0.5490196078431373,-0.40616246498599445,0.09962904080551138,-0.0490196078431373,-0.215686274509804,-0.5490196078431373,-0.5490196078431373,-0.5490196078431373,-0.5490196078431373,-0.5490196078431373,-0.5490196078431373,-0.5490196078431373,-0.215686274509804,-0.5490196078431373,0.022408963585434094,-0.5490196078431373,0.11764705882352933,-0.5490196078431373,-0.0490196078431373,0.08255933952528371,56,31,0.5535714285714286,5239.160714285716,7949.516129032258,3,5,6,0.0,0.0,19.548387096774196,63.87096774193549,45.0,59.4,0.03571428571428571,0.5,0,0.42857142857142855,0.0,0.14285714285714285,0.6428571428571429,0.5,0.3333333333333333,0.0,0.0,0.0,0.0,0.0,0.0,0.0,0.3333333333333333,0.0,0.5555555555555556,0.0,0.6666666666666666,0.0,0.5142857142857142,0.6190476190476191,0.125,0.0,0.125,0.75,0.07142857142857142,0.05357142857142857,0.0,0.0,0.0,0.0,0.0,0.03571428571428571,0.03571428571428571,0.05357142857142857,0.0,0.16071428571428573,0.0,0.5892857142857143,0.0,0.625,0.375,0.0967741935483871,0.0,0.03225806451612903,0.8709677419354839,0.06451612903225806,0.03225806451612903,0.0,0.0,0.0,0.0,0.0,0.0,0.0,0.03225806451612903,0.0,0.16129032258064516,0.0,0.7096774193548387,0.0,0.5806451612903226,0.41935483870967744,-0.12500000000000006,-0.5535714285714286,-0.41071428571428575,0.0892857142857143,-0.0535714285714286,-0.2202380952380953,-0.5535714285714286,-0.5535714285714286,-0.5535714285714286,-0.5535714285714286,-0.5535714285714286,-0.5535714285714286,-0.5535714285714286,-0.2202380952380953,-0.5535714285714286,0.001984126984126977,-0.5535714285714286,0.11309523809523803,-0.5535714285714286,-0.03928571428571437,0.06547619047619047,-0.0045518207282913,-5
2be97220-3ab4-5f69-9341-251e50c95ce5,Malaga,culture_theatre_explorer,49,18,0.3673469387755102,5137.73469387755,9429.888888888887,3,5,2,0.0,0.0,16.333333333333332,62.5,45.0,59.51612903225807,0.3877551020408163,0.42105263157894735,1,0.125,0.0,0.4827586206896552,0.2727272727272727,0.0,0.16666666666666666,0.0,0.0,0.0,0.0,0.0,0.625,0.3,0.5454545454545454,0.0,0.0,0.0,0.2727272727272727,0.0,0.34375,0.4117647058823529,0.16326530612244897,0.02040816326530612,0.5918367346938775,0.22448979591836735,0.04081632653061224,0.12244897959183673,0.0,0.0,0.0,0.02040816326530612,0.0,0.16326530612244897,0.20408163265306123,0.22448979591836735,0.0,0.0,0.0,0.22448979591836735,0.0,0.6530612244897959,0.3469387755102041,0.05555555555555555,0.0,0.7777777777777778,0.16666666666666666,0.0,0.05555555555555555,0.0,0.0,0.0,0.0,0.0,0.2777777777777778,0.16666666666666666,0.3333333333333333,0.0,0.0,0.0,0.16666666666666666,0.0,0.6111111111111112,0.3888888888888889,-0.24234693877551022,-0.3673469387755102,0.11541168191414497,-0.09461966604823752,-0.3673469387755102,-0.20068027210884357,-0.3673469387755102,-0.3673469387755102,-0.3673469387755102,-0.3673469387755102,-0.3673469387755102,0.2576530612244898,-0.06734693877551023,0.1781076066790352,-0.3673469387755102,-0.3673469387755102,-0.3673469387755102,-0.09461966604823752,-0.3673469387755102,-0.023596938775510223,0.0444177671068427,58,25,0.43103448275862066,5501.155172413793,9261.0,3,5,2,0.0,0.0,26.88,59.4,45.0,60.0,0.3620689655172414,0.42857142857142855,1,0.125,0.0,0.5294117647058824,0.4,0.0,0.16666666666666666,0.0,0.0,0.0,0.0,0.0,0.6666666666666666,0.36363636363636365,0.5714285714285714,0.0,0.0,0.0,0.4,0.0,0.4358974358974359,0.42105263157894735,0.13793103448275862,0.017241379310344827,0.5862068965517241,0.25862068965517243,0.034482758620689655,0.10344827586206896,0.0,0.0,0.0,0.017241379310344827,0.0,0.15517241379310345,0.1896551724137931,0.2413793103448276,0.0,0.0,0.0,0.25862068965517243,0.0,0.6724137931034483,0.3275862068965517,0.04,0.0,0.72,0.24,0.0,0.04,0.0,0.0,0.0,0.0,0.0,0.24,0.16,0.32,0.0,0.0,0.0,0.24,0.0,0.68,0.32,-0.30603448275862066,-0.43103448275862066,0.0983772819472617,-0.03103448275862064,-0.43103448275862066,-0.26436781609195403,-0.43103448275862066,-0.43103448275862066,-0.43103448275862066,-0.43103448275862066,-0.43103448275862066,0.23563218390804597,-0.06739811912225702,0.14039408866995073,-0.43103448275862066,-0.43103448275862066,-0.43103448275862066,-0.03103448275862064,-0.43103448275862066,0.00486295313881524,-0.009981851179673318,-0.06368754398311044,-9
2c4955c7-a220-5e0f-9f1f-461382f41d63,Malaga,culture_theatre_explorer,61,27,0.4426229508196721,5792.803278688525,10123.925925925927,3,7,4,0.0,0.0,15.407407407407408,53.333333333333336,45.0,56.02941176470588,0.22950819672131148,0.5,1,0.3,0.0,0.4594594594594595,0.5,0.16666666666666666,0.5,0.0,0.0,0.0,0.0,0.0,0.625,0.2222222222222222,0.5,0.0,1.0,0.0,0.46153846153846156,0.0,0.4782608695652174,0.35714285714285715,0.16393442622950818,0.0,0.6065573770491803,0.22950819672131148,0.09836065573770492,0.06557377049180328,0.0,0.0,0.0,0.0,0.0,0.13114754098360656,0.14754098360655737,0.32786885245901637,0.0,0.01639344262295082,0.0,0.21311475409836064,0.01639344262295082,0.7540983606557377,0.22950819672131148,0.1111111111111111,0.0,0.6296296296296297,0.25925925925925924,0.037037037037037035,0.07407407407407407,0.0,0.0,0.0,0.0,0.0,0.18518518518518517,0.07407407407407407,0.37037037037037035,0.0,0.037037037037037035,0.0,0.2222222222222222,0.0,0.8148148148148148,0.18518518518518517,-0.14262295081967213,-0.4426229508196721,0.016836508639787362,0.05737704918032788,-0.27595628415300544,0.05737704918032788,-0.4426229508196721,-0.4426229508196721,-0.4426229508196721,-0.4426229508196721,-0.4426229508196721,0.18237704918032788,-0.2204007285974499,0.05737704918032788,-0.4426229508196721,0.5573770491803278,-0.4426229508196721,0.01891551071878944,-0.4426229508196721,0.03563791874554528,-0.08548009367681497,79,34,0.43037974683544306,5650.974683544304,9926.764705882353,4,8,5,0.0,0.0,24.941176470588232,52.94117647058823,45.0,55.333333333333336,0.20253164556962025,0.4375,1,0.3,1.0,0.40816326530612246,0.5263157894736842,0.16666666666666666,0.5,0.0,0.0,0.0,1.0,0.0,0.5,0.16666666666666666,0.48148148148148145,0.0,1.0,0.0,0.5,0.0,0.45901639344262296,0.35294117647058826,0.12658227848101267,0.012658227848101266,0.620253164556962,0.24050632911392406,0.0759493670886076,0.05063291139240506,0.0,0.0,0.0,0.012658227848101266,0.0,0.12658227848101267,0.1518987341772152,0.34177215189873417,0.0,0.012658227848101266,0.0,0.22784810126582278,0.012658227848101266,0.7721518987341772,0.21518987341772153,0.08823529411764706,0.029411764705882353,0.5882352941176471,0.29411764705882354,0.029411764705882353,0.058823529411764705,0.0,0.0,0.0,0.029411764705882353,0.0,0.14705882352941177,0.058823529411764705,0.38235294117647056,0.0,0.029411764705882353,0.0,0.2647058823529412,0.0,0.8235294117647058,0.17647058823529413,-0.13037974683544307,0.5696202531645569,-0.022216481529320597,0.09593604263824113,-0.26371308016877637,0.06962025316455694,-0.43037974683544306,-0.43037974683544306,-0.43037974683544306,0.5696202531645569,-0.43037974683544306,0.06962025316455694,-0.26371308016877637,0.0511017346460384,-0.43037974683544306,0.5696202531645569,-0.43037974683544306,0.06962025316455694,-0.43037974683544306,0.028636646607179905,-0.0774385703648548,0.012243203984229067,-18
2e7d891a-0c2d-5b15-9e68-4ba41b72cc27,Barcelona,music_pop_rock_local,57,30,0.5263157894736842,5351.2807017543855,8272.333333333332,3,5,7,0.0,0.0,12.933333333333335,66.0,45.0,56.66666666666667,0.05263157894736842,1.0,1,0.6571428571428571,0.0,0.16666666666666666,0.4,0.625,0.7272727272727273,0.0,0.0,0.0,0.0,0.0,0.0,0.0,0.25,0.0,1.0,0.0,0.35714285714285715,0.0,0.4444444444444444,0.6666666666666666,0.6140350877192983,0.017543859649122806,0.10526315789473684,0.2631578947368421,0.42105263157894735,0.19298245614035087,0.0,0.0,0.0,0.017543859649122806,0.0,0.0,0.03508771929824561,0.07017543859649122,0.0,0.017543859649122806,0.0,0.24561403508771928,0.0,0.631578947368421,0.3684210526315789,0.7666666666666667,0.0,0.03333333333333333,0.2,0.5,0.26666666666666666,0.0,0.0,0.0,0.0,0.0,0.0,0.0,0.03333333333333333,0.0,0.03333333333333333,0.0,0.16666666666666666,0.0,0.5333333333333333,0.4666666666666667,0.13082706766917296,-0.5263157894736842,-0.35964912280701755,-0.12631578947368416,0.09868421052631582,0.2009569377990431,-0.5263157894736842,-0.5263157894736842,-0.5263157894736842,-0.5263157894736842,-0.5263157894736842,-0.5263157894736842,-0.5263157894736842,-0.2763157894736842,-0.5263157894736842,0.4736842105263158,-0.5263157894736842,-0.16917293233082703,-0.5263157894736842,-0.08187134502923976,0.14035087719298245,73,35,0.4794520547945205,5117.150684931507,8355.657142857142,3,5,8,0.0,0.0,18.971428571428568,65.57142857142858,45.0,59.21052631578949,0.0410958904109589,1.0,1,0.5909090909090909,0.0,0.2,0.3888888888888889,0.6206896551724138,0.5333333333333333,0.0,0.0,0.0,0.0,0.0,0.0,0.0,0.2857142857142857,0.0,1.0,0.0,0.35294117647058826,0.0,0.4222222222222222,0.5714285714285714,0.6027397260273972,0.0136986301369863,0.136986301369863,0.2465753424657534,0.3972602739726027,0.2054794520547945,0.0,0.0,0.0,0.0136986301369863,0.0,0.0136986301369863,0.0273972602739726,0.0958904109589041,0.0,0.0136986301369863,0.0,0.2328767123287671,0.0,0.6164383561643836,0.3835616438356164,0.7428571428571429,0.0,0.05714285714285714,0.2,0.5142857142857142,0.22857142857142856,0.0,0.0,0.0,0.0,0.0,0.0,0.0,0.05714285714285714,0.0,0.02857142857142857,0.0,0.17142857142857143,0.0,0.5428571428571428,0.45714285714285713,0.11145703611457042,-0.4794520547945205,-0.2794520547945205,-0.09056316590563163,0.1412376003778933,0.053881278538812805,-0.4794520547945205,-0.4794520547945205,-0.4794520547945205,-0.4794520547945205,-0.4794520547945205,-0.4794520547945205,-0.4794520547945205,-0.19373776908023482,-0.4794520547945205,0.5205479452054795,-0.4794520547945205,-0.12651087832393226,-0.4794520547945205,-0.0572298325722983,0.09197651663405088,0.04686373467916366,-16
2e97b2fc-0db4-5db8-b5a0-224e73af6a82,Valencia,family_weekend_exhibition,58,30,0.5172413793103449,4953.551724137931,7701.533333333334,3,5,4,0.0,0.0,12.7,52.49999999999999,45.0,62.67857142857142,0.13793103448275862,0.25,0,0.6666666666666666,0.0,0.4,0.5454545454545454,0.5,1.0,0.0,0.0,0.0,0.0,0.0,0.0,0.6666666666666666,0.0,0.0,0.7,0.0,0.5,0.0,0.5952380952380952,0.3125,0.05172413793103448,0.017241379310344827,0.1724137931034483,0.7586206896551724,0.034482758620689655,0.017241379310344827,0.0,0.0,0.0,0.017241379310344827,0.0,0.0,0.10344827586206896,0.06896551724137931,0.0,0.1724137931034483,0.0,0.5862068965517241,0.0,0.7241379310344828,0.27586206896551724,0.06666666666666667,0.0,0.13333333333333333,0.8,0.03333333333333333,0.03333333333333333,0.0,0.0,0.0,0.0,0.0,0.0,0.13333333333333333,0.0,0.0,0.23333333333333334,0.0,0.5666666666666667,0.0,0.8333333333333334,0.16666666666666666,0.14942528735632177,-0.5172413793103449,-0.11724137931034484,0.028213166144200552,-0.017241379310344862,0.48275862068965514,-0.5172413793103449,-0.5172413793103449,-0.5172413793103449,-0.5172413793103449,-0.5172413793103449,-0.5172413793103449,0.14942528735632177,-0.5172413793103449,-0.5172413793103449,0.1827586206896551,-0.5172413793103449,-0.017241379310344862,-0.5172413793103449,0.07799671592775037,-0.20474137931034486,69,35,0.5072463768115942,4922.521739130434,7715.599999999999,3,5,4,0.0,0.0,21.31428571428572,52.714285714285715,45.0,64.8529411764706,0.14492753623188406,0.3,0,0.5,0.0,0.4,0.5370370370370371,0.5,0.5,0.0,0.0,0.0,0.0,0.0,0.0,0.6666666666666666,0.0,0.0,0.7272727272727273,0.0,0.4883720930232558,0.0,0.6041666666666666,0.2857142857142857,0.057971014492753624,0.014492753623188406,0.14492753623188406,0.782608695652174,0.028985507246376812,0.028985507246376812,0.0,0.0,0.0,0.014492753623188406,0.0,0.0,0.08695652173913043,0.057971014492753624,0.0,0.15942028985507245,0.0,0.6231884057971014,0.0,0.6956521739130435,0.30434782608695654,0.05714285714285714,0.0,0.11428571428571428,0.8285714285714286,0.02857142857142857,0.02857142857142857,0.0,0.0,0.0,0.0,0.0,0.0,0.11428571428571428,0.0,0.0,0.22857142857142856,0.0,0.6,0.0,0.8285714285714286,0.17142857142857143,-0.007246376811594235,-0.5072463768115942,-0.10724637681159421,0.029790660225442855,-0.007246376811594235,-0.007246376811594235,-0.5072463768115942,-0.5072463768115942,-0.5072463768115942,-0.5072463768115942,-0.5072463768115942,-0.5072463768115942,0.1594202898550724,-0.5072463768115942,-0.5072463768115942,0.22002635046113306,-0.5072463768115942,-0.018874283788338442,-0.5072463768115942,0.0969202898550724,-0.22153209109730854,0.009995002498750627,-11
2fc3f32e-792f-5521-b320-15859cd5bf4d,Barcelona,sports_basketball_traveler,41,5,0.12195121951219512,2635.8048780487807,7279.8,2,2,2,0.0,0.0,7.6,72.0,90.0,70.41666666666667,0.024390243902439025,0.0,0,0.0,0.0,0.16666666666666666,0.1875,0.0,0.0,0.0,0.0,0.0,0.0,0.0,0.0,0.0,0.2222222222222222,0.0,0.0,0.0,0.1875,0.0,0.125,0.125,0.3170731707317073,0.0,0.2926829268292683,0.3902439024390244,0.07317073170731707,0.24390243902439024,0.0,0.0,0.0,0.0,0.0,0.024390243902439025,0.04878048780487805,0.21951219512195122,0.0,0.0,0.0,0.3902439024390244,0.024390243902439025,0.3902439024390244,0.5853658536585366,0.0,0.0,0.4,0.6,0.0,0.0,0.0,0.0,0.0,0.0,0.0,0.0,0.0,0.4,0.0,0.0,0.0,0.6,0.0,0.4,0.6,-0.12195121951219512,-0.12195121951219512,0.04471544715447154,0.06554878048780488,-0.12195121951219512,-0.12195121951219512,-0.12195121951219512,-0.12195121951219512,-0.12195121951219512,-0.12195121951219512,-0.12195121951219512,-0.12195121951219512,-0.12195121951219512,0.10027100271002709,-0.12195121951219512,-0.12195121951219512,-0.12195121951219512,0.06554878048780488,-0.12195121951219512,0.0030487804878048808,0.0030487804878048808,53,6,0.11320754716981132,2539.3018867924525,7263.833333333333,3,3,3,0.0,0.0,18.666666666666664,67.5,45.0,73.08510638297872,0.03773584905660377,0.5,0,0.0,1.0,0.15384615384615385,0.13636363636363635,0.0,0.0,0.0,0.0,0.0,1.0,0.0,0.0,0.0,0.2222222222222222,0.0,0.0,0.0,0.13636363636363635,0.0,0.15789473684210525,0.09090909090909091,0.32075471698113206,0.018867924528301886,0.24528301886792453,0.41509433962264153,0.05660377358490566,0.2641509433962264,0.0,0.0,0.0,0.018867924528301886,0.0,0.03773584905660377,0.03773584905660377,0.16981132075471697,0.0,0.0,0.0,0.41509433962264153,0.018867924528301886,0.3584905660377358,0.6226415094339622,0.0,0.16666666666666666,0.3333333333333333,0.5,0.0,0.0,0.0,0.0,0.0,0.16666666666666666,0.0,0.0,0.0,0.3333333333333333,0.0,0.0,0.0,0.5,0.0,0.5,0.5,-0.11320754716981132,0.8867924528301887,0.04063860667634253,0.02315608919382503,-0.11320754716981132,-0.11320754716981132,-0.11320754716981132,-0.11320754716981132,-0.11320754716981132,0.8867924528301887,-0.11320754716981132,-0.11320754716981132,-0.11320754716981132,0.10901467505241089,-0.11320754716981132,-0.11320754716981132,-0.11320754716981132,0.02315608919382503,-0.11320754716981132,0.04468718967229393,-0.022298456260720412,0.008743672342383796,-12
2fddfe61-46ae-56a9-9185-a04aada0e5d4,Madrid,broad_discovery_flexible,56,18,0.32142857142857145,4175.625,7969.666666666667,3,7,3,0.0,0.0,12.111111111111114,62.5,45.0,60.39473684210527,0.25,0.42857142857142855,0,0.3333333333333333,0.0,0.38461538461538464,0.2916666666666667,0.4,0.25,0.0,0.0,0.0,0.0,0.0,0.25,0.6666666666666666,0.3333333333333333,0.0,0.3333333333333333,0.0,0.2857142857142857,0.0,0.3055555555555556,0.35,0.32142857142857145,0.017857142857142856,0.23214285714285715,0.42857142857142855,0.17857142857142858,0.14285714285714285,0.0,0.0,0.0,0.017857142857142856,0.0,0.07142857142857142,0.05357142857142857,0.10714285714285714,0.0,0.05357142857142857,0.0,0.375,0.0,0.6428571428571429,0.35714285714285715,0.3333333333333333,0.0,0.2777777777777778,0.3888888888888889,0.2222222222222222,0.1111111111111111,0.0,0.0,0.0,0.0,0.0,0.05555555555555555,0.1111111111111111,0.1111111111111111,0.0,0.05555555555555555,0.0,0.3333333333333333,0.0,0.6111111111111112,0.3888888888888889,0.011904761904761862,-0.32142857142857145,0.06318681318681318,-0.029761904761904767,0.07857142857142857,-0.07142857142857145,-0.32142857142857145,-0.32142857142857145,-0.32142857142857145,-0.32142857142857145,-0.32142857142857145,-0.07142857142857145,0.3452380952380952,0.011904761904761862,-0.32142857142857145,0.011904761904761862,-0.32142857142857145,-0.035714285714285754,-0.32142857142857145,-0.015873015873015872,0.028571428571428525,73,27,0.3698630136986301,4573.9178082191775,8442.592592592593,3,7,3,0.0,0.0,29.777777777777782,61.66666666666668,45.0,60.65217391304348,0.2328767123287671,0.47058823529411764,0,0.38461538461538464,0.0,0.3888888888888889,0.35714285714285715,0.35714285714285715,0.4166666666666667,0.0,0.0,0.0,0.0,0.0,0.3333333333333333,0.6666666666666666,0.3333333333333333,0.0,0.3333333333333333,0.0,0.36,0.0,0.3617021276595745,0.38461538461538464,0.3561643835616438,0.0136986301369863,0.2465753424657534,0.3835616438356164,0.1917808219178082,0.1643835616438356,0.0,0.0,0.0,0.0136986301369863,0.0,0.0821917808219178,0.0410958904109589,0.1232876712328767,0.0,0.0410958904109589,0.0,0.3424657534246575,0.0,0.6438356164383562,0.3561643835616438,0.37037037037037035,0.0,0.25925925925925924,0.37037037037037035,0.18518518518518517,0.18518518518518517,0.0,0.0,0.0,0.0,0.0,0.07407407407407407,0.07407407407407407,0.1111111111111111,0.0,0.037037037037037035,0.0,0.3333333333333333,0.0,0.6296296296296297,0.37037037037037035,0.01475237091675452,-0.3698630136986301,0.01902587519025878,-0.012720156555772966,-0.012720156555772966,0.04680365296803657,-0.3698630136986301,-0.3698630136986301,-0.3698630136986301,-0.3698630136986301,-0.3698630136986301,-0.0365296803652968,0.2968036529680365,-0.0365296803652968,-0.3698630136986301,-0.0365296803652968,-0.3698630136986301,-0.00986301369863013,-0.3698630136986301,-0.008160886039055626,0.01475237091675452,-0.048434442270058664,-17
2fe52172-62f9-57e9-98ac-f48cac53f516,Barcelona,culture_theatre_explorer,58,31,0.5344827586206896,6053.706896551725,9178.096774193547,3,6,4,0.0,0.0,12.35483870967742,56.61290322580645,45.0,60.55555555555556,0.22413793103448276,0.6923076923076923,0,0.3333333333333333,0.0,0.6470588235294118,0.4117647058823529,0.3333333333333333,0.3333333333333333,0.0,0.0,0.0,0.0,0.0,0.5,0.625,0.7,0.0,0.0,0.0,0.4375,0.0,0.5897435897435898,0.4444444444444444,0.10344827586206896,0.017241379310344827,0.5862068965517241,0.29310344827586204,0.05172413793103448,0.05172413793103448,0.0,0.0,0.0,0.017241379310344827,0.0,0.10344827586206896,0.13793103448275862,0.3448275862068966,0.0,0.017241379310344827,0.0,0.27586206896551724,0.017241379310344827,0.6724137931034483,0.3103448275862069,0.06451612903225806,0.0,0.7096774193548387,0.22580645161290322,0.03225806451612903,0.03225806451612903,0.0,0.0,0.0,0.0,0.0,0.0967741935483871,0.16129032258064516,0.45161290322580644,0.0,0.0,0.0,0.22580645161290322,0.0,0.7419354838709677,0.25806451612903225,-0.2011494252873563,-0.5344827586206896,0.11257606490872218,-0.12271805273833669,-0.2011494252873563,-0.2011494252873563,-0.5344827586206896,-0.5344827586206896,-0.5344827586206896,-0.5344827586206896,-0.5344827586206896,-0.03448275862068961,0.09051724137931039,0.16551724137931034,-0.5344827586206896,-0.5344827586206896,-0.5344827586206896,-0.09698275862068961,-0.5344827586206896,0.055260831122900145,-0.0900383141762452,84,42,0.5,5943.8214285714275,9398.309523809523,3,6,4,0.0,0.0,26.66666666666667,55.714285714285715,45.0,60.35714285714287,0.23809523809523808,0.65,0,0.4166666666666667,0.0,0.56,0.42857142857142855,0.5714285714285714,0.2,0.0,0.0,0.0,0.0,0.0,0.3,0.6666666666666666,0.6071428571428571,0.0,0.0,0.0,0.45,0.0,0.5517241379310345,0.4,0.14285714285714285,0.011904761904761904,0.5952380952380952,0.25,0.08333333333333333,0.05952380952380952,0.0,0.0,0.0,0.011904761904761904,0.0,0.11904761904761904,0.14285714285714285,0.3333333333333333,0.0,0.011904761904761904,0.0,0.23809523809523808,0.011904761904761904,0.6904761904761905,0.2976190476190476,0.11904761904761904,0.0,0.6666666666666666,0.21428571428571427,0.09523809523809523,0.023809523809523808,0.0,0.0,0.0,0.0,0.0,0.07142857142857142,0.19047619047619047,0.40476190476190477,0.0,0.0,0.0,0.21428571428571427,0.0,0.7619047619047619,0.23809523809523808,-0.08333333333333331,-0.5,0.06000000000000005,-0.07142857142857145,0.0714285714285714,-0.3,-0.5,-0.5,-0.5,-0.5,-0.5,-0.2,0.16666666666666663,0.1071428571428571,-0.5,-0.5,-0.5,-0.04999999999999999,-0.5,0.051724137931034475,-0.09999999999999998,0.03448275862068961,-26
309beb52-0633-5496-93c7-56336e56a1da,Valencia,broad_discovery_flexible,48,19,0.3958333333333333,4645.291666666667,8607.473684210527,3,5,4,0.0,0.0,11.263157894736842,54.473684210526315,45.0,51.724137931034484,0.10416666666666667,0.6,0,0.5454545454545454,0.0,0.23529411764705882,0.45,0.5,0.6666666666666666,0.0,0.0,0.0,0.0,0.0,0.0,0.2,0.3333333333333333,0.0,0.0,0.0,0.5,0.0,0.39473684210526316,0.4444444444444444,0.22916666666666666,0.0,0.3541666666666667,0.4166666666666667,0.16666666666666666,0.0625,0.0,0.0,0.0,0.0,0.0,0.0625,0.10416666666666667,0.1875,0.0,0.041666666666666664,0.0,0.375,0.020833333333333332,0.7916666666666666,0.1875,0.3157894736842105,0.0,0.21052631578947367,0.47368421052631576,0.21052631578947367,0.10526315789473684,0.0,0.0,0.0,0.0,0.0,0.0,0.05263157894736842,0.15789473684210525,0.0,0.0,0.0,0.47368421052631576,0.0,0.7894736842105263,0.21052631578947367,0.1496212121212121,-0.3958333333333333,-0.1605392156862745,0.054166666666666696,0.10416666666666669,0.2708333333333333,-0.3958333333333333,-0.3958333333333333,-0.3958333333333333,-0.3958333333333333,-0.3958333333333333,-0.3958333333333333,-0.1958333333333333,-0.0625,-0.3958333333333333,-0.3958333333333333,-0.3958333333333333,0.10416666666666669,-0.3958333333333333,-0.001096491228070151,0.048611111111111105,65,24,0.36923076923076925,4534.030769230769,8855.708333333334,3,6,4,0.0,0.0,20.499999999999996,58.125,45.0,53.04878048780488,0.13846153846153847,0.5555555555555556,0,0.3888888888888889,0.0,0.3333333333333333,0.4090909090909091,0.36363636363636365,0.42857142857142855,0.0,0.0,0.0,0.0,0.0,0.4,0.16666666666666666,0.38461538461538464,0.0,0.0,0.0,0.47368421052631576,0.0,0.3469387755102041,0.4666666666666667,0.27692307692307694,0.015384615384615385,0.36923076923076925,0.3384615384615385,0.16923076923076924,0.1076923076923077,0.0,0.0,0.0,0.015384615384615385,0.0,0.07692307692307693,0.09230769230769231,0.2,0.0,0.046153846153846156,0.0,0.2923076923076923,0.015384615384615385,0.7538461538461538,0.23076923076923078,0.2916666666666667,0.0,0.3333333333333333,0.375,0.16666666666666666,0.125,0.0,0.0,0.0,0.0,0.0,0.08333333333333333,0.041666666666666664,0.20833333333333334,0.0,0.0,0.0,0.375,0.0,0.7083333333333334,0.2916666666666667,0.019658119658119644,-0.36923076923076925,-0.035897435897435936,0.039860139860139865,-0.005594405594405605,0.059340659340659296,-0.36923076923076925,-0.36923076923076925,-0.36923076923076925,-0.36923076923076925,-0.36923076923076925,0.03076923076923077,-0.2025641025641026,0.015384615384615385,-0.36923076923076925,-0.36923076923076925,-0.36923076923076925,0.10445344129554651,-0.36923076923076925,-0.022291993720565173,0.09743589743589742,0.026602564102564064,-17
30f73de8-2a29-531f-8b1b-8886dd6bb726,Barcelona,family_weekend_exhibition,44,27,0.6136363636363636,5859.795454545455,8068.037037037037,3,5,4,0.0,0.0,14.37037037037037,53.333333333333336,45.0,55.588235294117645,0.09090909090909091,0.75,0,0.25,0.0,0.4444444444444444,0.7096774193548387,0.5,0.0,0.0,0.0,0.0,0.0,0.0,1.0,0.0,0.5,0.0,0.5,0.0,0.76,0.0,0.6285714285714286,0.5555555555555556,0.09090909090909091,0.0,0.20454545454545456,0.7045454545454546,0.045454545454545456,0.045454545454545456,0.0,0.0,0.0,0.0,0.0,0.022727272727272728,0.045454545454545456,0.13636363636363635,0.0,0.13636363636363635,0.0,0.5681818181818182,0.0,0.7954545454545454,0.20454545454545456,0.037037037037037035,0.0,0.14814814814814814,0.8148148148148148,0.037037037037037035,0.0,0.0,0.0,0.0,0.0,0.0,0.037037037037037035,0.0,0.1111111111111111,0.0,0.1111111111111111,0.0,0.7037037037037037,0.0,0.8148148148148148,0.18518518518518517,-0.36363636363636365,-0.6136363636363636,-0.16919191919191923,0.0960410557184751,-0.11363636363636365,-0.6136363636363636,-0.6136363636363636,-0.6136363636363636,-0.6136363636363636,-0.6136363636363636,-0.6136363636363636,0.38636363636363635,-0.6136363636363636,-0.11363636363636365,-0.6136363636363636,-0.11363636363636365,-0.6136363636363636,0.14636363636363636,-0.6136363636363636,0.014935064935064912,-0.058080808080808066,56,29,0.5178571428571429,5141.660714285714,7759.172413793104,3,5,4,0.0,0.0,17.965517241379313,54.310344827586206,45.0,56.66666666666667,0.08928571428571429,0.6,0,0.16666666666666666,0.0,0.36363636363636365,0.631578947368421,0.5,0.0,0.0,0.0,0.0,0.0,0.0,1.0,0.0,0.42857142857142855,0.0,0.42857142857142855,0.0,0.6774193548387096,0.0,0.5348837209302325,0.46153846153846156,0.10714285714285714,0.017857142857142856,0.19642857142857142,0.6785714285714286,0.03571428571428571,0.07142857142857142,0.0,0.0,0.0,0.017857142857142856,0.0,0.017857142857142856,0.05357142857142857,0.125,0.0,0.125,0.0,0.5535714285714286,0.0,0.7678571428571429,0.23214285714285715,0.034482758620689655,0.0,0.13793103448275862,0.8275862068965517,0.034482758620689655,0.0,0.0,0.0,0.0,0.0,0.0,0.034482758620689655,0.0,0.10344827586206896,0.0,0.10344827586206896,0.0,0.7241379310344828,0.0,0.7931034482758621,0.20689655172413793,-0.3511904761904763,-0.5178571428571429,-0.15422077922077926,0.11372180451127811,-0.017857142857142905,-0.5178571428571429,-0.5178571428571429,-0.5178571428571429,-0.5178571428571429,-0.5178571428571429,-0.5178571428571429,0.4821428571428571,-0.5178571428571429,-0.08928571428571436,-0.5178571428571429,-0.08928571428571436,-0.5178571428571429,0.15956221198156673,-0.5178571428571429,0.017026578073089604,-0.05631868131868134,0.09577922077922074,-12
31736e2f-4533-565d-9ce6-4166b082eb31,Valencia,broad_discovery_flexible,56,22,0.39285714285714285,4444.0,8371.727272727272,4,6,6,0.0,0.0,11.181818181818182,61.363636363636374,45.0,67.5,0.125,0.2857142857142857,1,0.391304347826087,1.0,0.2857142857142857,0.4444444444444444,0.625,0.26666666666666666,0.0,0.0,0.0,1.0,0.0,1.0,0.0,0.2222222222222222,0.0,0.0,0.0,0.4444444444444444,0.0,0.45161290322580644,0.32,0.4107142857142857,0.017857142857142856,0.25,0.32142857142857145,0.14285714285714285,0.26785714285714285,0.0,0.0,0.0,0.017857142857142856,0.0,0.03571428571428571,0.05357142857142857,0.16071428571428573,0.0,0.0,0.0,0.32142857142857145,0.0,0.5535714285714286,0.44642857142857145,0.4090909090909091,0.045454545454545456,0.18181818181818182,0.36363636363636365,0.22727272727272727,0.18181818181818182,0.0,0.0,0.0,0.045454545454545456,0.0,0.09090909090909091,0.0,0.09090909090909091,0.0,0.0,0.0,0.36363636363636365,0.0,0.6363636363636364,0.36363636363636365,-0.0015527950310558758,0.6071428571428572,-0.10714285714285715,0.05158730158730157,0.23214285714285715,-0.1261904761904762,-0.39285714285714285,-0.39285714285714285,-0.39285714285714285,0.6071428571428572,-0.39285714285714285,0.6071428571428572,-0.39285714285714285,-0.17063492063492064,-0.39285714285714285,-0.39285714285714285,-0.39285714285714285,0.05158730158730157,-0.39285714285714285,0.05875576036866359,-0.07285714285714284,68,24,0.35294117647058826,4250.64705882353,8398.208333333336,4,7,6,0.0,0.0,16.208333333333332,61.87500000000001,45.0,65.45454545454545,0.11764705882352941,0.25,1,0.32142857142857145,1.0,0.3125,0.391304347826087,0.45454545454545453,0.23529411764705882,0.0,0.0,0.0,1.0,0.0,1.0,0.25,0.2,0.0,0.0,0.0,0.4090909090909091,0.0,0.38461538461538464,0.3103448275862069,0.4117647058823529,0.014705882352941176,0.23529411764705882,0.3382352941176471,0.16176470588235295,0.25,0.0,0.0,0.0,0.014705882352941176,0.0,0.029411764705882353,0.058823529411764705,0.14705882352941177,0.0,0.014705882352941176,0.0,0.3235294117647059,0.0,0.5735294117647058,0.4264705882352941,0.375,0.041666666666666664,0.20833333333333334,0.375,0.20833333333333334,0.16666666666666666,0.0,0.0,0.0,0.041666666666666664,0.0,0.08333333333333333,0.041666666666666664,0.08333333333333333,0.0,0.0,0.0,0.375,0.0,0.625,0.375,-0.031512605042016806,0.6470588235294117,-0.04044117647058826,0.038363171355498715,0.10160427807486627,-0.11764705882352944,-0.35294117647058826,-0.35294117647058826,-0.35294117647058826,0.6470588235294117,-0.35294117647058826,0.6470588235294117,-0.10294117647058826,-0.15294117647058825,-0.35294117647058826,-0.35294117647058826,-0.35294117647058826,0.05614973262032086,-0.35294117647058826,0.03167420814479638,-0.04259634888438135,0.03991596638655459,-12
33faa8e8-3048-5a36-87f5-4bd451d4c95f,Madrid,flamenco_world_madrid,36,15,0.4166666666666667,4937.4722222222235,8703.199999999999,3,5,3,0.0,0.0,11.999999999999998,69.0,90.0,66.42857142857143,0.2222222222222222,0.75,0,0.39285714285714285,0.0,0.4,0.6666666666666666,0.25,0.5,0.0,0.0,0.0,0.0,0.0,1.0,0.5,0.0,0.0,0.0,0.0,0.6666666666666666,0.0,0.3888888888888889,0.4444444444444444,0.7777777777777778,0.0,0.1388888888888889,0.08333333333333333,0.3333333333333333,0.4444444444444444,0.0,0.0,0.0,0.0,0.0,0.027777777777777776,0.05555555555555555,0.05555555555555555,0.0,0.0,0.0,0.08333333333333333,0.0,0.5,0.5,0.7333333333333333,0.0,0.13333333333333333,0.13333333333333333,0.2,0.5333333333333333,0.0,0.0,0.0,0.0,0.0,0.06666666666666667,0.06666666666666667,0.0,0.0,0.0,0.0,0.13333333333333333,0.0,0.4666666666666667,0.5333333333333333,-0.023809523809523836,-0.4166666666666667,-0.016666666666666663,0.24999999999999994,-0.16666666666666669,0.08333333333333331,-0.4166666666666667,-0.4166666666666667,-0.4166666666666667,-0.4166666666666667,-0.4166666666666667,0.5833333333333333,0.08333333333333331,-0.4166666666666667,-0.4166666666666667,-0.4166666666666667,-0.4166666666666667,0.24999999999999994,-0.4166666666666667,-0.02777777777777779,0.027777777777777735,55,22,0.4,4989.709090909091,8892.818181818184,3,5,4,0.0,0.0,30.590909090909093,71.5909090909091,90.0,68.18181818181819,0.21818181818181817,0.5833333333333334,0,0.4473684210526316,0.0,0.2857142857142857,0.3333333333333333,0.2857142857142857,0.5416666666666666,0.0,0.0,0.0,0.0,0.0,0.3333333333333333,0.5,0.0,0.0,0.0,0.0,0.375,0.0,0.36,0.43333333333333335,0.6909090909090909,0.01818181818181818,0.12727272727272726,0.16363636363636364,0.2545454545454545,0.43636363636363634,0.0,0.0,0.0,0.01818181818181818,0.0,0.05454545454545454,0.03636363636363636,0.03636363636363636,0.0,0.01818181818181818,0.0,0.14545454545454545,0.0,0.45454545454545453,0.5454545454545454,0.7727272727272727,0.0,0.09090909090909091,0.13636363636363635,0.18181818181818182,0.5909090909090909,0.0,0.0,0.0,0.0,0.0,0.045454545454545456,0.045454545454545456,0.0,0.0,0.0,0.0,0.13636363636363635,0.0,0.4090909090909091,0.5909090909090909,0.04736842105263156,-0.4,-0.11428571428571432,-0.06666666666666671,-0.11428571428571432,0.1416666666666666,-0.4,-0.4,-0.4,-0.4,-0.4,-0.06666666666666671,0.09999999999999998,-0.4,-0.4,-0.4,-0.4,-0.025000000000000022,-0.4,-0.040000000000000036,0.033333333333333326,0.016666666666666663,-19
34538a28-6844-5bab-b8cb-f40b2d29fd09,Valencia,family_weekend_exhibition,54,27,0.5,4824.833333333334,7833.444444444444,3,5,3,0.0,0.0,12.481481481481481,50.0,45.0,60.0,0.12962962962962962,0.5714285714285714,0,0.16666666666666666,0.0,0.3333333333333333,0.6052631578947368,0.3333333333333333,0.0,0.0,0.0,0.0,0.0,0.0,0.3333333333333333,0.0,0.4,0.0,0.5714285714285714,0.0,0.625,0.0,0.5714285714285714,0.25,0.1111111111111111,0.018518518518518517,0.16666666666666666,0.7037037037037037,0.05555555555555555,0.05555555555555555,0.0,0.0,0.0,0.018518518518518517,0.0,0.05555555555555555,0.018518518518518517,0.09259259259259259,0.0,0.25925925925925924,0.0,0.4444444444444444,0.0,0.7777777777777778,0.2222222222222222,0.037037037037037035,0.0,0.1111111111111111,0.8518518518518519,0.037037037037037035,0.0,0.0,0.0,0.0,0.0,0.0,0.037037037037037035,0.0,0.07407407407407407,0.0,0.2962962962962963,0.0,0.5555555555555556,0.0,0.8888888888888888,0.1111111111111111,-0.33333333333333337,-0.5,-0.16666666666666669,0.10526315789473684,-0.16666666666666669,-0.5,-0.5,-0.5,-0.5,-0.5,-0.5,-0.16666666666666669,-0.5,-0.09999999999999998,-0.5,0.0714285714285714,-0.5,0.125,-0.5,0.0714285714285714,-0.25,68,31,0.45588235294117646,4507.5,7774.677419354839,3,7,4,0.0,0.0,20.12903225806452,49.354838709677416,45.0,63.24324324324325,0.14705882352941177,0.5,0,0.2857142857142857,0.0,0.36363636363636365,0.5102040816326531,0.3333333333333333,0.25,0.0,0.0,0.0,0.0,0.0,0.3333333333333333,0.3333333333333333,0.4,0.0,0.5333333333333333,0.0,0.5,0.0,0.56,0.16666666666666666,0.10294117647058823,0.014705882352941176,0.16176470588235295,0.7205882352941176,0.04411764705882353,0.058823529411764705,0.0,0.0,0.0,0.014705882352941176,0.0,0.04411764705882353,0.04411764705882353,0.07352941176470588,0.0,0.22058823529411764,0.0,0.5,0.0,0.7352941176470589,0.2647058823529412,0.06451612903225806,0.0,0.12903225806451613,0.8064516129032258,0.03225806451612903,0.03225806451612903,0.0,0.0,0.0,0.0,0.0,0.03225806451612903,0.03225806451612903,0.06451612903225806,0.0,0.25806451612903225,0.0,0.5483870967741935,0.0,0.9032258064516129,0.0967741935483871,-0.17016806722689076,-0.45588235294117646,-0.09224598930481281,0.05432172869147661,-0.12254901960784315,-0.20588235294117646,-0.45588235294117646,-0.45588235294117646,-0.45588235294117646,-0.45588235294117646,-0.45588235294117646,-0.12254901960784315,-0.12254901960784315,-0.05588235294117644,-0.45588235294117646,0.07745098039215687,-0.45588235294117646,0.04411764705882354,-0.45588235294117646,0.10411764705882359,-0.2892156862745098,0.04411764705882354,-14
34a6bf26-c654-595b-a667-4cc34d4cc21e,Madrid,family_weekend_exhibition,47,32,0.6808510638297872,6345.3617021276605,8500.03125,3,6,4,0.0,0.0,13.781250000000002,52.03125,45.0,54.0,0.06382978723404255,0.6666666666666666,0,1.0,0.0,1.0,0.6585365853658537,1.0,0.0,0.0,0.0,0.0,0.0,0.0,1.0,1.0,1.0,0.0,0.6875,0.0,0.64,0.0,0.6923076923076923,0.625,0.02127659574468085,0.02127659574468085,0.0851063829787234,0.8723404255319149,0.02127659574468085,0.0,0.0,0.0,0.0,0.02127659574468085,0.0,0.02127659574468085,0.02127659574468085,0.0425531914893617,0.0,0.3404255319148936,0.0,0.5319148936170213,0.0,0.8297872340425532,0.1702127659574468,0.03125,0.0,0.125,0.84375,0.03125,0.0,0.0,0.0,0.0,0.0,0.0,0.03125,0.03125,0.0625,0.0,0.34375,0.0,0.5,0.0,0.84375,0.15625,0.3191489361702128,-0.6808510638297872,0.3191489361702128,-0.02231447846393353,0.3191489361702128,-0.6808510638297872,-0.6808510638297872,-0.6808510638297872,-0.6808510638297872,-0.6808510638297872,-0.6808510638297872,0.3191489361702128,0.3191489361702128,0.3191489361702128,-0.6808510638297872,0.0066489361702127825,-0.6808510638297872,-0.040851063829787204,-0.6808510638297872,0.011456628477905073,-0.05585106382978722,58,36,0.6206896551724138,5898.206896551724,8460.333333333334,3,6,4,0.0,0.0,19.0,51.25,45.0,55.22727272727272,0.10344827586206896,0.5,0,1.0,0.0,0.8333333333333334,0.6,1.0,0.0,0.0,0.0,0.0,0.0,0.0,1.0,0.6666666666666666,1.0,0.0,0.6470588235294118,0.0,0.5757575757575758,0.0,0.6458333333333334,0.5,0.017241379310344827,0.017241379310344827,0.10344827586206896,0.8620689655172413,0.017241379310344827,0.0,0.0,0.0,0.0,0.017241379310344827,0.0,0.017241379310344827,0.05172413793103448,0.034482758620689655,0.0,0.29310344827586204,0.0,0.5689655172413793,0.0,0.8275862068965517,0.1724137931034483,0.027777777777777776,0.0,0.1388888888888889,0.8333333333333334,0.027777777777777776,0.0,0.0,0.0,0.0,0.0,0.0,0.027777777777777776,0.05555555555555555,0.05555555555555555,0.0,0.3055555555555556,0.0,0.5277777777777778,0.0,0.8611111111111112,0.1388888888888889,0.3793103448275862,-0.6206896551724138,0.21264367816091956,-0.020689655172413834,0.3793103448275862,-0.6206896551724138,-0.6206896551724138,-0.6206896551724138,-0.6206896551724138,-0.6206896551724138,-0.6206896551724138,0.3793103448275862,0.04597701149425282,0.3793103448275862,-0.6206896551724138,0.026369168356997985,-0.6206896551724138,-0.04493207941483801,-0.6206896551724138,0.025143678160919558,-0.12068965517241381,0.060161408657373405,-11
35b36074-2f84-544a-842c-ce6ad46851c9,Malaga,broad_discovery_flexible,64,26,0.40625,4686.953125,8568.5,3,5,4,0.0,0.0,11.46153846153846,55.38461538461538,45.0,56.84210526315789,0.15625,0.8,0,0.5,0.0,0.14285714285714285,0.4642857142857143,0.38461538461538464,0.6666666666666666,0.0,0.0,0.0,0.0,0.0,0.0,0.0,0.2222222222222222,0.0,0.5,0.0,0.4583333333333333,0.0,0.4166666666666667,0.375,0.34375,0.0,0.21875,0.4375,0.203125,0.140625,0.0,0.0,0.0,0.0,0.0,0.015625,0.0625,0.140625,0.0,0.0625,0.0,0.375,0.0,0.75,0.25,0.4230769230769231,0.0,0.07692307692307693,0.5,0.19230769230769232,0.23076923076923078,0.0,0.0,0.0,0.0,0.0,0.0,0.0,0.07692307692307693,0.0,0.07692307692307693,0.0,0.4230769230769231,0.0,0.7692307692307693,0.23076923076923078,0.09375,-0.40625,-0.26339285714285715,0.0580357142857143,-0.021634615384615363,0.26041666666666663,-0.40625,-0.40625,-0.40625,-0.40625,-0.40625,-0.40625,-0.40625,-0.1840277777777778,-0.40625,0.09375,-0.40625,0.052083333333333315,-0.40625,0.010416666666666685,-0.03125,84,34,0.40476190476190477,4641.119047619048,8516.823529411764,3,6,4,0.0,0.0,23.1764705882353,55.58823529411765,45.0,57.60000000000001,0.16666666666666666,0.5714285714285714,0,0.42857142857142855,0.0,0.25,0.46153846153846156,0.375,0.5,0.0,0.0,0.0,0.0,0.0,0.0,0.2,0.3,0.0,0.5,0.0,0.45714285714285713,0.0,0.41935483870967744,0.36363636363636365,0.3333333333333333,0.011904761904761904,0.19047619047619047,0.4642857142857143,0.19047619047619047,0.14285714285714285,0.0,0.0,0.0,0.011904761904761904,0.0,0.011904761904761904,0.05952380952380952,0.11904761904761904,0.0,0.047619047619047616,0.0,0.4166666666666667,0.0,0.7380952380952381,0.2619047619047619,0.35294117647058826,0.0,0.11764705882352941,0.5294117647058824,0.17647058823529413,0.17647058823529413,0.0,0.0,0.0,0.0,0.0,0.0,0.029411764705882353,0.08823529411764706,0.0,0.058823529411764705,0.0,0.47058823529411764,0.0,0.7647058823529411,0.23529411764705882,0.02380952380952378,-0.40476190476190477,-0.15476190476190477,0.0567765567765568,-0.029761904761904767,0.09523809523809523,-0.40476190476190477,-0.40476190476190477,-0.40476190476190477,-0.40476190476190477,-0.40476190476190477,-0.40476190476190477,-0.20476190476190476,-0.10476190476190478,-0.40476190476190477,0.09523809523809523,-0.40476190476190477,0.05238095238095236,-0.40476190476190477,0.014592933947772668,-0.04112554112554112,0.0014880952380952328,-20
36669805-3e0e-5e6b-9888-8c83ed3b5340,Barcelona,culture_theatre_explorer,57,23,0.40350877192982454,4968.842105263158,8947.652173913044,4,6,4,0.0,0.0,13.217391304347828,52.826086956521735,45.0,60.882352941176464,0.3157894736842105,0.5,0,0.125,1.0,0.5294117647058824,0.21428571428571427,0.2,0.0,0.0,0.0,0.0,1.0,0.0,0.25,0.625,0.6111111111111112,0.0,0.0,0.0,0.25,0.0,0.4634146341463415,0.25,0.14035087719298245,0.017543859649122806,0.5964912280701754,0.24561403508771928,0.08771929824561403,0.05263157894736842,0.0,0.0,0.0,0.017543859649122806,0.0,0.14035087719298245,0.14035087719298245,0.3157894736842105,0.0,0.03508771929824561,0.0,0.21052631578947367,0.0,0.7192982456140351,0.2807017543859649,0.043478260869565216,0.043478260869565216,0.782608695652174,0.13043478260869565,0.043478260869565216,0.0,0.0,0.0,0.0,0.043478260869565216,0.0,0.08695652173913043,0.21739130434782608,0.4782608695652174,0.0,0.0,0.0,0.13043478260869565,0.0,0.8260869565217391,0.17391304347826086,-0.27850877192982454,0.5964912280701755,0.12590299277605782,-0.18922305764411027,-0.20350877192982453,-0.40350877192982454,-0.40350877192982454,-0.40350877192982454,-0.40350877192982454,0.5964912280701755,-0.40350877192982454,-0.15350877192982454,0.22149122807017546,0.20760233918128662,-0.40350877192982454,-0.40350877192982454,-0.40350877192982454,-0.15350877192982454,-0.40350877192982454,0.05990586221651695,-0.15350877192982454,75,33,0.44,5253.333333333334,8994.212121212122,4,6,4,0.0,0.0,28.757575757575765,51.81818181818181,45.0,58.92857142857143,0.29333333333333333,0.5,0,0.2,1.0,0.574468085106383,0.17647058823529413,0.3333333333333333,0.0,0.0,0.0,0.0,1.0,0.0,0.3,0.75,0.6,0.0,0.0,0.0,0.2,0.0,0.49122807017543857,0.2777777777777778,0.13333333333333333,0.013333333333333334,0.6266666666666667,0.22666666666666666,0.08,0.05333333333333334,0.0,0.0,0.0,0.013333333333333334,0.0,0.13333333333333333,0.16,0.3333333333333333,0.0,0.02666666666666667,0.0,0.2,0.0,0.76,0.24,0.06060606060606061,0.030303030303030304,0.8181818181818182,0.09090909090909091,0.06060606060606061,0.0,0.0,0.0,0.0,0.030303030303030304,0.0,0.09090909090909091,0.2727272727272727,0.45454545454545453,0.0,0.0,0.0,0.09090909090909091,0.0,0.8484848484848485,0.15151515151515152,-0.24,0.56,0.13446808510638303,-0.2635294117647059,-0.10666666666666669,-0.44,-0.44,-0.44,-0.44,0.56,-0.44,-0.14,0.31,0.15999999999999998,-0.44,-0.44,-0.44,-0.24,-0.44,0.05122807017543857,-0.1622222222222222,-0.03649122807017546,-18
386447e5-e007-5ebe-a619-d5ab02f2dee5,Barcelona,family_weekend_exhibition,45,21,0.4666666666666667,4805.177777777779,8148.047619047619,3,5,2,0.0,0.0,15.142857142857142,64.28571428571429,45.0,54.375,0.1111111111111111,0.4,0,0.3333333333333333,0.0,0.4,0.5,1.0,0.0,0.0,0.0,0.0,0.0,0.0,0.0,0.6666666666666666,0.3333333333333333,0.0,0.5,0.0,0.5,0.0,0.3870967741935484,0.6428571428571429,0.06666666666666667,0.0,0.2222222222222222,0.7111111111111111,0.022222222222222223,0.044444444444444446,0.0,0.0,0.0,0.0,0.0,0.022222222222222223,0.06666666666666667,0.13333333333333333,0.0,0.2222222222222222,0.0,0.4888888888888889,0.0,0.6888888888888889,0.3111111111111111,0.047619047619047616,0.0,0.19047619047619047,0.7619047619047619,0.047619047619047616,0.0,0.0,0.0,0.0,0.0,0.0,0.0,0.09523809523809523,0.09523809523809523,0.0,0.23809523809523808,0.0,0.5238095238095238,0.0,0.5714285714285714,0.42857142857142855,-0.13333333333333336,-0.4666666666666667,-0.06666666666666665,0.033333333333333326,0.5333333333333333,-0.4666666666666667,-0.4666666666666667,-0.4666666666666667,-0.4666666666666667,-0.4666666666666667,-0.4666666666666667,-0.4666666666666667,0.19999999999999996,-0.13333333333333336,-0.4666666666666667,0.033333333333333326,-0.4666666666666667,0.033333333333333326,-0.4666666666666667,-0.0795698924731183,0.17619047619047623,63,30,0.47619047619047616,4918.349206349206,8195.533333333335,3,5,3,0.0,0.0,32.9,58.49999999999999,45.0,58.63636363636364,0.1111111111111111,0.42857142857142855,0,0.5,0.0,0.38461538461538464,0.5,1.0,0.0,0.0,0.0,0.0,0.0,0.0,0.0,0.6,0.3333333333333333,0.0,0.46153846153846156,0.0,0.5151515151515151,0.0,0.4772727272727273,0.47368421052631576,0.06349206349206349,0.0,0.20634920634920634,0.7301587301587301,0.031746031746031744,0.031746031746031744,0.0,0.0,0.0,0.0,0.0,0.031746031746031744,0.07936507936507936,0.09523809523809523,0.0,0.20634920634920634,0.0,0.5238095238095238,0.0,0.6984126984126984,0.30158730158730157,0.06666666666666667,0.0,0.16666666666666666,0.7666666666666667,0.06666666666666667,0.0,0.0,0.0,0.0,0.0,0.0,0.0,0.1,0.06666666666666667,0.0,0.2,0.0,0.5666666666666667,0.0,0.7,0.3,0.023809523809523836,-0.47619047619047616,-0.09157509157509153,0.023809523809523836,0.5238095238095238,-0.47619047619047616,-0.47619047619047616,-0.47619047619047616,-0.47619047619047616,-0.47619047619047616,-0.47619047619047616,-0.47619047619047616,0.12380952380952381,-0.14285714285714285,-0.47619047619047616,-0.0146520146520146,-0.47619047619047616,0.038961038961038974,-0.47619047619047616,0.0010822510822511289,-0.002506265664160401,-0.00952380952380949,-18
3a7613a0-a6d6-5b2f-b9f5-ab9bbf2a92cc,Barcelona,culture_theatre_explorer,55,25,0.45454545454545453,5773.89090909091,9604.08,3,5,5,0.0,0.0,14.360000000000001,59.4,45.0,51.5,0.36363636363636365,0.5,0,0.0,1.0,0.5,0.4375,0.0,0.0,0.0,0.0,0.0,1.0,0.0,0.8571428571428571,0.5,0.35294117647058826,0.0,0.0,0.0,0.4375,0.0,0.4146341463414634,0.6153846153846154,0.07272727272727272,0.01818181818181818,0.6181818181818182,0.2909090909090909,0.03636363636363636,0.03636363636363636,0.0,0.0,0.0,0.01818181818181818,0.0,0.12727272727272726,0.18181818181818182,0.3090909090909091,0.0,0.0,0.0,0.2909090909090909,0.01818181818181818,0.7454545454545455,0.23636363636363636,0.0,0.04,0.68,0.28,0.0,0.0,0.0,0.0,0.0,0.04,0.0,0.24,0.2,0.24,0.0,0.0,0.0,0.28,0.0,0.68,0.32,-0.45454545454545453,0.5454545454545454,0.04545454545454547,-0.01704545454545453,-0.45454545454545453,-0.45454545454545453,-0.45454545454545453,-0.45454545454545453,-0.45454545454545453,0.5454545454545454,-0.45454545454545453,0.40259740259740256,0.04545454545454547,-0.10160427807486627,-0.45454545454545453,-0.45454545454545453,-0.45454545454545453,-0.01704545454545453,-0.45454545454545453,-0.039911308203991136,0.1608391608391609,68,34,0.5,6005.5,9423.29411764706,3,5,5,0.0,0.0,24.29411764705882,56.911764705882355,45.0,53.38235294117647,0.3235294117647059,0.5454545454545454,0,0.0,1.0,0.5333333333333333,0.5,0.0,0.0,0.0,0.0,0.0,1.0,0.0,0.7,0.5,0.4782608695652174,0.0,0.0,0.0,0.5,0.0,0.49019607843137253,0.5625,0.058823529411764705,0.014705882352941176,0.6617647058823529,0.2647058823529412,0.029411764705882353,0.029411764705882353,0.0,0.0,0.0,0.014705882352941176,0.0,0.14705882352941177,0.17647058823529413,0.3382352941176471,0.0,0.0,0.0,0.2647058823529412,0.014705882352941176,0.75,0.23529411764705882,0.0,0.029411764705882353,0.7058823529411765,0.2647058823529412,0.0,0.0,0.0,0.0,0.0,0.029411764705882353,0.0,0.20588235294117646,0.17647058823529413,0.3235294117647059,0.0,0.0,0.0,0.2647058823529412,0.0,0.7352941176470589,0.2647058823529412,-0.5,0.5,0.033333333333333326,0.0,-0.5,-0.5,-0.5,-0.5,-0.5,0.5,-0.5,0.19999999999999996,0.0,-0.021739130434782594,-0.5,-0.5,-0.5,0.0,-0.5,-0.009803921568627472,0.0625,-0.04545454545454547,-13
3bfe8dcf-2cca-5852-bb2a-66262fcedd77,Malaga,flamenco_world_madrid,40,11,0.275,4345.450000000001,9165.818181818184,2,3,4,0.0,0.0,13.363636363636363,77.72727272727273,90.0,63.62068965517243,0.25,0.5,2,0.43478260869565216,0.0,0.25,0.0,0.2222222222222222,0.5714285714285714,0.0,0.0,0.0,0.0,0.0,1.0,0.0,0.0,0.0,0.0,0.0,0.0,0.0,0.15,0.4,0.575,0.025,0.1,0.3,0.225,0.35,0.0,0.0,0.0,0.025,0.0,0.025,0.0,0.075,0.0,0.0,0.0,0.3,0.0,0.5,0.5,0.9090909090909091,0.0,0.09090909090909091,0.0,0.18181818181818182,0.7272727272727273,0.0,0.0,0.0,0.0,0.0,0.09090909090909091,0.0,0.0,0.0,0.0,0.0,0.0,0.0,0.2727272727272727,0.7272727272727273,0.15978260869565214,-0.275,-0.025000000000000022,-0.275,-0.05277777777777781,0.2964285714285714,-0.275,-0.275,-0.275,-0.275,-0.275,0.725,-0.275,-0.275,-0.275,-0.275,-0.275,-0.275,-0.275,-0.12500000000000003,0.125,56,17,0.30357142857142855,4334.375,8430.764705882353,3,4,4,0.0,0.0,30.11764705882353,76.76470588235294,90.0,65.76923076923077,0.30357142857142855,0.4117647058823529,2,0.4117647058823529,0.0,0.14285714285714285,0.14285714285714285,0.35714285714285715,0.45,0.0,0.0,0.0,0.0,0.0,1.0,0.0,0.0,0.0,0.0,0.0,0.14285714285714285,0.0,0.19230769230769232,0.4,0.6071428571428571,0.017857142857142856,0.125,0.25,0.25,0.35714285714285715,0.0,0.0,0.0,0.017857142857142856,0.0,0.017857142857142856,0.03571428571428571,0.07142857142857142,0.0,0.0,0.0,0.25,0.0,0.4642857142857143,0.5357142857142857,0.8235294117647058,0.0,0.058823529411764705,0.11764705882352941,0.29411764705882354,0.5294117647058824,0.0,0.0,0.0,0.0,0.0,0.058823529411764705,0.0,0.0,0.0,0.0,0.0,0.11764705882352941,0.0,0.29411764705882354,0.7058823529411765,0.10819327731092437,-0.30357142857142855,-0.1607142857142857,-0.1607142857142857,0.0535714285714286,0.14642857142857146,-0.30357142857142855,-0.30357142857142855,-0.30357142857142855,-0.30357142857142855,-0.30357142857142855,0.6964285714285714,-0.30357142857142855,-0.30357142857142855,-0.30357142857142855,-0.30357142857142855,-0.30357142857142855,-0.1607142857142857,-0.30357142857142855,-0.11126373626373623,0.09642857142857147,-0.028571428571428525,-16
3c4c9c17-9558-598b-b56d-291c906ebc8a,Barcelona,music_pop_rock_local,64,31,0.484375,5366.84375,8634.83870967742,3,4,6,0.0,0.0,14.290322580645164,62.903225806451616,45.0,64.54545454545455,0.078125,0.4,1,0.5471698113207547,0.0,0.2,0.2,0.5862068965517241,0.5,0.0,0.0,0.0,0.0,0.0,0.0,0.0,0.25,0.0,0.0,0.0,0.2,0.5,0.5,0.4642857142857143,0.828125,0.015625,0.078125,0.078125,0.453125,0.375,0.0,0.0,0.0,0.015625,0.0,0.0,0.015625,0.0625,0.0,0.0,0.0,0.078125,0.03125,0.53125,0.4375,0.9354838709677419,0.0,0.03225806451612903,0.03225806451612903,0.5483870967741935,0.3870967741935484,0.0,0.0,0.0,0.0,0.0,0.0,0.0,0.03225806451612903,0.0,0.0,0.0,0.03225806451612903,0.03225806451612903,0.5483870967741935,0.41935483870967744,0.0627948113207547,-0.484375,-0.284375,-0.284375,0.10183189655172409,0.015625,-0.484375,-0.484375,-0.484375,-0.484375,-0.484375,-0.484375,-0.484375,-0.234375,-0.484375,-0.484375,-0.484375,-0.284375,0.015625,0.015625,-0.0200892857142857,80,37,0.4625,5235.700000000001,8618.702702702703,3,4,6,0.0,0.0,22.135135135135137,66.08108108108108,45.0,67.32558139534883,0.075,0.3333333333333333,1,0.5223880597014925,0.0,0.2,0.14285714285714285,0.5454545454545454,0.5,0.0,0.0,0.0,0.0,0.0,0.0,0.0,0.25,0.0,0.0,0.0,0.14285714285714285,0.5,0.47368421052631576,0.45,0.8375,0.0125,0.0625,0.0875,0.4125,0.425,0.0,0.0,0.0,0.0125,0.0,0.0,0.0125,0.05,0.0,0.0,0.0,0.0875,0.025,0.475,0.5,0.9459459459459459,0.0,0.02702702702702703,0.02702702702702703,0.4864864864864865,0.4594594594594595,0.0,0.0,0.0,0.0,0.0,0.0,0.0,0.02702702702702703,0.0,0.0,0.0,0.02702702702702703,0.02702702702702703,0.4864864864864865,0.4864864864864865,0.05988805970149247,-0.4625,-0.2625,-0.3196428571428572,0.08295454545454539,0.03749999999999998,-0.4625,-0.4625,-0.4625,-0.4625,-0.4625,-0.4625,-0.4625,-0.21250000000000002,-0.4625,-0.4625,-0.4625,-0.3196428571428572,0.03749999999999998,0.011184210526315741,-0.012500000000000011,0.021874999999999978,-16
3f101f1a-9745-50e2-9d4c-783c064fe983,Valencia,broad_discovery_flexible,52,16,0.3076923076923077,4189.596153846154,8995.125,3,6,3,0.0,0.0,13.249999999999998,59.06250000000001,45.0,63.75,0.11538461538461539,0.3333333333333333,0,0.25,0.0,0.21428571428571427,0.42857142857142855,0.5,0.1,0.0,0.0,0.0,0.0,0.0,0.0,0.25,0.4,0.0,0.5,0.0,0.42105263157894735,0.0,0.34375,0.25,0.3076923076923077,0.019230769230769232,0.2692307692307692,0.40384615384615385,0.11538461538461539,0.19230769230769232,0.0,0.0,0.0,0.019230769230769232,0.0,0.09615384615384616,0.07692307692307693,0.09615384615384616,0.0,0.038461538461538464,0.0,0.36538461538461536,0.0,0.6153846153846154,0.38461538461538464,0.25,0.0,0.1875,0.5625,0.1875,0.0625,0.0,0.0,0.0,0.0,0.0,0.0,0.0625,0.125,0.0,0.0625,0.0,0.5,0.0,0.6875,0.3125,-0.05769230769230771,-0.3076923076923077,-0.09340659340659344,0.12087912087912084,0.1923076923076923,-0.2076923076923077,-0.3076923076923077,-0.3076923076923077,-0.3076923076923077,-0.3076923076923077,-0.3076923076923077,-0.3076923076923077,-0.05769230769230771,0.09230769230769231,-0.3076923076923077,0.1923076923076923,-0.3076923076923077,0.11336032388663964,-0.3076923076923077,0.03605769230769229,-0.05769230769230771,66,20,0.30303030303030304,4045.242424242425,8644.95,3,6,3,0.0,0.0,23.999999999999996,58.5,45.0,62.60869565217392,0.13636363636363635,0.2222222222222222,0,0.25,0.0,0.25,0.4,0.5,0.14285714285714285,0.0,0.0,0.0,0.0,0.0,0.0,0.2,0.4,0.0,0.6666666666666666,0.0,0.36363636363636365,0.0,0.3333333333333333,0.25,0.30303030303030304,0.015151515151515152,0.30303030303030304,0.3787878787878788,0.09090909090909091,0.21212121212121213,0.0,0.0,0.0,0.015151515151515152,0.0,0.07575757575757576,0.07575757575757576,0.15151515151515152,0.0,0.045454545454545456,0.0,0.3333333333333333,0.0,0.6363636363636364,0.36363636363636365,0.25,0.0,0.25,0.5,0.15,0.1,0.0,0.0,0.0,0.0,0.0,0.0,0.05,0.2,0.0,0.1,0.0,0.4,0.0,0.7,0.3,-0.05303030303030304,-0.30303030303030304,-0.05303030303030304,0.09696969696969698,0.19696969696969696,-0.1601731601731602,-0.30303030303030304,-0.30303030303030304,-0.30303030303030304,-0.30303030303030304,-0.30303030303030304,-0.30303030303030304,-0.10303030303030303,0.09696969696969698,-0.30303030303030304,0.3636363636363636,-0.30303030303030304,0.06060606060606061,-0.30303030303030304,0.030303030303030276,-0.05303030303030304,0.004662004662004671,-14
401a6299-b3f4-531d-85de-421a4de8d358,Madrid,culture_theatre_explorer,52,34,0.6538461538461539,6830.250000000001,9243.617647058823,3,6,1,0.0,0.0,12.058823529411764,53.38235294117647,45.0,52.5,0.23076923076923078,0.75,0,0.6,0.0,0.7419354838709677,0.5,0.3333333333333333,0.7142857142857143,0.0,0.0,0.0,0.0,0.0,0.8,0.875,0.6666666666666666,0.0,0.0,0.0,0.5,1.0,0.6341463414634146,0.7,0.19230769230769232,0.019230769230769232,0.5961538461538461,0.19230769230769232,0.057692307692307696,0.1346153846153846,0.0,0.0,0.0,0.019230769230769232,0.0,0.09615384615384616,0.15384615384615385,0.34615384615384615,0.0,0.0,0.0,0.19230769230769232,0.019230769230769232,0.7884615384615384,0.19230769230769232,0.17647058823529413,0.0,0.6764705882352942,0.14705882352941177,0.029411764705882353,0.14705882352941177,0.0,0.0,0.0,0.0,0.0,0.11764705882352941,0.20588235294117646,0.35294117647058826,0.0,0.0,0.0,0.14705882352941177,0.029411764705882353,0.7647058823529411,0.20588235294117646,-0.05384615384615388,-0.6538461538461539,0.0880893300248139,-0.15384615384615385,-0.32051282051282054,0.06043956043956045,-0.6538461538461539,-0.6538461538461539,-0.6538461538461539,-0.6538461538461539,-0.6538461538461539,0.1461538461538462,0.22115384615384615,0.012820512820512775,-0.6538461538461539,-0.6538461538461539,-0.6538461538461539,-0.15384615384615385,0.34615384615384615,-0.019699812382739212,0.0461538461538461,70,45,0.6428571428571429,6715.957142857143,9202.2,3,7,1,0.0,0.0,23.466666666666665,53.33333333333334,45.0,52.2,0.2857142857142857,0.7,0,0.5,0.0,0.7380952380952381,0.5333333333333333,0.25,0.625,0.0,0.0,0.0,0.0,0.0,0.8571428571428571,0.8333333333333334,0.6521739130434783,0.0,1.0,0.0,0.5,1.0,0.625,0.6923076923076923,0.17142857142857143,0.014285714285714285,0.6,0.21428571428571427,0.05714285714285714,0.11428571428571428,0.0,0.0,0.0,0.014285714285714285,0.0,0.1,0.17142857142857143,0.32857142857142857,0.0,0.014285714285714285,0.0,0.2,0.014285714285714285,0.8,0.18571428571428572,0.13333333333333333,0.0,0.6888888888888889,0.17777777777777778,0.022222222222222223,0.1111111111111111,0.0,0.0,0.0,0.0,0.0,0.13333333333333333,0.2222222222222222,0.3333333333333333,0.0,0.022222222222222223,0.0,0.15555555555555556,0.022222222222222223,0.7777777777777778,0.2,-0.1428571428571429,-0.6428571428571429,0.09523809523809523,-0.10952380952380958,-0.3928571428571429,-0.017857142857142905,-0.6428571428571429,-0.6428571428571429,-0.6428571428571429,-0.6428571428571429,-0.6428571428571429,0.2142857142857142,0.19047619047619047,0.009316770186335366,-0.6428571428571429,0.3571428571428571,-0.6428571428571429,-0.1428571428571429,0.3571428571428571,-0.017857142857142905,0.049450549450549386,0.01098901098901095,-18
4682b3e5-a4dc-57a7-87aa-80a1c24adc8c,Malaga,broad_discovery_flexible,53,17,0.32075471698113206,3825.5471698113206,7405.294117647059,3,4,5,0.0,0.0,12.52941176470588,60.88235294117647,45.0,57.50000000000001,0.3018867924528302,0.4375,0,0.4166666666666667,0.0,0.3125,0.2916666666666667,0.0,0.625,0.0,0.0,0.0,0.0,0.0,0.0,0.3333333333333333,0.4444444444444444,0.0,0.0,0.0,0.3181818181818182,0.0,0.2972972972972973,0.375,0.22641509433962265,0.018867924528301886,0.3018867924528302,0.4528301886792453,0.07547169811320754,0.1509433962264151,0.0,0.0,0.0,0.018867924528301886,0.0,0.07547169811320754,0.05660377358490566,0.16981132075471697,0.0,0.03773584905660377,0.0,0.41509433962264153,0.0,0.6981132075471698,0.3018867924528302,0.29411764705882354,0.0,0.29411764705882354,0.4117647058823529,0.0,0.29411764705882354,0.0,0.0,0.0,0.0,0.0,0.0,0.058823529411764705,0.23529411764705882,0.0,0.0,0.0,0.4117647058823529,0.0,0.6470588235294118,0.35294117647058826,0.09591194968553463,-0.32075471698113206,-0.00825471698113206,-0.029088050314465375,-0.32075471698113206,0.30424528301886794,-0.32075471698113206,-0.32075471698113206,-0.32075471698113206,-0.32075471698113206,-0.32075471698113206,-0.32075471698113206,0.012578616352201255,0.12368972746331236,-0.32075471698113206,-0.32075471698113206,-0.32075471698113206,-0.002572898799313883,-0.32075471698113206,-0.023457419683834746,0.05424528301886794,71,20,0.28169014084507044,3830.8169014084515,7630.350000000001,3,5,5,0.0,0.0,18.700000000000003,60.75000000000001,45.0,58.23529411764705,0.30985915492957744,0.3181818181818182,0,0.3684210526315789,0.0,0.2777777777777778,0.24242424242424243,0.14285714285714285,0.5,0.0,0.0,0.0,0.0,0.0,0.0,0.3333333333333333,0.36363636363636365,0.0,0.0,0.0,0.25806451612903225,0.0,0.2653061224489796,0.3181818181818182,0.2676056338028169,0.014084507042253521,0.2535211267605634,0.4647887323943662,0.09859154929577464,0.16901408450704225,0.0,0.0,0.0,0.014084507042253521,0.0,0.056338028169014086,0.04225352112676056,0.15492957746478872,0.0,0.028169014084507043,0.0,0.43661971830985913,0.0,0.6901408450704225,0.30985915492957744,0.35,0.0,0.25,0.4,0.05,0.3,0.0,0.0,0.0,0.0,0.0,0.0,0.05,0.2,0.0,0.0,0.0,0.4,0.0,0.65,0.35,0.08673091178650849,-0.28169014084507044,-0.003912363067292646,-0.039265898420828005,-0.1388329979879276,0.21830985915492956,-0.28169014084507044,-0.28169014084507044,-0.28169014084507044,-0.28169014084507044,-0.28169014084507044,-0.28169014084507044,0.05164319248826288,0.08194622279129321,-0.28169014084507044,-0.28169014084507044,-0.28169014084507044,-0.023625624716038185,-0.28169014084507044,-0.016384018396090827,0.03649167733674774,0.039064576136061624,-18
483c8437-6743-5426-9d27-96505e1ef3e4,Valencia,music_pop_rock_local,71,41,0.5774647887323944,5649.985915492957,8267.365853658537,2,3,7,0.0,0.0,14.121951219512198,64.7560975609756,45.0,69.0,0.1267605633802817,0.5555555555555556,0,0.6415094339622641,0.0,0.0,0.5,0.6521739130434783,0.6333333333333333,0.0,0.0,0.0,0.0,0.0,0.0,0.0,0.0,0.0,0.0,0.0,0.5,0.0,0.6216216216216216,0.5294117647058824,0.7464788732394366,0.014084507042253521,0.04225352112676056,0.19718309859154928,0.323943661971831,0.4225352112676056,0.0,0.0,0.0,0.014084507042253521,0.0,0.0,0.014084507042253521,0.028169014084507043,0.0,0.0,0.0,0.19718309859154928,0.0,0.5211267605633803,0.4788732394366197,0.8292682926829268,0.0,0.0,0.17073170731707318,0.36585365853658536,0.4634146341463415,0.0,0.0,0.0,0.0,0.0,0.0,0.0,0.0,0.0,0.0,0.0,0.17073170731707318,0.0,0.5609756097560976,0.43902439024390244,0.06404464522986975,-0.5774647887323944,-0.5774647887323944,-0.07746478873239437,0.0747091243110839,0.05586854460093893,-0.5774647887323944,-0.5774647887323944,-0.5774647887323944,-0.5774647887323944,-0.5774647887323944,-0.5774647887323944,-0.5774647887323944,-0.5774647887323944,-0.5774647887323944,-0.5774647887323944,-0.5774647887323944,-0.07746478873239437,-0.5774647887323944,0.04415683288922723,-0.048053024026512015,85,50,0.5882352941176471,5774.176470588234,8362.58,2,3,8,0.0,0.0,22.479999999999997,63.0,45.0,66.85714285714288,0.11764705882352941,0.6,0,0.6666666666666666,0.0,0.0,0.47058823529411764,0.7096774193548387,0.625,0.0,0.0,0.0,0.0,0.0,0.0,0.0,0.0,0.0,0.0,0.0,0.47058823529411764,0.0,0.625,0.5405405405405406,0.7411764705882353,0.011764705882352941,0.047058823529411764,0.2,0.36470588235294116,0.3764705882352941,0.0,0.0,0.0,0.011764705882352941,0.0,0.0,0.011764705882352941,0.03529411764705882,0.0,0.0,0.0,0.2,0.0,0.5647058823529412,0.43529411764705883,0.84,0.0,0.0,0.16,0.44,0.4,0.0,0.0,0.0,0.0,0.0,0.0,0.0,0.0,0.0,0.0,0.0,0.16,0.0,0.6,0.4,0.07843137254901955,-0.5882352941176471,-0.5882352941176471,-0.11764705882352944,0.12144212523719167,0.03676470588235292,-0.5882352941176471,-0.5882352941176471,-0.5882352941176471,-0.5882352941176471,-0.5882352941176471,-0.5882352941176471,-0.5882352941176471,-0.5882352941176471,-0.5882352941176471,-0.5882352941176471,-0.5882352941176471,-0.11764705882352944,-0.5882352941176471,0.03676470588235292,-0.04769475357710651,-0.010770505385252704,-14
4be0b414-62a0-5c5c-b548-cea731692ecf,Madrid,family_weekend_exhibition,51,34,0.6666666666666666,6361.588235294118,8426.794117647058,4,6,4,0.0,0.0,14.352941176470587,51.61764705882353,45.0,50.29411764705882,0.0196078431372549,1.0,0,0.3333333333333333,1.0,0.8,0.6666666666666666,0.3333333333333333,0.0,0.0,0.0,0.0,1.0,0.0,0.0,0.75,1.0,0.0,0.75,0.0,0.6333333333333333,0.0,0.6590909090909091,0.7142857142857143,0.058823529411764705,0.0196078431372549,0.09803921568627451,0.8235294117647058,0.058823529411764705,0.0,0.0,0.0,0.0,0.0196078431372549,0.0,0.0,0.0784313725490196,0.0196078431372549,0.0,0.23529411764705882,0.0,0.5882352941176471,0.0,0.8627450980392157,0.13725490196078433,0.029411764705882353,0.029411764705882353,0.11764705882352941,0.8235294117647058,0.029411764705882353,0.0,0.0,0.0,0.0,0.029411764705882353,0.0,0.0,0.08823529411764706,0.029411764705882353,0.0,0.2647058823529412,0.0,0.5588235294117647,0.0,0.8529411764705882,0.14705882352941177,-0.3333333333333333,0.33333333333333337,0.13333333333333341,0.0,-0.3333333333333333,-0.6666666666666666,-0.6666666666666666,-0.6666666666666666,-0.6666666666666666,0.33333333333333337,-0.6666666666666666,-0.6666666666666666,0.08333333333333337,0.33333333333333337,-0.6666666666666666,0.08333333333333337,-0.6666666666666666,-0.033333333333333326,-0.6666666666666666,-0.007575757575757569,0.04761904761904767,69,49,0.7101449275362319,6604.347826086957,8397.775510204081,4,6,4,0.0,0.0,28.122448979591834,51.428571428571416,45.0,54.00000000000001,0.028985507246376812,0.5,0,0.25,1.0,0.8571428571428571,0.7192982456140351,0.3333333333333333,0.0,0.0,0.0,0.0,1.0,0.0,0.0,0.8,1.0,0.0,0.7647058823529411,0.0,0.7,0.0,0.7241379310344828,0.6363636363636364,0.057971014492753624,0.014492753623188406,0.10144927536231885,0.8260869565217391,0.043478260869565216,0.014492753623188406,0.0,0.0,0.0,0.014492753623188406,0.0,0.0,0.07246376811594203,0.028985507246376812,0.0,0.2463768115942029,0.0,0.5797101449275363,0.0,0.8405797101449275,0.15942028985507245,0.02040816326530612,0.02040816326530612,0.12244897959183673,0.8367346938775511,0.02040816326530612,0.0,0.0,0.0,0.0,0.02040816326530612,0.0,0.0,0.08163265306122448,0.04081632653061224,0.0,0.2653061224489796,0.0,0.5714285714285714,0.0,0.8571428571428571,0.14285714285714285,-0.46014492753623193,0.28985507246376807,0.14699792960662517,0.009153318077803174,-0.3768115942028986,-0.7101449275362319,-0.7101449275362319,-0.7101449275362319,-0.7101449275362319,0.28985507246376807,-0.7101449275362319,-0.7101449275362319,0.08985507246376812,0.28985507246376807,-0.7101449275362319,0.054560954816709195,-0.7101449275362319,-0.010144927536231974,-0.7101449275362319,0.013993003498250833,-0.07378129117259558,-0.0434782608695653,-18
4c333402-966f-5dba-8cad-9869e2dd2506,Malaga,broad_discovery_flexible,67,34,0.5074626865671642,5536.716417910446,8801.235294117645,3,6,3,0.0,0.0,15.323529411764705,60.0,45.0,64.09090909090908,0.22388059701492538,0.4,0,0.46153846153846156,0.0,0.5454545454545454,0.5333333333333333,0.35714285714285715,0.5833333333333334,0.0,0.0,0.0,0.0,0.0,0.0,0.6,0.6,0.0,0.4,0.0,0.56,1.0,0.525,0.46153846153846156,0.3880597014925373,0.0,0.16417910447761194,0.44776119402985076,0.208955223880597,0.1791044776119403,0.0,0.0,0.0,0.0,0.0,0.014925373134328358,0.07462686567164178,0.07462686567164178,0.0,0.07462686567164178,0.0,0.373134328358209,0.014925373134328358,0.5970149253731343,0.3880597014925373,0.35294117647058826,0.0,0.17647058823529413,0.47058823529411764,0.14705882352941177,0.20588235294117646,0.0,0.0,0.0,0.0,0.0,0.0,0.08823529411764706,0.08823529411764706,0.0,0.058823529411764705,0.0,0.4117647058823529,0.029411764705882353,0.6176470588235294,0.35294117647058826,-0.04592422502870264,-0.5074626865671642,0.037991858887381214,0.025870646766169125,-0.15031982942430705,0.07587064676616917,-0.5074626865671642,-0.5074626865671642,-0.5074626865671642,-0.5074626865671642,-0.5074626865671642,-0.5074626865671642,0.09253731343283578,0.09253731343283578,-0.5074626865671642,-0.10746268656716418,-0.5074626865671642,0.05253731343283585,0.4925373134328358,0.01753731343283582,-0.04592422502870264,88,43,0.48863636363636365,5523.943181818182,9032.27906976744,3,6,4,0.0,0.0,24.465116279069775,60.0,45.0,63.00000000000002,0.20454545454545456,0.3888888888888889,0,0.4857142857142857,0.0,0.4,0.5405405405405406,0.47368421052631576,0.5,0.0,0.0,0.0,0.0,0.0,0.0,0.5,0.42857142857142855,0.0,0.5,0.0,0.5483870967741935,1.0,0.5,0.45454545454545453,0.3977272727272727,0.011363636363636364,0.17045454545454544,0.42045454545454547,0.2159090909090909,0.18181818181818182,0.0,0.0,0.0,0.011363636363636364,0.0,0.022727272727272728,0.06818181818181818,0.07954545454545454,0.0,0.06818181818181818,0.0,0.3522727272727273,0.011363636363636364,0.6136363636363636,0.375,0.3953488372093023,0.0,0.13953488372093023,0.46511627906976744,0.20930232558139536,0.18604651162790697,0.0,0.0,0.0,0.0,0.0,0.0,0.06976744186046512,0.06976744186046512,0.0,0.06976744186046512,0.0,0.3953488372093023,0.023255813953488372,0.627906976744186,0.3488372093023256,-0.002922077922077937,-0.48863636363636365,-0.08863636363636362,0.051904176904176924,-0.014952153110047883,0.011363636363636354,-0.48863636363636365,-0.48863636363636365,-0.48863636363636365,-0.48863636363636365,-0.48863636363636365,-0.48863636363636365,0.011363636363636354,-0.0600649350649351,-0.48863636363636365,0.011363636363636354,-0.48863636363636365,0.05975073313782986,0.5113636363636364,0.011363636363636354,-0.034090909090909116,0.018826322930800554,-21
4d760269-c9e3-5f4a-80ee-54871c1fe621,Malaga,flamenco_world_madrid,61,29,0.47540983606557374,5729.213114754098,9710.862068965516,3,4,4,0.0,0.0,13.551724137931032,74.48275862068965,90.0,66.09375,0.26229508196721313,0.3125,1,0.5111111111111111,0.0,0.2857142857142857,0.5,0.35714285714285715,0.5806451612903226,0.0,0.0,0.0,0.0,0.0,0.0,0.0,0.5,0.0,0.0,0.0,0.5,0.0,0.37037037037037035,0.5588235294117647,0.7377049180327869,0.01639344262295082,0.11475409836065574,0.13114754098360656,0.22950819672131148,0.5081967213114754,0.0,0.0,0.0,0.01639344262295082,0.0,0.0,0.04918032786885246,0.06557377049180328,0.0,0.0,0.0,0.13114754098360656,0.0,0.4426229508196721,0.5573770491803278,0.7931034482758621,0.0,0.06896551724137931,0.13793103448275862,0.1724137931034483,0.6206896551724138,0.0,0.0,0.0,0.0,0.0,0.0,0.0,0.06896551724137931,0.0,0.0,0.0,0.13793103448275862,0.0,0.3448275862068966,0.6551724137931034,0.03570127504553733,-0.47540983606557374,-0.18969555035128804,0.024590163934426257,-0.11826697892271659,0.10523532522474888,-0.47540983606557374,-0.47540983606557374,-0.47540983606557374,-0.47540983606557374,-0.47540983606557374,-0.47540983606557374,-0.47540983606557374,0.024590163934426257,-0.47540983606557374,-0.47540983606557374,-0.47540983606557374,0.024590163934426257,-0.47540983606557374,-0.1050394656952034,0.08341369334619098,81,33,0.4074074074074074,5147.172839506174,9580.666666666668,3,4,4,0.0,0.0,22.0,76.36363636363636,90.0,67.49999999999999,0.20987654320987653,0.35294117647058826,1,0.4576271186440678,0.0,0.2857142857142857,0.2857142857142857,0.2631578947368421,0.55,0.0,0.0,0.0,0.0,0.0,0.0,0.0,0.5,0.0,0.0,0.0,0.2857142857142857,0.0,0.29411764705882354,0.48936170212765956,0.7283950617283951,0.012345679012345678,0.08641975308641975,0.1728395061728395,0.2345679012345679,0.49382716049382713,0.0,0.0,0.0,0.012345679012345678,0.0,0.0,0.037037037037037035,0.04938271604938271,0.0,0.0,0.0,0.1728395061728395,0.0,0.41975308641975306,0.5802469135802469,0.8181818181818182,0.0,0.06060606060606061,0.12121212121212122,0.15151515151515152,0.6666666666666666,0.0,0.0,0.0,0.0,0.0,0.0,0.0,0.06060606060606061,0.0,0.0,0.0,0.12121212121212122,0.0,0.30303030303030304,0.696969696969697,0.050219711236660414,-0.4074074074074074,-0.12169312169312169,-0.12169312169312169,-0.1442495126705653,0.14259259259259266,-0.4074074074074074,-0.4074074074074074,-0.4074074074074074,-0.4074074074074074,-0.4074074074074074,-0.4074074074074074,-0.4074074074074074,0.09259259259259262,-0.4074074074074074,-0.4074074074074074,-0.4074074074074074,-0.12169312169312169,-0.4074074074074074,-0.11328976034858385,0.08195429472025217,0.06800242865816636,-20
4f170cde-2ddd-59d7-9126-9da748763fe9,Barcelona,culture_theatre_explorer,61,28,0.45901639344262296,5333.803278688524,9042.42857142857,3,5,4,0.0,0.0,13.607142857142856,51.42857142857142,45.0,60.45454545454545,0.22950819672131148,0.2857142857142857,0,0.0,1.0,0.6486486486486487,0.16666666666666666,0.0,0.0,0.0,0.0,0.0,1.0,0.0,0.5,0.8888888888888888,0.6,0.0,0.0,0.0,0.16666666666666666,0.0,0.5454545454545454,0.25,0.08196721311475409,0.01639344262295082,0.6065573770491803,0.29508196721311475,0.06557377049180328,0.01639344262295082,0.0,0.0,0.0,0.01639344262295082,0.0,0.13114754098360656,0.14754098360655737,0.32786885245901637,0.0,0.0,0.0,0.29508196721311475,0.01639344262295082,0.7213114754098361,0.26229508196721313,0.0,0.03571428571428571,0.8571428571428571,0.10714285714285714,0.0,0.0,0.0,0.0,0.0,0.03571428571428571,0.0,0.14285714285714285,0.2857142857142857,0.42857142857142855,0.0,0.0,0.0,0.10714285714285714,0.0,0.8571428571428571,0.14285714285714285,-0.45901639344262296,0.540983606557377,0.18963225520602572,-0.2923497267759563,-0.45901639344262296,-0.45901639344262296,-0.45901639344262296,-0.45901639344262296,-0.45901639344262296,0.540983606557377,-0.45901639344262296,0.04098360655737704,0.4298724954462659,0.14098360655737702,-0.45901639344262296,-0.45901639344262296,-0.45901639344262296,-0.2923497267759563,-0.45901639344262296,0.08643815201192245,-0.20901639344262296,82,36,0.43902439024390244,5276.012195121951,9270.38888888889,4,6,4,0.0,0.0,22.05555555555555,55.0,45.0,56.086956521739125,0.23170731707317074,0.2631578947368421,0,0.2222222222222222,1.0,0.5714285714285714,0.21739130434782608,0.0,0.6666666666666666,0.0,0.0,0.0,1.0,0.0,0.6,0.75,0.48148148148148145,0.0,0.0,0.0,0.22727272727272727,0.0,0.45901639344262296,0.4,0.10975609756097561,0.012195121951219513,0.5975609756097561,0.2804878048780488,0.07317073170731707,0.036585365853658534,0.0,0.0,0.0,0.012195121951219513,0.0,0.12195121951219512,0.14634146341463414,0.32926829268292684,0.0,0.012195121951219513,0.0,0.2682926829268293,0.012195121951219513,0.7439024390243902,0.24390243902439024,0.05555555555555555,0.027777777777777776,0.7777777777777778,0.1388888888888889,0.0,0.05555555555555555,0.0,0.0,0.0,0.027777777777777776,0.0,0.16666666666666666,0.25,0.3611111111111111,0.0,0.0,0.0,0.1388888888888889,0.0,0.7777777777777778,0.2222222222222222,-0.21680216802168023,0.5609756097560976,0.13240418118466896,-0.22163308589607636,-0.43902439024390244,0.2276422764227642,-0.43902439024390244,-0.43902439024390244,-0.43902439024390244,0.5609756097560976,-0.43902439024390244,0.16097560975609754,0.31097560975609756,0.042457091237579014,-0.43902439024390244,-0.43902439024390244,-0.43902439024390244,-0.21175166297117518,-0.43902439024390244,0.01999200319872052,-0.03902439024390242,0.01999200319872052,-21
4f60f764-7448-564c-b403-fa30d5ff112b,Malaga,culture_theatre_explorer,68,34,0.5,6128.5,9787.970588235294,3,6,3,0.0,0.0,15.294117647058824,49.41176470588234,45.0,56.91176470588235,0.22058823529411764,0.4,0,0.3,0.0,0.6190476190476191,0.3333333333333333,0.5,0.16666666666666666,0.0,0.0,0.0,0.0,0.0,0.3333333333333333,0.8181818181818182,0.6,0.0,0.0,0.0,0.3333333333333333,1.0,0.5370370370370371,0.3076923076923077,0.14705882352941177,0.014705882352941176,0.6176470588235294,0.22058823529411764,0.058823529411764705,0.08823529411764706,0.0,0.0,0.0,0.014705882352941176,0.0,0.08823529411764706,0.16176470588235295,0.36764705882352944,0.0,0.0,0.0,0.22058823529411764,0.014705882352941176,0.7941176470588235,0.19117647058823528,0.08823529411764706,0.0,0.7647058823529411,0.14705882352941177,0.058823529411764705,0.029411764705882353,0.0,0.0,0.0,0.0,0.0,0.058823529411764705,0.2647058823529412,0.4411764705882353,0.0,0.0,0.0,0.14705882352941177,0.029411764705882353,0.8529411764705882,0.11764705882352941,-0.2,-0.5,0.11904761904761907,-0.16666666666666669,0.0,-0.33333333333333337,-0.5,-0.5,-0.5,-0.5,-0.5,-0.16666666666666669,0.31818181818181823,0.09999999999999998,-0.5,-0.5,-0.5,-0.16666666666666669,0.5,0.03703703703703709,-0.1923076923076923,74,39,0.527027027027027,6188.37837837838,9552.205128205127,3,6,3,0.0,0.0,21.71794871794872,50.0,45.0,56.57142857142858,0.22972972972972974,0.47058823529411764,0,0.3,0.0,0.6521739130434783,0.35294117647058826,0.5,0.16666666666666666,0.0,0.0,0.0,0.0,0.0,0.42857142857142855,0.8333333333333334,0.6296296296296297,0.0,0.0,0.0,0.35294117647058826,1.0,0.559322033898305,0.35714285714285715,0.13513513513513514,0.013513513513513514,0.6216216216216216,0.22972972972972974,0.05405405405405406,0.08108108108108109,0.0,0.0,0.0,0.013513513513513514,0.0,0.0945945945945946,0.16216216216216217,0.36486486486486486,0.0,0.0,0.0,0.22972972972972974,0.013513513513513514,0.7972972972972973,0.1891891891891892,0.07692307692307693,0.0,0.7692307692307693,0.15384615384615385,0.05128205128205128,0.02564102564102564,0.0,0.0,0.0,0.0,0.0,0.07692307692307693,0.2564102564102564,0.4358974358974359,0.0,0.0,0.0,0.15384615384615385,0.02564102564102564,0.8461538461538461,0.1282051282051282,-0.22702702702702698,-0.527027027027027,0.1251468860164513,-0.17408585055643871,-0.027027027027026973,-0.36036036036036034,-0.527027027027027,-0.527027027027027,-0.527027027027027,-0.527027027027027,-0.527027027027027,-0.09845559845559843,0.3063063063063064,0.10260260260260268,-0.527027027027027,-0.527027027027027,-0.527027027027027,-0.17408585055643871,0.472972972972973,0.032295006871278065,-0.16988416988416982,-0.027027027027026973,-6
4f93e253-b6c7-5406-a49d-3f37e7831978,Madrid,flamenco_world_madrid,47,23,0.48936170212765956,5144.0,8052.478260869565,3,5,2,0.0,0.0,14.43478260869565,84.13043478260869,90.0,63.75000000000001,0.2127659574468085,0.5,0,0.6785714285714286,0.0,0.23076923076923078,0.2,0.16666666666666666,0.8181818181818182,0.0,0.0,0.0,0.0,0.0,0.3333333333333333,0.0,0.2857142857142857,0.0,0.0,0.0,0.25,0.0,0.17647058823529413,0.6666666666666666,0.5957446808510638,0.02127659574468085,0.2765957446808511,0.10638297872340426,0.1276595744680851,0.46808510638297873,0.0,0.0,0.0,0.02127659574468085,0.0,0.06382978723404255,0.06382978723404255,0.14893617021276595,0.0,0.02127659574468085,0.0,0.0851063829787234,0.0,0.3617021276595745,0.6382978723404256,0.8260869565217391,0.0,0.13043478260869565,0.043478260869565216,0.043478260869565216,0.782608695652174,0.0,0.0,0.0,0.0,0.0,0.043478260869565216,0.0,0.08695652173913043,0.0,0.0,0.0,0.043478260869565216,0.0,0.13043478260869565,0.8695652173913043,0.18920972644376904,-0.48936170212765956,-0.2585924713584288,-0.28936170212765955,-0.3226950354609929,0.3288201160541587,-0.48936170212765956,-0.48936170212765956,-0.48936170212765956,-0.48936170212765956,-0.48936170212765956,-0.15602836879432624,-0.48936170212765956,-0.20364741641337386,-0.48936170212765956,-0.48936170212765956,-0.48936170212765956,-0.23936170212765956,-0.48936170212765956,-0.31289111389236546,0.17730496453900707,59,30,0.5084745762711864,5355.8983050847455,8336.933333333334,3,5,2,0.0,0.0,25.733333333333338,84.0,90.0,63.62068965517242,0.1694915254237288,0.5,0,0.7352941176470589,0.0,0.2,0.2222222222222222,0.375,0.8461538461538461,0.0,0.0,0.0,0.0,0.0,0.2,0.0,0.2857142857142857,0.0,0.0,0.0,0.2857142857142857,0.0,0.19047619047619047,0.6842105263157895,0.576271186440678,0.01694915254237288,0.2542372881355932,0.15254237288135594,0.13559322033898305,0.4406779661016949,0.0,0.0,0.0,0.01694915254237288,0.0,0.0847457627118644,0.05084745762711865,0.11864406779661017,0.0,0.03389830508474576,0.0,0.11864406779661017,0.0,0.3559322033898305,0.6440677966101694,0.8333333333333334,0.0,0.1,0.06666666666666667,0.1,0.7333333333333333,0.0,0.0,0.0,0.0,0.0,0.03333333333333333,0.0,0.06666666666666667,0.0,0.0,0.0,0.06666666666666667,0.0,0.13333333333333333,0.8666666666666667,0.22681954137587246,-0.5084745762711864,-0.3084745762711864,-0.2862523540489642,-0.13347457627118642,0.3376792698826597,-0.5084745762711864,-0.5084745762711864,-0.5084745762711864,-0.5084745762711864,-0.5084745762711864,-0.3084745762711864,-0.5084745762711864,-0.22276029055690072,-0.5084745762711864,-0.5084745762711864,-0.5084745762711864,-0.22276029055690072,-0.5084745762711864,-0.31799838579499595,0.17573595004460307,-0.01911287414352686,-12
5177ab07-3f2a-58f9-8833-ef1c5355560c,Malaga,broad_discovery_flexible,71,30,0.4225352112676056,4705.802816901409,8294.533333333335,4,7,5,0.0,0.0,13.3,61.5,45.0,64.7560975609756,0.19718309859154928,0.5,0,0.3,1.0,0.3076923076923077,0.5135135135135135,0.5,0.21428571428571427,0.0,0.0,0.0,1.0,0.0,0.5,0.0,0.2857142857142857,0.0,0.3333333333333333,0.0,0.5294117647058824,0.0,0.4523809523809524,0.3793103448275862,0.28169014084507044,0.014084507042253521,0.18309859154929578,0.5211267605633803,0.08450704225352113,0.19718309859154928,0.0,0.0,0.0,0.014084507042253521,0.0,0.056338028169014086,0.028169014084507043,0.09859154929577464,0.0,0.04225352112676056,0.0,0.4788732394366197,0.0,0.5915492957746479,0.4084507042253521,0.2,0.03333333333333333,0.13333333333333333,0.6333333333333333,0.1,0.1,0.0,0.0,0.0,0.03333333333333333,0.0,0.06666666666666667,0.0,0.06666666666666667,0.0,0.03333333333333333,0.0,0.6,0.0,0.6333333333333333,0.36666666666666664,-0.12253521126760564,0.5774647887323944,-0.11484290357529792,0.09097830224590786,0.07746478873239437,-0.20824949698189135,-0.4225352112676056,-0.4225352112676056,-0.4225352112676056,0.5774647887323944,-0.4225352112676056,0.07746478873239437,-0.4225352112676056,-0.13682092555331993,-0.4225352112676056,-0.08920187793427231,-0.4225352112676056,0.10687655343827673,-0.4225352112676056,0.029845741113346758,-0.04322486644001944,92,34,0.3695652173913043,4376.489130434782,8284.44117647059,4,8,6,0.0,0.0,18.58823529411765,59.55882352941177,45.0,65.17241379310346,0.18478260869565216,0.47058823529411764,0,0.25806451612903225,1.0,0.3333333333333333,0.4523809523809524,0.3333333333333333,0.21052631578947367,0.0,0.0,0.0,1.0,0.0,0.3333333333333333,0.25,0.375,0.0,0.25,0.0,0.47368421052631576,0.0,0.41818181818181815,0.2972972972972973,0.33695652173913043,0.010869565217391304,0.1956521739130435,0.45652173913043476,0.13043478260869565,0.20652173913043478,0.0,0.0,0.0,0.010869565217391304,0.0,0.06521739130434782,0.043478260869565216,0.08695652173913043,0.0,0.043478260869565216,0.0,0.41304347826086957,0.0,0.5978260869565217,0.40217391304347827,0.23529411764705882,0.029411764705882353,0.17647058823529413,0.5588235294117647,0.11764705882352941,0.11764705882352941,0.0,0.0,0.0,0.029411764705882353,0.0,0.058823529411764705,0.029411764705882353,0.08823529411764706,0.0,0.029411764705882353,0.0,0.5294117647058824,0.0,0.6764705882352942,0.3235294117647059,-0.11150070126227207,0.6304347826086957,-0.03623188405797101,0.08281573498964806,-0.03623188405797101,-0.15903890160183065,-0.3695652173913043,-0.3695652173913043,-0.3695652173913043,0.6304347826086957,-0.3695652173913043,-0.03623188405797101,-0.11956521739130432,0.005434782608695676,-0.3695652173913043,-0.11956521739130432,-0.3695652173913043,0.10411899313501144,-0.3695652173913043,0.04861660079051383,-0.07226792009400701,0.0529699938763013,-21
52176fc2-e0c8-549d-981e-6c99062d9658,Malaga,culture_theatre_explorer,45,27,0.6,6629.688888888889,9527.962962962965,3,7,4,0.0,0.0,13.962962962962964,60.0,45.0,52.5,0.26666666666666666,0.8333333333333334,0,0.5,0.0,0.6086956521739131,0.7272727272727273,0.4,0.6,0.0,0.0,0.0,0.0,0.0,0.6666666666666666,0.5555555555555556,0.625,0.0,1.0,0.0,0.6666666666666666,0.0,0.5454545454545454,0.75,0.2222222222222222,0.022222222222222223,0.5111111111111111,0.24444444444444444,0.1111111111111111,0.1111111111111111,0.0,0.0,0.0,0.022222222222222223,0.0,0.13333333333333333,0.2,0.17777777777777778,0.0,0.044444444444444446,0.0,0.2,0.0,0.7333333333333333,0.26666666666666666,0.18518518518518517,0.0,0.5185185185185185,0.2962962962962963,0.07407407407407407,0.1111111111111111,0.0,0.0,0.0,0.0,0.0,0.14814814814814814,0.18518518518518517,0.18518518518518517,0.0,0.07407407407407407,0.0,0.2222222222222222,0.0,0.6666666666666666,0.3333333333333333,-0.09999999999999998,-0.6,0.008695652173913104,0.12727272727272732,-0.19999999999999996,0.0,-0.6,-0.6,-0.6,-0.6,-0.6,0.06666666666666665,-0.0444444444444444,0.025000000000000022,-0.6,0.4,-0.6,0.06666666666666665,-0.6,-0.054545454545454564,0.15000000000000002,65,35,0.5384615384615384,6273.400000000001,9576.885714285712,3,7,4,0.0,0.0,24.94285714285714,56.57142857142858,45.0,53.99999999999999,0.3230769230769231,0.6666666666666666,0,0.45454545454545453,0.0,0.5675675675675675,0.5625,0.4,0.5,0.0,0.0,0.0,0.0,0.0,0.6666666666666666,0.6363636363636364,0.5,0.0,1.0,0.0,0.5,0.0,0.52,0.6,0.16923076923076924,0.015384615384615385,0.5692307692307692,0.24615384615384617,0.07692307692307693,0.09230769230769231,0.0,0.0,0.0,0.015384615384615385,0.0,0.09230769230769231,0.16923076923076924,0.3076923076923077,0.0,0.03076923076923077,0.0,0.2153846153846154,0.0,0.7692307692307693,0.23076923076923078,0.14285714285714285,0.0,0.6,0.2571428571428571,0.05714285714285714,0.08571428571428572,0.0,0.0,0.0,0.0,0.0,0.11428571428571428,0.2,0.2857142857142857,0.0,0.05714285714285714,0.0,0.2,0.0,0.7428571428571429,0.2571428571428571,-0.0839160839160839,-0.5384615384615384,0.029106029106029108,0.024038461538461564,-0.1384615384615384,-0.038461538461538436,-0.5384615384615384,-0.5384615384615384,-0.5384615384615384,-0.5384615384615384,-0.5384615384615384,0.1282051282051282,0.09790209790209792,-0.038461538461538436,-0.5384615384615384,0.46153846153846156,-0.5384615384615384,-0.038461538461538436,-0.5384615384615384,-0.018461538461538418,0.06153846153846154,0.06153846153846154,-20
5233a54d-ac6c-5290-b56c-a8b1ca95c18b,Barcelona,family_weekend_exhibition,44,22,0.5,5031.954545454545,8059.31818181818,1,2,3,0.0,0.0,16.636363636363637,57.27272727272727,45.0,51.13636363636363,0.06818181818181818,0.3333333333333333,0,0.0,0.0,0.0,0.6285714285714286,0.0,0.0,0.0,0.0,0.0,0.0,0.0,0.0,0.0,0.0,0.0,0.5,0.0,0.6956521739130435,0.0,0.45714285714285713,0.6666666666666666,0.045454545454545456,0.022727272727272728,0.13636363636363635,0.7954545454545454,0.022727272727272728,0.022727272727272728,0.0,0.0,0.0,0.022727272727272728,0.0,0.022727272727272728,0.045454545454545456,0.06818181818181818,0.0,0.2727272727272727,0.0,0.5227272727272727,0.0,0.7954545454545454,0.20454545454545456,0.0,0.0,0.0,1.0,0.0,0.0,0.0,0.0,0.0,0.0,0.0,0.0,0.0,0.0,0.0,0.2727272727272727,0.0,0.7272727272727273,0.0,0.7272727272727273,0.2727272727272727,-0.5,-0.5,-0.5,0.12857142857142856,-0.5,-0.5,-0.5,-0.5,-0.5,-0.5,-0.5,-0.5,-0.5,-0.5,-0.5,0.0,-0.5,0.19565217391304346,-0.5,-0.04285714285714287,0.16666666666666663,59,30,0.5084745762711864,5215.745762711865,8253.099999999999,2,4,3,0.0,0.0,30.799999999999994,55.50000000000001,45.0,54.310344827586206,0.05084745762711865,0.3333333333333333,0,0.0,0.0,0.2222222222222222,0.5957446808510638,0.0,0.0,0.0,0.0,0.0,0.0,0.0,0.0,0.25,0.25,0.0,0.5294117647058824,0.0,0.6333333333333333,0.0,0.5,0.5384615384615384,0.03389830508474576,0.01694915254237288,0.15254237288135594,0.7966101694915254,0.01694915254237288,0.01694915254237288,0.0,0.0,0.0,0.01694915254237288,0.0,0.01694915254237288,0.06779661016949153,0.06779661016949153,0.0,0.288135593220339,0.0,0.5084745762711864,0.0,0.7796610169491526,0.22033898305084745,0.0,0.0,0.06666666666666667,0.9333333333333333,0.0,0.0,0.0,0.0,0.0,0.0,0.0,0.0,0.03333333333333333,0.03333333333333333,0.0,0.3,0.0,0.6333333333333333,0.0,0.7666666666666667,0.23333333333333334,-0.5084745762711864,-0.5084745762711864,-0.2862523540489642,0.08727010457987738,-0.5084745762711864,-0.5084745762711864,-0.5084745762711864,-0.5084745762711864,-0.5084745762711864,-0.5084745762711864,-0.5084745762711864,-0.5084745762711864,-0.2584745762711864,-0.2584745762711864,-0.5084745762711864,0.02093718843469594,-0.5084745762711864,0.12485875706214689,-0.5084745762711864,-0.008474576271186418,0.029986962190352018,-0.008474576271186418,-15
52b36ae7-e129-50f3-a515-35c98894e2aa,Barcelona,sports_basketball_traveler,43,12,0.27906976744186046,3510.60465116279,6787.833333333333,4,5,4,0.0,0.0,19.833333333333332,67.5,45.0,70.16129032258064,0.09302325581395349,0.25,1,0.25,1.0,0.16666666666666666,0.2916666666666667,0.2857142857142857,0.2,0.0,0.0,0.0,1.0,0.0,0.0,0.0,0.3333333333333333,0.0,0.0,0.0,0.2916666666666667,0.0,0.3333333333333333,0.25,0.27906976744186046,0.023255813953488372,0.13953488372093023,0.5581395348837209,0.16279069767441862,0.11627906976744186,0.0,0.0,0.0,0.023255813953488372,0.0,0.046511627906976744,0.023255813953488372,0.06976744186046512,0.0,0.0,0.0,0.5581395348837209,0.023255813953488372,0.4186046511627907,0.5581395348837209,0.25,0.08333333333333333,0.08333333333333333,0.5833333333333334,0.16666666666666666,0.08333333333333333,0.0,0.0,0.0,0.08333333333333333,0.0,0.0,0.0,0.08333333333333333,0.0,0.0,0.0,0.5833333333333334,0.0,0.5,0.5,-0.02906976744186046,0.7209302325581395,-0.1124031007751938,0.012596899224806224,0.006644518272425237,-0.07906976744186045,-0.27906976744186046,-0.27906976744186046,-0.27906976744186046,0.7209302325581395,-0.27906976744186046,-0.27906976744186046,-0.27906976744186046,0.054263565891472854,-0.27906976744186046,-0.27906976744186046,-0.27906976744186046,0.012596899224806224,-0.27906976744186046,0.054263565891472854,-0.02906976744186046,50,15,0.3,3617.1999999999994,6760.266666666667,4,5,4,0.0,0.0,26.4,72.00000000000001,90.0,71.14285714285714,0.08,0.25,1,0.26666666666666666,1.0,0.16666666666666666,0.32142857142857145,0.2857142857142857,0.25,0.0,0.0,0.0,1.0,0.0,0.0,0.0,0.3333333333333333,0.0,0.0,0.0,0.32142857142857145,0.0,0.3157894736842105,0.3,0.3,0.02,0.12,0.56,0.14,0.16,0.0,0.0,0.0,0.02,0.0,0.04,0.02,0.06,0.0,0.0,0.0,0.56,0.02,0.38,0.6,0.26666666666666666,0.06666666666666667,0.06666666666666667,0.6,0.13333333333333333,0.13333333333333333,0.0,0.0,0.0,0.06666666666666667,0.0,0.0,0.0,0.06666666666666667,0.0,0.0,0.0,0.6,0.0,0.4,0.6,-0.033333333333333326,0.7,-0.13333333333333333,0.021428571428571463,-0.01428571428571429,-0.04999999999999999,-0.3,-0.3,-0.3,0.7,-0.3,-0.3,-0.3,0.033333333333333326,-0.3,-0.3,-0.3,0.021428571428571463,-0.3,0.01578947368421052,0.0,-0.020930232558139528,-7
5300b316-40c5-5c15-88a3-cd38f553a3fc,Barcelona,music_pop_rock_local,65,42,0.6461538461538462,6239.584615384615,8500.214285714286,3,5,6,0.0,0.0,13.35714285714286,66.78571428571428,45.0,70.43478260869566,0.13846153846153847,0.7777777777777778,0,0.7254901960784313,0.0,0.4,0.375,0.75,0.6956521739130435,0.0,0.0,0.0,0.0,0.0,0.0,0.3333333333333333,0.5,0.0,0.0,0.0,0.375,1.0,0.6666666666666666,0.6176470588235294,0.7846153846153846,0.015384615384615385,0.07692307692307693,0.12307692307692308,0.4307692307692308,0.35384615384615387,0.0,0.0,0.0,0.015384615384615385,0.0,0.0,0.046153846153846156,0.03076923076923077,0.0,0.0,0.0,0.12307692307692308,0.015384615384615385,0.46153846153846156,0.5230769230769231,0.8809523809523809,0.0,0.047619047619047616,0.07142857142857142,0.5,0.38095238095238093,0.0,0.0,0.0,0.0,0.0,0.0,0.023809523809523808,0.023809523809523808,0.0,0.0,0.0,0.07142857142857142,0.023809523809523808,0.47619047619047616,0.5,0.07933634992458516,-0.6461538461538462,-0.24615384615384617,-0.2711538461538462,0.10384615384615381,0.04949832775919727,-0.6461538461538462,-0.6461538461538462,-0.6461538461538462,-0.6461538461538462,-0.6461538461538462,-0.6461538461538462,-0.3128205128205129,-0.1461538461538462,-0.6461538461538462,-0.6461538461538462,-0.6461538461538462,-0.2711538461538462,0.3538461538461538,0.02051282051282044,-0.028506787330316752,87,56,0.6436781609195402,6209.735632183908,8434.392857142857,3,5,8,0.0,0.0,23.16071428571429,66.16071428571429,45.0,68.2258064516129,0.13793103448275862,0.6666666666666666,0,0.7272727272727273,0.0,0.42857142857142855,0.38461538461538464,0.7567567567567568,0.6896551724137931,0.0,0.0,0.0,0.0,0.0,0.0,0.25,0.6666666666666666,0.0,0.0,0.0,0.38461538461538464,1.0,0.6511627906976745,0.627906976744186,0.7586206896551724,0.011494252873563218,0.08045977011494253,0.14942528735632185,0.42528735632183906,0.3333333333333333,0.0,0.0,0.0,0.011494252873563218,0.0,0.0,0.04597701149425287,0.034482758620689655,0.0,0.0,0.0,0.14942528735632185,0.011494252873563218,0.4942528735632184,0.4942528735632184,0.8571428571428571,0.0,0.05357142857142857,0.08928571428571429,0.5,0.35714285714285715,0.0,0.0,0.0,0.0,0.0,0.0,0.017857142857142856,0.03571428571428571,0.0,0.0,0.0,0.08928571428571429,0.017857142857142856,0.5,0.48214285714285715,0.08359456635318707,-0.6436781609195402,-0.21510673234811167,-0.2590627763041556,0.11307859583721658,0.04597701149425293,-0.6436781609195402,-0.6436781609195402,-0.6436781609195402,-0.6436781609195402,-0.6436781609195402,-0.6436781609195402,-0.3936781609195402,0.02298850574712641,-0.6436781609195402,-0.6436781609195402,-0.6436781609195402,-0.2590627763041556,0.3563218390804598,0.007484629778134244,-0.01577118417535417,0.0024756852343059688,-22
531f8461-e75d-5dc3-9f51-b16036086da2,Valencia,music_pop_rock_local,63,31,0.49206349206349204,5365.857142857143,8715.58064516129,3,5,7,0.0,0.0,12.096774193548388,61.45161290322581,45.0,64.6875,0.09523809523809523,0.3333333333333333,0,0.5555555555555556,0.0,0.4,0.2857142857142857,0.5217391304347826,0.5909090909090909,0.0,0.0,0.0,0.0,0.0,0.0,0.6666666666666666,0.2857142857142857,0.0,0.0,0.0,0.2857142857142857,1.0,0.5,0.46153846153846156,0.7142857142857143,0.015873015873015872,0.15873015873015872,0.1111111111111111,0.36507936507936506,0.3492063492063492,0.0,0.0,0.0,0.015873015873015872,0.0,0.0,0.047619047619047616,0.1111111111111111,0.0,0.0,0.0,0.1111111111111111,0.015873015873015872,0.5714285714285714,0.4126984126984127,0.8064516129032258,0.0,0.12903225806451613,0.06451612903225806,0.3870967741935484,0.41935483870967744,0.0,0.0,0.0,0.0,0.0,0.0,0.06451612903225806,0.06451612903225806,0.0,0.0,0.0,0.06451612903225806,0.03225806451612903,0.5806451612903226,0.3870967741935484,0.06349206349206354,-0.49206349206349204,-0.09206349206349201,-0.20634920634920634,0.029675638371290558,0.0988455988455989,-0.49206349206349204,-0.49206349206349204,-0.49206349206349204,-0.49206349206349204,-0.49206349206349204,-0.49206349206349204,0.1746031746031746,-0.20634920634920634,-0.49206349206349204,-0.49206349206349204,-0.49206349206349204,-0.20634920634920634,0.5079365079365079,0.007936507936507964,-0.030525030525030472,82,42,0.5121951219512195,5461.719512195121,8631.095238095235,3,5,7,0.0,0.0,24.452380952380956,63.57142857142858,45.0,65.25000000000001,0.0975609756097561,0.25,0,0.5964912280701754,0.0,0.2857142857142857,0.4,0.6,0.5925925925925926,0.0,0.0,0.0,0.0,0.0,0.0,0.4,0.2222222222222222,0.0,0.0,0.0,0.4,1.0,0.5111111111111111,0.5,0.6951219512195121,0.012195121951219513,0.17073170731707318,0.12195121951219512,0.36585365853658536,0.32926829268292684,0.0,0.0,0.0,0.012195121951219513,0.0,0.0,0.06097560975609756,0.10975609756097561,0.0,0.0,0.0,0.12195121951219512,0.012195121951219513,0.5487804878048781,0.43902439024390244,0.8095238095238095,0.0,0.09523809523809523,0.09523809523809523,0.42857142857142855,0.38095238095238093,0.0,0.0,0.0,0.0,0.0,0.0,0.047619047619047616,0.047619047619047616,0.0,0.0,0.0,0.09523809523809523,0.023809523809523808,0.5476190476190477,0.42857142857142855,0.08429610611895588,-0.5121951219512195,-0.22648083623693382,-0.1121951219512195,0.08780487804878045,0.08039747064137304,-0.5121951219512195,-0.5121951219512195,-0.5121951219512195,-0.5121951219512195,-0.5121951219512195,-0.5121951219512195,-0.1121951219512195,-0.2899728997289973,-0.5121951219512195,-0.5121951219512195,-0.5121951219512195,-0.1121951219512195,0.4878048780487805,-0.0010840108401084514,-0.012195121951219523,-0.020131629887727487,-19
535d8bfa-3720-5c0c-9200-b8557ba4af88,Malaga,flamenco_world_madrid,75,33,0.44,5113.373333333334,8443.636363636364,3,4,6,0.0,0.0,12.969696969696969,75.00000000000001,90.0,64.64285714285714,0.13333333333333333,0.1,0,0.5384615384615384,0.0,0.07692307692307693,0.4444444444444444,0.23076923076923078,0.6410256410256411,0.0,0.0,0.0,0.0,0.0,0.0,0.0,0.1111111111111111,0.0,0.0,0.0,0.4444444444444444,0.0,0.3333333333333333,0.5365853658536586,0.6933333333333334,0.013333333333333334,0.17333333333333334,0.12,0.17333333333333334,0.52,0.0,0.0,0.0,0.013333333333333334,0.0,0.05333333333333334,0.0,0.12,0.0,0.0,0.0,0.12,0.013333333333333334,0.44,0.5466666666666666,0.8484848484848485,0.0,0.030303030303030304,0.12121212121212122,0.09090909090909091,0.7575757575757576,0.0,0.0,0.0,0.0,0.0,0.0,0.0,0.030303030303030304,0.0,0.0,0.0,0.12121212121212122,0.0,0.3333333333333333,0.6666666666666666,0.09846153846153843,-0.44,-0.3630769230769231,0.0044444444444444176,-0.20923076923076922,0.20102564102564108,-0.44,-0.44,-0.44,-0.44,-0.44,-0.44,-0.44,-0.3288888888888889,-0.44,-0.44,-0.44,0.0044444444444444176,-0.44,-0.10666666666666669,0.09658536585365857,84,36,0.42857142857142855,5147.190476190478,8640.138888888889,3,4,6,0.0,0.0,17.444444444444443,75.00000000000001,90.0,64.0625,0.14285714285714285,0.16666666666666666,0,0.5344827586206896,0.0,0.06666666666666667,0.4,0.26666666666666666,0.627906976744186,0.0,0.0,0.0,0.0,0.0,0.0,0.0,0.1111111111111111,0.0,0.0,0.0,0.4,0.0,0.3157894736842105,0.5333333333333333,0.6904761904761905,0.011904761904761904,0.17857142857142858,0.11904761904761904,0.17857142857142858,0.5119047619047619,0.0,0.0,0.0,0.011904761904761904,0.0,0.047619047619047616,0.023809523809523808,0.10714285714285714,0.0,0.0,0.0,0.11904761904761904,0.011904761904761904,0.4523809523809524,0.5357142857142857,0.8611111111111112,0.0,0.027777777777777776,0.1111111111111111,0.1111111111111111,0.75,0.0,0.0,0.0,0.0,0.0,0.0,0.0,0.027777777777777776,0.0,0.0,0.0,0.1111111111111111,0.0,0.3333333333333333,0.6666666666666666,0.10591133004926107,-0.42857142857142855,-0.3619047619047619,-0.028571428571428525,-0.16190476190476188,0.1993355481727575,-0.42857142857142855,-0.42857142857142855,-0.42857142857142855,-0.42857142857142855,-0.42857142857142855,-0.42857142857142855,-0.42857142857142855,-0.31746031746031744,-0.42857142857142855,-0.42857142857142855,-0.42857142857142855,-0.028571428571428525,-0.42857142857142855,-0.11278195488721804,0.10476190476190478,0.011428571428571455,-9
55be9d3f-843f-51ee-bb02-35056dc0976c,Madrid,sports_basketball_traveler,49,19,0.3877551020408163,4483.34693877551,8479.0,3,4,3,0.0,0.0,10.947368421052632,75.78947368421052,90.0,61.5,0.08163265306122448,0.5,0,0.6190476190476191,0.0,0.4,0.1111111111111111,0.4,0.8181818181818182,0.0,0.0,0.0,0.0,0.0,0.0,0.0,0.5,0.0,0.0,0.0,0.1111111111111111,0.0,0.24,0.5416666666666666,0.42857142857142855,0.0,0.20408163265306123,0.3673469387755102,0.20408163265306123,0.22448979591836735,0.0,0.0,0.0,0.0,0.0,0.0,0.04081632653061224,0.16326530612244897,0.0,0.0,0.0,0.3673469387755102,0.0,0.5102040816326531,0.4897959183673469,0.6842105263157895,0.0,0.21052631578947367,0.10526315789473684,0.21052631578947367,0.47368421052631576,0.0,0.0,0.0,0.0,0.0,0.0,0.0,0.21052631578947367,0.0,0.0,0.0,0.10526315789473684,0.0,0.3157894736842105,0.6842105263157895,0.23129251700680276,-0.3877551020408163,0.01224489795918371,-0.2766439909297052,0.01224489795918371,0.4304267161410019,-0.3877551020408163,-0.3877551020408163,-0.3877551020408163,-0.3877551020408163,-0.3877551020408163,-0.3877551020408163,-0.3877551020408163,0.11224489795918369,-0.3877551020408163,-0.3877551020408163,-0.3877551020408163,-0.2766439909297052,-0.3877551020408163,-0.14775510204081632,0.15391156462585032,61,21,0.3442622950819672,4180.55737704918,8470.47619047619,3,5,3,0.0,0.0,17.23809523809524,75.00000000000001,90.0,63.00000000000001,0.06557377049180328,0.5,0,0.5909090909090909,0.0,0.38461538461538464,0.12,0.4,0.75,0.0,0.0,0.0,0.0,0.0,1.0,0.0,0.4,0.0,0.0,0.0,0.12,0.0,0.22580645161290322,0.4666666666666667,0.36065573770491804,0.01639344262295082,0.21311475409836064,0.4098360655737705,0.16393442622950818,0.19672131147540983,0.0,0.0,0.0,0.01639344262295082,0.0,0.01639344262295082,0.03278688524590164,0.16393442622950818,0.0,0.0,0.0,0.4098360655737705,0.0,0.5081967213114754,0.4918032786885246,0.6190476190476191,0.0,0.23809523809523808,0.14285714285714285,0.19047619047619047,0.42857142857142855,0.0,0.0,0.0,0.0,0.0,0.047619047619047616,0.0,0.19047619047619047,0.0,0.0,0.0,0.14285714285714285,0.0,0.3333333333333333,0.6666666666666666,0.24664679582712373,-0.3442622950819672,0.04035308953341743,-0.2242622950819672,0.055737704918032815,0.4057377049180328,-0.3442622950819672,-0.3442622950819672,-0.3442622950819672,-0.3442622950819672,-0.3442622950819672,0.6557377049180328,-0.3442622950819672,0.055737704918032815,-0.3442622950819672,-0.3442622950819672,-0.3442622950819672,-0.2242622950819672,-0.3442622950819672,-0.11845584346906399,0.12240437158469947,0.043492806958849106,-12
57cbd74c-7eb7-5e7d-8eb1-5d22d360e1a4,Barcelona,culture_theatre_explorer,52,31,0.5961538461538461,6345.5,9117.290322580646,3,5,3,0.0,0.0,16.225806451612904,49.83870967741935,45.0,60.0,0.2692307692307692,0.5714285714285714,1,0.5,0.0,0.6285714285714286,0.6,0.6,0.0,0.0,0.0,0.0,0.0,0.0,0.42857142857142855,0.6,0.7222222222222222,0.0,0.0,0.0,0.6,1.0,0.65,0.36363636363636365,0.11538461538461539,0.019230769230769232,0.6730769230769231,0.19230769230769232,0.09615384615384616,0.019230769230769232,0.0,0.0,0.0,0.019230769230769232,0.0,0.1346153846153846,0.19230769230769232,0.34615384615384615,0.0,0.0,0.0,0.19230769230769232,0.019230769230769232,0.7692307692307693,0.21153846153846154,0.0967741935483871,0.0,0.7096774193548387,0.1935483870967742,0.0967741935483871,0.0,0.0,0.0,0.0,0.0,0.0,0.0967741935483871,0.1935483870967742,0.41935483870967744,0.0,0.0,0.0,0.1935483870967742,0.03225806451612903,0.8387096774193549,0.12903225806451613,-0.09615384615384615,-0.5961538461538461,0.03241758241758241,0.0038461538461538325,0.0038461538461538325,-0.5961538461538461,-0.5961538461538461,-0.5961538461538461,-0.5961538461538461,-0.5961538461538461,-0.5961538461538461,-0.1675824175824176,0.0038461538461538325,0.12606837606837606,-0.5961538461538461,-0.5961538461538461,-0.5961538461538461,0.0038461538461538325,0.40384615384615385,0.05384615384615388,-0.2325174825174825,76,42,0.5526315789473685,6003.171052631578,9019.000000000004,3,6,3,0.0,0.0,27.166666666666668,50.714285714285715,45.0,60.88235294117647,0.25,0.5263157894736842,1,0.3,0.0,0.62,0.5333333333333333,0.5,0.0,0.0,0.0,0.0,0.0,0.0,0.6,0.5833333333333334,0.6428571428571429,0.0,1.0,0.0,0.5,1.0,0.6140350877192983,0.3333333333333333,0.13157894736842105,0.013157894736842105,0.6578947368421053,0.19736842105263158,0.07894736842105263,0.05263157894736842,0.0,0.0,0.0,0.013157894736842105,0.0,0.13157894736842105,0.15789473684210525,0.3684210526315789,0.0,0.013157894736842105,0.0,0.18421052631578946,0.013157894736842105,0.75,0.23684210526315788,0.07142857142857142,0.0,0.7380952380952381,0.19047619047619047,0.07142857142857142,0.0,0.0,0.0,0.0,0.0,0.0,0.14285714285714285,0.16666666666666666,0.42857142857142855,0.0,0.023809523809523808,0.0,0.16666666666666666,0.023809523809523808,0.8333333333333334,0.14285714285714285,-0.2526315789473685,-0.5526315789473685,0.06736842105263152,-0.019298245614035148,-0.052631578947368474,-0.5526315789473685,-0.5526315789473685,-0.5526315789473685,-0.5526315789473685,-0.5526315789473685,-0.5526315789473685,0.047368421052631504,0.030701754385964897,0.09022556390977443,-0.5526315789473685,0.4473684210526315,-0.5526315789473685,-0.052631578947368474,0.4473684210526315,0.06140350877192979,-0.21929824561403516,0.04352226720647767,-24
5bcf1e65-8e40-5328-b3b6-cfc1ca1250d7,Madrid,family_weekend_exhibition,63,37,0.5873015873015873,5487.571428571428,7879.297297297297,2,5,3,0.0,0.0,13.162162162162167,54.729729729729726,45.0,60.57692307692308,0.031746031746031744,0.5,0,0.0,0.0,0.5,0.6346153846153846,0.0,0.0,0.0,0.0,0.0,0.0,0.0,0.5,0.5,0.5,0.0,0.8571428571428571,0.0,0.6,0.0,0.6304347826086957,0.47058823529411764,0.031746031746031744,0.015873015873015872,0.12698412698412698,0.8253968253968254,0.0,0.031746031746031744,0.0,0.0,0.0,0.015873015873015872,0.0,0.031746031746031744,0.06349206349206349,0.031746031746031744,0.0,0.1111111111111111,0.0,0.7142857142857143,0.0,0.7301587301587301,0.2698412698412698,0.0,0.0,0.10810810810810811,0.8918918918918919,0.0,0.0,0.0,0.0,0.0,0.0,0.0,0.02702702702702703,0.05405405405405406,0.02702702702702703,0.0,0.16216216216216217,0.0,0.7297297297297297,0.0,0.7837837837837838,0.21621621621621623,-0.5873015873015873,-0.5873015873015873,-0.08730158730158732,0.04731379731379726,-0.5873015873015873,-0.5873015873015873,-0.5873015873015873,-0.5873015873015873,-0.5873015873015873,-0.5873015873015873,-0.5873015873015873,-0.08730158730158732,-0.08730158730158732,-0.08730158730158732,-0.5873015873015873,0.26984126984126977,-0.5873015873015873,0.012698412698412653,-0.5873015873015873,0.04313319530710835,-0.11671335200746968,75,44,0.5866666666666667,5510.786666666667,7918.090909090909,3,7,3,0.0,0.0,21.84090909090909,54.204545454545446,45.0,58.064516129032256,0.04,0.6666666666666666,0,0.5,0.0,0.5,0.6129032258064516,1.0,0.3333333333333333,0.0,0.0,0.0,0.0,0.0,0.5,0.5,0.5,0.0,0.8181818181818182,0.0,0.5686274509803921,0.0,0.6140350877192983,0.5,0.05333333333333334,0.013333333333333334,0.10666666666666667,0.8266666666666667,0.013333333333333334,0.04,0.0,0.0,0.0,0.013333333333333334,0.0,0.02666666666666667,0.05333333333333334,0.02666666666666667,0.0,0.14666666666666667,0.0,0.68,0.0,0.76,0.24,0.045454545454545456,0.0,0.09090909090909091,0.8636363636363636,0.022727272727272728,0.022727272727272728,0.0,0.0,0.0,0.0,0.0,0.022727272727272728,0.045454545454545456,0.022727272727272728,0.0,0.20454545454545456,0.0,0.6590909090909091,0.0,0.7954545454545454,0.20454545454545456,-0.08666666666666667,-0.5866666666666667,-0.08666666666666667,0.026236559139784954,0.41333333333333333,-0.25333333333333335,-0.5866666666666667,-0.5866666666666667,-0.5866666666666667,-0.5866666666666667,-0.5866666666666667,-0.08666666666666667,-0.08666666666666667,-0.08666666666666667,-0.5866666666666667,0.23151515151515156,-0.5866666666666667,-0.018039215686274535,-0.5866666666666667,0.027368421052631597,-0.08666666666666667,6.349206349206549E-4,-12
5bdc054f-1cfa-5b61-a578-b9ec0aa9a5e4,Valencia,family_weekend_exhibition,55,23,0.41818181818181815,4139.436363636363,6962.217391304348,3,4,3,0.0,0.0,12.26086956521739,56.739130434782616,45.0,59.0625,0.10909090909090909,0.3333333333333333,0,0.125,0.0,0.25,0.5263157894736842,0.2,0.0,0.0,0.0,0.0,0.0,0.0,0.0,0.0,0.6666666666666666,0.0,0.6666666666666666,0.0,0.46153846153846156,0.0,0.4358974358974359,0.375,0.14545454545454545,0.01818181818181818,0.14545454545454545,0.6909090909090909,0.09090909090909091,0.05454545454545454,0.0,0.0,0.0,0.01818181818181818,0.0,0.01818181818181818,0.07272727272727272,0.05454545454545454,0.0,0.21818181818181817,0.0,0.4727272727272727,0.0,0.7090909090909091,0.2909090909090909,0.043478260869565216,0.0,0.08695652173913043,0.8695652173913043,0.043478260869565216,0.0,0.0,0.0,0.0,0.0,0.0,0.0,0.0,0.08695652173913043,0.0,0.34782608695652173,0.0,0.5217391304347826,0.0,0.7391304347826086,0.2608695652173913,-0.29318181818181815,-0.41818181818181815,-0.16818181818181815,0.10813397129186603,-0.21818181818181814,-0.41818181818181815,-0.41818181818181815,-0.41818181818181815,-0.41818181818181815,-0.41818181818181815,-0.41818181818181815,-0.41818181818181815,-0.41818181818181815,0.24848484848484848,-0.41818181818181815,0.24848484848484848,-0.41818181818181815,0.04335664335664341,-0.41818181818181815,0.01771561771561775,-0.043181818181818155,70,31,0.44285714285714284,4396.514285714287,7221.8387096774195,3,4,4,0.0,0.0,27.12903225806452,56.61290322580644,45.0,58.84615384615385,0.11428571428571428,0.25,0,0.125,0.0,0.2,0.5490196078431373,0.2,0.0,0.0,0.0,0.0,0.0,0.0,0.0,0.0,0.5,0.0,0.7142857142857143,0.0,0.4864864864864865,0.0,0.46,0.4,0.11428571428571428,0.014285714285714285,0.14285714285714285,0.7285714285714285,0.07142857142857142,0.04285714285714286,0.0,0.0,0.0,0.014285714285714285,0.0,0.014285714285714285,0.07142857142857142,0.05714285714285714,0.0,0.2,0.0,0.5285714285714286,0.0,0.7142857142857143,0.2857142857142857,0.03225806451612903,0.0,0.06451612903225806,0.9032258064516129,0.03225806451612903,0.0,0.0,0.0,0.0,0.0,0.0,0.0,0.0,0.06451612903225806,0.0,0.3225806451612903,0.0,0.5806451612903226,0.0,0.7419354838709677,0.25806451612903225,-0.31785714285714284,-0.44285714285714284,-0.24285714285714283,0.10616246498599446,-0.24285714285714283,-0.44285714285714284,-0.44285714285714284,-0.44285714285714284,-0.44285714285714284,-0.44285714285714284,-0.44285714285714284,-0.44285714285714284,-0.44285714285714284,0.05714285714285716,-0.44285714285714284,0.27142857142857146,-0.44285714285714284,0.043629343629343675,-0.44285714285714284,0.017142857142857182,-0.042857142857142816,-0.024675324675324684,-15
5ef45c4c-bc84-5992-8a9b-e64cbf5ac86a,Valencia,family_weekend_exhibition,49,24,0.4897959183673469,5304.530612244898,8692.333333333334,4,6,4,0.0,0.0,12.208333333333334,56.25,45.0,55.8,0.061224489795918366,0.3333333333333333,0,0.6666666666666666,1.0,0.2,0.5428571428571428,1.0,0.5,0.0,0.0,0.0,1.0,0.0,0.0,0.5,0.0,0.0,0.3333333333333333,0.0,0.6153846153846154,0.0,0.4864864864864865,0.5,0.061224489795918366,0.02040816326530612,0.20408163265306123,0.7142857142857143,0.02040816326530612,0.04081632653061224,0.0,0.0,0.0,0.02040816326530612,0.0,0.04081632653061224,0.08163265306122448,0.08163265306122448,0.0,0.1836734693877551,0.0,0.5306122448979592,0.0,0.7551020408163265,0.24489795918367346,0.08333333333333333,0.041666666666666664,0.08333333333333333,0.7916666666666666,0.041666666666666664,0.041666666666666664,0.0,0.0,0.0,0.041666666666666664,0.0,0.0,0.08333333333333333,0.0,0.0,0.125,0.0,0.6666666666666666,0.0,0.75,0.25,0.1768707482993197,0.5102040816326531,-0.2897959183673469,0.05306122448979589,0.5102040816326531,0.010204081632653073,-0.4897959183673469,-0.4897959183673469,-0.4897959183673469,0.5102040816326531,-0.4897959183673469,-0.4897959183673469,0.010204081632653073,-0.4897959183673469,-0.4897959183673469,-0.1564625850340136,-0.4897959183673469,0.1255886970172685,-0.4897959183673469,-0.003309431880860414,0.010204081632653073,61,30,0.4918032786885246,5281.131147540984,8594.500000000002,4,7,5,0.0,0.0,20.099999999999998,57.00000000000001,45.0,53.70967741935484,0.06557377049180328,0.5,0,0.6666666666666666,1.0,0.23076923076923078,0.5454545454545454,1.0,0.5,0.0,0.0,0.0,1.0,0.0,0.0,0.5,0.14285714285714285,0.0,0.3076923076923077,0.0,0.6451612903225806,0.0,0.46808510638297873,0.5714285714285714,0.04918032786885246,0.01639344262295082,0.21311475409836064,0.7213114754098361,0.01639344262295082,0.03278688524590164,0.0,0.0,0.0,0.01639344262295082,0.0,0.03278688524590164,0.06557377049180328,0.11475409836065574,0.0,0.21311475409836064,0.0,0.5081967213114754,0.0,0.7704918032786885,0.22950819672131148,0.06666666666666667,0.03333333333333333,0.1,0.8,0.03333333333333333,0.03333333333333333,0.0,0.0,0.0,0.03333333333333333,0.0,0.0,0.06666666666666667,0.03333333333333333,0.0,0.13333333333333333,0.0,0.6666666666666666,0.0,0.7333333333333333,0.26666666666666666,0.17486338797814205,0.5081967213114754,-0.2610340479192938,0.05365126676602083,0.5081967213114754,0.008196721311475419,-0.4918032786885246,-0.4918032786885246,-0.4918032786885246,0.5081967213114754,-0.4918032786885246,-0.4918032786885246,0.008196721311475419,-0.34894613583138173,-0.4918032786885246,-0.18411097099621687,-0.4918032786885246,0.15335801163405605,-0.4918032786885246,-0.023718172305545848,0.07962529274004682,-0.0020073603211776536,-12
605aea32-8bd6-5094-8b7b-7cc83a979e56,Valencia,music_pop_rock_local,70,39,0.5571428571428572,5719.757142857144,8605.692307692307,3,5,8,0.0,0.0,14.820512820512823,53.84615384615385,45.0,59.516129032258064,0.02857142857142857,0.0,0,0.6666666666666666,0.0,0.3333333333333333,0.4375,0.7241379310344828,0.5384615384615384,0.0,0.0,0.0,0.0,0.0,1.0,0.0,0.3,0.0,0.0,0.0,0.4375,1.0,0.5714285714285714,0.47368421052631576,0.6,0.0,0.17142857142857143,0.22857142857142856,0.4142857142857143,0.18571428571428572,0.0,0.0,0.0,0.0,0.0,0.014285714285714285,0.014285714285714285,0.14285714285714285,0.0,0.0,0.0,0.22857142857142856,0.02857142857142857,0.7,0.2714285714285714,0.717948717948718,0.0,0.10256410256410256,0.1794871794871795,0.5384615384615384,0.1794871794871795,0.0,0.0,0.0,0.0,0.0,0.02564102564102564,0.0,0.07692307692307693,0.0,0.0,0.0,0.1794871794871795,0.05128205128205128,0.717948717948718,0.23076923076923078,0.10952380952380947,-0.5571428571428572,-0.22380952380952385,-0.11964285714285716,0.1669950738916256,-0.018681318681318726,-0.5571428571428572,-0.5571428571428572,-0.5571428571428572,-0.5571428571428572,-0.5571428571428572,0.44285714285714284,-0.5571428571428572,-0.2571428571428572,-0.5571428571428572,-0.5571428571428572,-0.5571428571428572,-0.11964285714285716,0.44285714285714284,0.014285714285714235,-0.0834586466165414,87,51,0.5862068965517241,5847.712643678161,8498.176470588234,4,7,9,0.0,0.0,25.627450980392155,55.294117647058826,45.0,58.75,0.034482758620689655,0.3333333333333333,0,0.660377358490566,1.0,0.4375,0.47058823529411764,0.7428571428571429,0.5,0.0,0.0,0.0,1.0,0.0,1.0,0.5,0.3333333333333333,0.0,0.0,0.0,0.47058823529411764,1.0,0.5901639344262295,0.5416666666666666,0.6091954022988506,0.011494252873563218,0.1839080459770115,0.19540229885057472,0.40229885057471265,0.20689655172413793,0.0,0.0,0.0,0.011494252873563218,0.0,0.022988505747126436,0.022988505747126436,0.13793103448275862,0.0,0.0,0.0,0.19540229885057472,0.022988505747126436,0.7011494252873564,0.27586206896551724,0.6862745098039216,0.0196078431372549,0.13725490196078433,0.1568627450980392,0.5098039215686274,0.17647058823529413,0.0,0.0,0.0,0.0196078431372549,0.0,0.0392156862745098,0.0196078431372549,0.0784313725490196,0.0,0.0,0.0,0.1568627450980392,0.0392156862745098,0.7058823529411765,0.2549019607843137,0.07417046193884191,0.4137931034482759,-0.1487068965517241,-0.11561866125760645,0.1566502463054188,-0.08620689655172409,-0.5862068965517241,-0.5862068965517241,-0.5862068965517241,0.4137931034482759,-0.5862068965517241,0.4137931034482759,-0.08620689655172409,-0.2528735632183908,-0.5862068965517241,-0.5862068965517241,-0.5862068965517241,-0.11561866125760645,0.4137931034482759,0.003957037874505409,-0.04454022988505746,-0.029064039408866926,-17
609bca95-9baa-5bd0-b683-6baea25fd4a5,Madrid,culture_theatre_explorer,65,38,0.5846153846153846,6336.584615384615,9207.657894736843,3,7,4,0.0,0.0,13.578947368421051,51.315789473684205,45.0,58.33333333333334,0.2,0.46153846153846156,0,0.4375,0.0,0.7222222222222222,0.4166666666666667,0.4444444444444444,0.42857142857142855,0.0,0.0,0.0,0.0,0.0,0.5714285714285714,0.6666666666666666,0.8,0.0,1.0,0.0,0.36363636363636365,1.0,0.62,0.42857142857142855,0.24615384615384617,0.015384615384615385,0.5538461538461539,0.18461538461538463,0.13846153846153847,0.1076923076923077,0.0,0.0,0.0,0.015384615384615385,0.0,0.1076923076923077,0.13846153846153847,0.3076923076923077,0.0,0.015384615384615385,0.0,0.16923076923076924,0.015384615384615385,0.7692307692307693,0.2153846153846154,0.18421052631578946,0.0,0.6842105263157895,0.13157894736842105,0.10526315789473684,0.07894736842105263,0.0,0.0,0.0,0.0,0.0,0.10526315789473684,0.15789473684210525,0.42105263157894735,0.0,0.02631578947368421,0.0,0.10526315789473684,0.02631578947368421,0.8157894736842105,0.15789473684210525,-0.14711538461538465,-0.5846153846153846,0.13760683760683756,-0.16794871794871796,-0.14017094017094023,-0.1560439560439561,-0.5846153846153846,-0.5846153846153846,-0.5846153846153846,-0.5846153846153846,-0.5846153846153846,-0.013186813186813251,0.08205128205128198,0.2153846153846154,-0.5846153846153846,0.41538461538461535,-0.5846153846153846,-0.220979020979021,0.41538461538461535,0.03538461538461535,-0.1560439560439561,86,51,0.5930232558139535,6496.674418604652,9312.411764705881,3,7,4,0.0,0.0,26.568627450980397,50.588235294117645,45.0,63.0,0.2441860465116279,0.42857142857142855,0,0.42105263157894735,0.0,0.7142857142857143,0.47058823529411764,0.5,0.3333333333333333,0.0,0.0,0.0,0.0,0.0,0.6,0.5833333333333334,0.8148148148148148,0.0,1.0,0.0,0.4375,1.0,0.671875,0.3333333333333333,0.22093023255813954,0.011627906976744186,0.5697674418604651,0.19767441860465115,0.11627906976744186,0.10465116279069768,0.0,0.0,0.0,0.011627906976744186,0.0,0.11627906976744186,0.13953488372093023,0.313953488372093,0.0,0.011627906976744186,0.0,0.18604651162790697,0.011627906976744186,0.7441860465116279,0.2441860465116279,0.1568627450980392,0.0,0.6862745098039216,0.1568627450980392,0.09803921568627451,0.058823529411764705,0.0,0.0,0.0,0.0,0.0,0.11764705882352941,0.13725490196078433,0.43137254901960786,0.0,0.0196078431372549,0.0,0.13725490196078433,0.0196078431372549,0.8431372549019608,0.13725490196078433,-0.1719706242350062,-0.5930232558139535,0.12126245847176076,-0.1224350205198359,-0.09302325581395354,-0.25968992248062023,-0.5930232558139535,-0.5930232558139535,-0.5930232558139535,-0.5930232558139535,-0.5930232558139535,0.006976744186046435,-0.009689922480620172,0.22179155900086123,-0.5930232558139535,0.40697674418604646,-0.5930232558139535,-0.15552325581395354,0.40697674418604646,0.07885174418604646,-0.25968992248062023,-0.008407871198568895,-21
60c0c4a8-a50c-5657-9364-6fef72330c01,Barcelona,family_weekend_exhibition,58,28,0.4827586206896552,5456.48275862069,9274.392857142855,3,6,4,0.0,0.0,12.250000000000002,54.642857142857146,45.0,57.0,0.10344827586206896,0.5,0,0.14285714285714285,0.0,0.36363636363636365,0.5897435897435898,0.25,0.0,0.0,0.0,0.0,0.0,0.0,0.5,1.0,0.14285714285714285,0.0,0.5555555555555556,0.0,0.6,0.0,0.5,0.42857142857142855,0.1206896551724138,0.017241379310344827,0.1896551724137931,0.6724137931034483,0.06896551724137931,0.05172413793103448,0.0,0.0,0.0,0.017241379310344827,0.0,0.034482758620689655,0.034482758620689655,0.1206896551724138,0.0,0.15517241379310345,0.0,0.5172413793103449,0.0,0.7586206896551724,0.2413793103448276,0.03571428571428571,0.0,0.14285714285714285,0.8214285714285714,0.03571428571428571,0.0,0.0,0.0,0.0,0.0,0.0,0.03571428571428571,0.07142857142857142,0.03571428571428571,0.0,0.17857142857142858,0.0,0.6428571428571429,0.0,0.7857142857142857,0.21428571428571427,-0.33990147783251234,-0.4827586206896552,-0.11912225705329155,0.10698496905393456,-0.2327586206896552,-0.4827586206896552,-0.4827586206896552,-0.4827586206896552,-0.4827586206896552,-0.4827586206896552,-0.4827586206896552,0.017241379310344807,0.5172413793103448,-0.33990147783251234,-0.4827586206896552,0.07279693486590039,-0.4827586206896552,0.11724137931034478,-0.4827586206896552,0.017241379310344807,-0.054187192118226646,71,36,0.5070422535211268,5498.140845070423,8956.972222222224,3,6,4,0.0,0.0,23.166666666666668,55.0,45.0,57.857142857142854,0.09859154929577464,0.5714285714285714,0,0.14285714285714285,0.0,0.3076923076923077,0.62,0.25,0.0,0.0,0.0,0.0,0.0,0.0,0.3333333333333333,0.6666666666666666,0.14285714285714285,0.0,0.6153846153846154,0.0,0.6216216216216216,0.0,0.5283018867924528,0.4444444444444444,0.09859154929577464,0.014084507042253521,0.18309859154929578,0.704225352112676,0.056338028169014086,0.04225352112676056,0.0,0.0,0.0,0.014084507042253521,0.0,0.04225352112676056,0.04225352112676056,0.09859154929577464,0.0,0.18309859154929578,0.0,0.5211267605633803,0.0,0.7464788732394366,0.2535211267605634,0.027777777777777776,0.0,0.1111111111111111,0.8611111111111112,0.027777777777777776,0.0,0.0,0.0,0.0,0.0,0.0,0.027777777777777776,0.05555555555555555,0.027777777777777776,0.0,0.2222222222222222,0.0,0.6388888888888888,0.0,0.7777777777777778,0.2222222222222222,-0.3641851106639839,-0.5070422535211268,-0.19934994582881904,0.11295774647887324,-0.25704225352112675,-0.5070422535211268,-0.5070422535211268,-0.5070422535211268,-0.5070422535211268,-0.5070422535211268,-0.5070422535211268,-0.17370892018779344,0.15962441314553988,-0.3641851106639839,-0.5070422535211268,0.10834236186348867,-0.5070422535211268,0.11457936810049485,-0.5070422535211268,0.021259633271326073,-0.06259780907668233,-0.024283632831471558,-13
6154b63b-c23c-51c5-8968-ba273cae30b7,Barcelona,music_pop_rock_local,60,31,0.5166666666666667,5497.583333333333,8441.741935483873,3,4,3,0.0,0.0,13.903225806451614,65.32258064516128,45.0,68.27586206896552,0.06666666666666667,0.5,0,0.5510204081632653,0.0,0.2,0.6,0.5652173913043478,0.5384615384615384,0.0,0.0,0.0,0.0,0.0,0.0,0.0,0.25,0.0,0.0,0.0,0.6,0.0,0.5483870967741935,0.4827586206896552,0.8166666666666667,0.016666666666666666,0.08333333333333333,0.08333333333333333,0.38333333333333336,0.43333333333333335,0.0,0.0,0.0,0.016666666666666666,0.0,0.0,0.016666666666666666,0.06666666666666667,0.0,0.0,0.0,0.08333333333333333,0.0,0.5166666666666667,0.48333333333333334,0.8709677419354839,0.0,0.03225806451612903,0.0967741935483871,0.41935483870967744,0.45161290322580644,0.0,0.0,0.0,0.0,0.0,0.0,0.0,0.03225806451612903,0.0,0.0,0.0,0.0967741935483871,0.0,0.5483870967741935,0.45161290322580644,0.03435374149659853,-0.5166666666666667,-0.3166666666666667,0.08333333333333326,0.048550724637681064,0.021794871794871717,-0.5166666666666667,-0.5166666666666667,-0.5166666666666667,-0.5166666666666667,-0.5166666666666667,-0.5166666666666667,-0.5166666666666667,-0.2666666666666667,-0.5166666666666667,-0.5166666666666667,-0.5166666666666667,0.08333333333333326,-0.5166666666666667,0.03172043010752679,-0.033908045977011525,71,40,0.5633802816901409,5698.929577464789,8298.449999999999,3,4,3,0.0,0.0,24.4,65.25,45.0,69.67741935483872,0.07042253521126761,0.6,0,0.5964912280701754,0.0,0.2,0.625,0.6296296296296297,0.5666666666666667,0.0,0.0,0.0,0.0,0.0,0.0,0.0,0.25,0.0,0.0,0.0,0.625,0.0,0.6111111111111112,0.5142857142857142,0.8028169014084507,0.014084507042253521,0.07042253521126761,0.11267605633802817,0.38028169014084506,0.4225352112676056,0.0,0.0,0.0,0.014084507042253521,0.0,0.0,0.014084507042253521,0.056338028169014086,0.0,0.0,0.0,0.11267605633802817,0.0,0.5070422535211268,0.49295774647887325,0.85,0.0,0.025,0.125,0.425,0.425,0.0,0.0,0.0,0.0,0.0,0.0,0.0,0.025,0.0,0.0,0.0,0.125,0.0,0.55,0.45,0.033110946380034534,-0.5633802816901409,-0.36338028169014086,0.06161971830985913,0.06624934793948878,0.00328638497652578,-0.5633802816901409,-0.5633802816901409,-0.5633802816901409,-0.5633802816901409,-0.5633802816901409,-0.5633802816901409,-0.5633802816901409,-0.31338028169014087,-0.5633802816901409,-0.5633802816901409,-0.5633802816901409,0.06161971830985913,-0.5633802816901409,0.04773082942097029,-0.04909456740442664,-0.04671361502347415,-11
627d70a4-949d-5fb4-b859-472d18fd9d74,Madrid,sports_basketball_traveler,39,6,0.15384615384615385,2868.641025641026,8270.5,3,3,2,0.0,0.0,13.166666666666668,75.0,90.0,73.63636363636363,0.07692307692307693,0.0,1,0.18181818181818182,0.0,0.25,0.13043478260869565,1.0,0.0,0.0,0.0,0.0,0.0,0.0,0.0,1.0,0.0,0.0,0.0,0.0,0.13636363636363635,0.0,0.14285714285714285,0.16,0.28205128205128205,0.02564102564102564,0.10256410256410256,0.5897435897435898,0.05128205128205128,0.23076923076923078,0.0,0.0,0.0,0.02564102564102564,0.0,0.0,0.02564102564102564,0.07692307692307693,0.0,0.02564102564102564,0.0,0.5641025641025641,0.0,0.358974358974359,0.6410256410256411,0.3333333333333333,0.0,0.16666666666666666,0.5,0.3333333333333333,0.0,0.0,0.0,0.0,0.0,0.0,0.0,0.16666666666666666,0.0,0.0,0.0,0.0,0.5,0.0,0.3333333333333333,0.6666666666666666,0.02797202797202797,-0.15384615384615385,0.09615384615384615,-0.023411371237458206,0.8461538461538461,-0.15384615384615385,-0.15384615384615385,-0.15384615384615385,-0.15384615384615385,-0.15384615384615385,-0.15384615384615385,-0.15384615384615385,0.8461538461538461,-0.15384615384615385,-0.15384615384615385,-0.15384615384615385,-0.15384615384615385,-0.0174825174825175,-0.15384615384615385,-0.010989010989011005,0.006153846153846149,48,9,0.1875,3031.0000000000005,7922.222222222223,3,5,2,0.0,0.0,25.666666666666668,80.0,90.0,71.53846153846155,0.08333333333333333,0.25,1,0.26666666666666666,0.0,0.4,0.1111111111111111,0.5,0.18181818181818182,0.0,0.0,0.0,0.0,0.0,1.0,1.0,0.0,0.0,0.0,0.0,0.12,0.0,0.1111111111111111,0.23333333333333334,0.3125,0.020833333333333332,0.10416666666666667,0.5625,0.08333333333333333,0.22916666666666666,0.0,0.0,0.0,0.020833333333333332,0.0,0.020833333333333332,0.020833333333333332,0.0625,0.0,0.041666666666666664,0.0,0.5208333333333334,0.0,0.375,0.625,0.4444444444444444,0.0,0.2222222222222222,0.3333333333333333,0.2222222222222222,0.2222222222222222,0.0,0.0,0.0,0.0,0.0,0.1111111111111111,0.1111111111111111,0.0,0.0,0.0,0.0,0.3333333333333333,0.0,0.2222222222222222,0.7777777777777778,0.07916666666666666,-0.1875,0.21250000000000002,-0.0763888888888889,0.3125,-0.005681818181818177,-0.1875,-0.1875,-0.1875,-0.1875,-0.1875,0.8125,0.8125,-0.1875,-0.1875,-0.1875,-0.1875,-0.0675,-0.1875,-0.0763888888888889,0.04583333333333334,-0.033653846153846145,-9
6430cc90-3511-5a5b-9633-3d83cbf36b4f,Valencia,broad_discovery_flexible,68,25,0.36764705882352944,4742.117647058822,8947.200000000003,3,7,7,0.0,0.0,16.320000000000007,64.8,45.0,65.93023255813954,0.20588235294117646,0.2857142857142857,0,0.32,0.0,0.375,0.4230769230769231,0.45454545454545453,0.21428571428571427,0.0,0.0,0.0,0.0,0.0,0.5,0.3333333333333333,0.3333333333333333,0.0,1.0,0.0,0.4,0.0,0.3783783783783784,0.3548387096774194,0.36764705882352944,0.014705882352941176,0.23529411764705882,0.38235294117647056,0.16176470588235295,0.20588235294117646,0.0,0.0,0.0,0.014705882352941176,0.0,0.058823529411764705,0.04411764705882353,0.1323529411764706,0.0,0.014705882352941176,0.0,0.36764705882352944,0.0,0.5441176470588235,0.45588235294117646,0.32,0.0,0.24,0.44,0.2,0.12,0.0,0.0,0.0,0.0,0.0,0.08,0.04,0.12,0.0,0.04,0.0,0.4,0.0,0.56,0.44,-0.04764705882352943,-0.36764705882352944,0.007352941176470562,0.055429864253393635,0.08689839572192509,-0.15336134453781516,-0.36764705882352944,-0.36764705882352944,-0.36764705882352944,-0.36764705882352944,-0.36764705882352944,0.13235294117647056,-0.03431372549019612,-0.03431372549019612,-0.36764705882352944,0.6323529411764706,-0.36764705882352944,0.032352941176470584,-0.36764705882352944,0.010731319554848961,-0.012808349146110065,92,32,0.34782608695652173,4530.108695652174,8652.8125,3,7,7,0.0,0.0,25.343749999999993,64.68749999999999,45.0,65.25000000000001,0.20652173913043478,0.3157894736842105,0,0.34375,0.0,0.3,0.38461538461538464,0.4666666666666667,0.23529411764705882,0.0,0.0,0.0,0.0,0.0,0.4,0.25,0.2727272727272727,0.0,1.0,0.0,0.3684210526315789,0.0,0.35294117647058826,0.34146341463414637,0.34782608695652173,0.010869565217391304,0.21739130434782608,0.42391304347826086,0.16304347826086957,0.18478260869565216,0.0,0.0,0.0,0.010869565217391304,0.0,0.05434782608695652,0.043478260869565216,0.11956521739130435,0.0,0.010869565217391304,0.0,0.41304347826086957,0.0,0.5543478260869565,0.44565217391304346,0.34375,0.0,0.1875,0.46875,0.21875,0.125,0.0,0.0,0.0,0.0,0.0,0.0625,0.03125,0.09375,0.0,0.03125,0.0,0.4375,0.0,0.5625,0.4375,-0.0040760869565217295,-0.34782608695652173,-0.04782608695652174,0.03678929765886291,0.11884057971014494,-0.11253196930946291,-0.34782608695652173,-0.34782608695652173,-0.34782608695652173,-0.34782608695652173,-0.34782608695652173,0.05217391304347829,-0.09782608695652173,-0.07509881422924902,-0.34782608695652173,0.6521739130434783,-0.34782608695652173,0.020594965675057197,-0.34782608695652173,0.005115089514066529,-0.006362672322375362,0.01982097186700771,-24
646f27ff-c393-58c9-ab83-094a4e1e4a72,Jerez de la Frontera,flamenco_world_madrid,61,22,0.36065573770491804,4860.901639344263,9323.636363636362,2,3,5,0.0,0.0,10.954545454545453,77.72727272727272,90.0,63.46153846153846,0.21311475409836064,0.5384615384615384,0,0.46511627906976744,0.0,0.0,0.18181818181818182,0.5625,0.4074074074074074,0.0,0.0,0.0,0.0,0.0,0.0,0.0,0.0,0.0,0.0,0.0,0.2,0.0,0.20689655172413793,0.5,0.7049180327868853,0.01639344262295082,0.09836065573770492,0.18032786885245902,0.26229508196721313,0.4426229508196721,0.0,0.0,0.0,0.01639344262295082,0.0,0.01639344262295082,0.03278688524590164,0.04918032786885246,0.0,0.01639344262295082,0.0,0.16393442622950818,0.0,0.47540983606557374,0.5245901639344263,0.9090909090909091,0.0,0.0,0.09090909090909091,0.4090909090909091,0.5,0.0,0.0,0.0,0.0,0.0,0.0,0.0,0.0,0.0,0.0,0.0,0.09090909090909091,0.0,0.2727272727272727,0.7272727272727273,0.10446054136484939,-0.36065573770491804,-0.36065573770491804,-0.17883755588673622,0.20184426229508196,0.04675166970248934,-0.36065573770491804,-0.36065573770491804,-0.36065573770491804,-0.36065573770491804,-0.36065573770491804,-0.36065573770491804,-0.36065573770491804,-0.36065573770491804,-0.36065573770491804,-0.36065573770491804,-0.36065573770491804,-0.16065573770491803,-0.36065573770491804,-0.15375918598078012,0.13934426229508196,79,33,0.4177215189873418,5178.60759493671,9132.42424242424,2,3,5,0.0,0.0,28.787878787878793,76.81818181818181,90.0,61.630434782608695,0.20253164556962025,0.5625,0,0.5344827586206896,0.0,0.0,0.16666666666666666,0.5909090909090909,0.5,0.0,0.0,0.0,0.0,0.0,0.0,0.0,0.0,0.0,0.0,0.0,0.18181818181818182,1.0,0.21621621621621623,0.5853658536585366,0.7341772151898734,0.012658227848101266,0.10126582278481013,0.1518987341772152,0.27848101265822783,0.45569620253164556,0.0,0.0,0.0,0.012658227848101266,0.0,0.012658227848101266,0.0379746835443038,0.05063291139240506,0.0,0.012658227848101266,0.0,0.13924050632911392,0.012658227848101266,0.46835443037974683,0.5189873417721519,0.9393939393939394,0.0,0.0,0.06060606060606061,0.3939393939393939,0.5454545454545454,0.0,0.0,0.0,0.0,0.0,0.0,0.0,0.0,0.0,0.0,0.0,0.06060606060606061,0.030303030303030304,0.24242424242424243,0.7272727272727273,0.11676123963334784,-0.4177215189873418,-0.4177215189873418,-0.25105485232067515,0.17318757192174916,0.08227848101265822,-0.4177215189873418,-0.4177215189873418,-0.4177215189873418,-0.4177215189873418,-0.4177215189873418,-0.4177215189873418,-0.4177215189873418,-0.4177215189873418,-0.4177215189873418,-0.4177215189873418,-0.4177215189873418,-0.23590333716915995,0.5822784810126582,-0.20150530277112555,0.16764433467119477,-0.05706578128242373,-18
64f92a99-c081-522d-aab7-9f599d2022cf,Madrid,sports_basketball_traveler,48,22,0.4583333333333333,4192.958333333334,7060.999999999998,3,5,4,0.0,0.0,14.454545454545453,79.77272727272728,90.0,69.8076923076923,0.041666666666666664,0.5,2,0.5789473684210527,0.0,0.4,0.375,0.375,0.7272727272727273,0.0,0.0,0.0,0.0,0.0,1.0,0.0,0.3333333333333333,0.0,0.0,0.0,0.375,0.0,0.3333333333333333,0.53125,0.3958333333333333,0.0,0.10416666666666667,0.5,0.16666666666666666,0.22916666666666666,0.0,0.0,0.0,0.0,0.0,0.020833333333333332,0.020833333333333332,0.0625,0.0,0.0,0.0,0.5,0.020833333333333332,0.3125,0.6666666666666666,0.5,0.0,0.09090909090909091,0.4090909090909091,0.13636363636363635,0.36363636363636365,0.0,0.0,0.0,0.0,0.0,0.045454545454545456,0.0,0.045454545454545456,0.0,0.0,0.0,0.4090909090909091,0.0,0.22727272727272727,0.7727272727272727,0.12061403508771934,-0.4583333333333333,-0.05833333333333329,-0.08333333333333331,-0.08333333333333331,0.268939393939394,-0.4583333333333333,-0.4583333333333333,-0.4583333333333333,-0.4583333333333333,-0.4583333333333333,0.5416666666666667,-0.4583333333333333,-0.125,-0.4583333333333333,-0.4583333333333333,-0.4583333333333333,-0.08333333333333331,-0.4583333333333333,-0.125,0.07291666666666669,63,26,0.4126984126984127,3954.3809523809527,6873.923076923077,3,5,4,0.0,0.0,21.26923076923077,79.61538461538463,90.0,67.29729729729729,0.06349206349206349,0.25,2,0.52,0.0,0.25,0.3793103448275862,0.4444444444444444,0.5625,0.0,0.0,0.0,0.0,0.0,1.0,0.0,0.2,0.0,0.0,0.0,0.3793103448275862,0.0,0.2608695652173913,0.5128205128205128,0.3968253968253968,0.015873015873015872,0.12698412698412698,0.4603174603174603,0.14285714285714285,0.25396825396825395,0.0,0.0,0.0,0.015873015873015872,0.0,0.015873015873015872,0.031746031746031744,0.07936507936507936,0.0,0.0,0.0,0.4603174603174603,0.015873015873015872,0.36507936507936506,0.6190476190476191,0.5,0.0,0.07692307692307693,0.4230769230769231,0.15384615384615385,0.34615384615384615,0.0,0.0,0.0,0.0,0.0,0.038461538461538464,0.0,0.038461538461538464,0.0,0.0,0.0,0.4230769230769231,0.0,0.23076923076923078,0.7692307692307693,0.10730158730158734,-0.4126984126984127,-0.16269841269841268,-0.03338806787082649,0.031746031746031744,0.14980158730158732,-0.4126984126984127,-0.4126984126984127,-0.4126984126984127,-0.4126984126984127,-0.4126984126984127,0.5873015873015873,-0.4126984126984127,-0.21269841269841266,-0.4126984126984127,-0.4126984126984127,-0.4126984126984127,-0.03338806787082649,-0.4126984126984127,-0.15182884748102138,0.1001221001221001,0.04563492063492064,-15
653b1111-1063-522f-afb5-048b9e8f2a94,Malaga,flamenco_world_madrid,55,26,0.4727272727272727,5352.109090909091,8819.500000000002,4,6,5,0.0,0.0,13.038461538461538,70.96153846153847,90.0,59.48275862068966,0.2,0.2727272727272727,1,0.6129032258064516,1.0,0.21428571428571427,0.3333333333333333,0.4666666666666667,0.75,0.0,0.0,0.0,1.0,0.0,0.0,0.3333333333333333,0.2857142857142857,0.0,0.0,0.0,0.3333333333333333,0.0,0.3793103448275862,0.6,0.5636363636363636,0.01818181818181818,0.2545454545454545,0.16363636363636364,0.2727272727272727,0.2909090909090909,0.0,0.0,0.0,0.01818181818181818,0.0,0.07272727272727272,0.05454545454545454,0.12727272727272726,0.0,0.0,0.0,0.16363636363636364,0.01818181818181818,0.5272727272727272,0.45454545454545453,0.7307692307692307,0.038461538461538464,0.11538461538461539,0.11538461538461539,0.2692307692307692,0.46153846153846156,0.0,0.0,0.0,0.038461538461538464,0.0,0.0,0.038461538461538464,0.07692307692307693,0.0,0.0,0.0,0.11538461538461539,0.0,0.4230769230769231,0.5769230769230769,0.1401759530791789,0.5272727272727273,-0.25844155844155847,-0.1393939393939394,-0.006060606060606044,0.2772727272727273,-0.4727272727272727,-0.4727272727272727,-0.4727272727272727,0.5272727272727273,-0.4727272727272727,-0.4727272727272727,-0.1393939393939394,-0.18701298701298702,-0.4727272727272727,-0.4727272727272727,-0.4727272727272727,-0.1393939393939394,-0.4727272727272727,-0.09341692789968653,0.12727272727272726,69,31,0.4492753623188406,5042.927536231884,8741.000000000002,4,6,5,0.0,0.0,22.967741935483872,71.12903225806451,90.0,63.1578947368421,0.18840579710144928,0.3076923076923077,1,0.6,1.0,0.2,0.23076923076923078,0.47058823529411764,0.6956521739130435,0.0,0.0,0.0,1.0,0.0,0.0,0.25,0.2857142857142857,0.0,0.0,0.0,0.23076923076923078,0.0,0.38235294117647056,0.5294117647058824,0.5797101449275363,0.014492753623188406,0.21739130434782608,0.18840579710144928,0.2463768115942029,0.3333333333333333,0.0,0.0,0.0,0.014492753623188406,0.0,0.057971014492753624,0.057971014492753624,0.10144927536231885,0.0,0.0,0.0,0.18840579710144928,0.014492753623188406,0.4927536231884058,0.4927536231884058,0.7741935483870968,0.03225806451612903,0.0967741935483871,0.0967741935483871,0.25806451612903225,0.5161290322580645,0.0,0.0,0.0,0.03225806451612903,0.0,0.0,0.03225806451612903,0.06451612903225806,0.0,0.0,0.0,0.0967741935483871,0.0,0.41935483870967744,0.5806451612903226,0.1507246376811594,0.5507246376811594,-0.24927536231884057,-0.2185061315496098,0.021312872975277064,0.24637681159420288,-0.4492753623188406,-0.4492753623188406,-0.4492753623188406,0.5507246376811594,-0.4492753623188406,-0.4492753623188406,-0.19927536231884058,-0.16356107660455488,-0.4492753623188406,-0.4492753623188406,-0.4492753623188406,-0.2185061315496098,-0.4492753623188406,-0.06692242114237001,0.08013640238704178,0.02345191040843214,-14
656094d4-41c9-5842-b345-c5a7093ec7d6,Valencia,family_weekend_exhibition,52,31,0.5961538461538461,5545.365384615385,7945.709677419354,2,3,3,0.0,0.0,14.322580645161294,58.064516129032256,45.0,51.42857142857142,0.1346153846153846,0.2857142857142857,0,0.3333333333333333,0.0,0.0,0.6818181818181818,0.0,1.0,0.0,0.0,0.0,0.0,0.0,0.0,0.0,0.0,0.0,0.9333333333333333,0.0,0.5517241379310345,0.0,0.55,0.75,0.057692307692307696,0.0,0.09615384615384616,0.8461538461538461,0.038461538461538464,0.019230769230769232,0.0,0.0,0.0,0.0,0.0,0.0,0.038461538461538464,0.057692307692307696,0.0,0.28846153846153844,0.0,0.5576923076923077,0.0,0.7692307692307693,0.23076923076923078,0.03225806451612903,0.0,0.0,0.967741935483871,0.0,0.03225806451612903,0.0,0.0,0.0,0.0,0.0,0.0,0.0,0.0,0.0,0.45161290322580644,0.0,0.5161290322580645,0.0,0.7096774193548387,0.2903225806451613,-0.26282051282051283,-0.5961538461538461,-0.5961538461538461,0.08566433566433562,-0.5961538461538461,0.40384615384615385,-0.5961538461538461,-0.5961538461538461,-0.5961538461538461,-0.5961538461538461,-0.5961538461538461,-0.5961538461538461,-0.5961538461538461,-0.5961538461538461,-0.5961538461538461,0.3371794871794872,-0.5961538461538461,-0.04442970822281167,-0.5961538461538461,-0.0461538461538461,0.15384615384615385,66,38,0.5757575757575758,5378.318181818182,7980.526315789472,3,5,3,0.0,0.0,20.999999999999996,59.21052631578948,45.0,51.42857142857143,0.12121212121212122,0.25,0,0.5,0.0,0.16666666666666666,0.6363636363636364,0.3333333333333333,1.0,0.0,0.0,0.0,0.0,0.0,0.0,0.3333333333333333,0.0,0.0,0.8235294117647058,0.0,0.5526315789473685,0.0,0.52,0.75,0.06060606060606061,0.015151515151515152,0.09090909090909091,0.8333333333333334,0.045454545454545456,0.015151515151515152,0.0,0.0,0.0,0.015151515151515152,0.0,0.0,0.045454545454545456,0.045454545454545456,0.0,0.25757575757575757,0.0,0.5757575757575758,0.0,0.7575757575757576,0.24242424242424243,0.05263157894736842,0.0,0.02631578947368421,0.9210526315789473,0.02631578947368421,0.02631578947368421,0.0,0.0,0.0,0.0,0.0,0.0,0.02631578947368421,0.0,0.0,0.3684210526315789,0.0,0.5526315789473685,0.0,0.6842105263157895,0.3157894736842105,-0.0757575757575758,-0.5757575757575758,-0.40909090909090917,0.06060606060606055,-0.2424242424242425,0.4242424242424242,-0.5757575757575758,-0.5757575757575758,-0.5757575757575758,-0.5757575757575758,-0.5757575757575758,-0.5757575757575758,-0.2424242424242425,-0.5757575757575758,-0.5757575757575758,0.24777183600713004,-0.5757575757575758,-0.023125996810207328,-0.5757575757575758,-0.055757575757575784,0.1742424242424242,0.020396270396270344,-14
682dadde-be4c-54fd-97af-de6b155e2728,Palma de Mallorca,sports_basketball_traveler,37,9,0.24324324324324326,3254.162162162162,7048.666666666666,2,3,3,0.0,0.0,11.88888888888889,75.0,90.0,62.67857142857143,0.02702702702702703,0.0,0,0.21428571428571427,0.0,0.0,0.3157894736842105,0.16666666666666666,0.25,0.0,0.0,0.0,0.0,0.0,0.0,0.0,0.0,0.0,0.0,0.0,0.3333333333333333,0.0,0.15,0.35294117647058826,0.3783783783783784,0.02702702702702703,0.08108108108108109,0.5135135135135135,0.16216216216216217,0.21621621621621623,0.0,0.0,0.0,0.02702702702702703,0.0,0.0,0.02702702702702703,0.05405405405405406,0.0,0.02702702702702703,0.0,0.4864864864864865,0.0,0.5405405405405406,0.4594594594594595,0.3333333333333333,0.0,0.0,0.6666666666666666,0.1111111111111111,0.2222222222222222,0.0,0.0,0.0,0.0,0.0,0.0,0.0,0.0,0.0,0.0,0.0,0.6666666666666666,0.0,0.3333333333333333,0.6666666666666666,-0.028957528957528983,-0.24324324324324326,-0.24324324324324326,0.07254623044096725,-0.0765765765765766,0.006756756756756743,-0.24324324324324326,-0.24324324324324326,-0.24324324324324326,-0.24324324324324326,-0.24324324324324326,-0.24324324324324326,-0.24324324324324326,-0.24324324324324326,-0.24324324324324326,-0.24324324324324326,-0.24324324324324326,0.09009009009009006,-0.24324324324324326,-0.09324324324324326,0.109697933227345,45,11,0.24444444444444444,3229.0666666666675,6988.181818181818,2,3,3,0.0,0.0,21.272727272727273,77.72727272727273,90.0,63.529411764705884,0.022222222222222223,0.0,0,0.21052631578947367,0.0,0.0,0.3181818181818182,0.2,0.2222222222222222,0.0,0.0,0.0,0.0,0.0,0.0,0.0,0.0,0.0,0.0,0.0,0.3333333333333333,0.0,0.13043478260869565,0.36363636363636365,0.4222222222222222,0.022222222222222223,0.06666666666666667,0.4888888888888889,0.2222222222222222,0.2,0.0,0.0,0.0,0.022222222222222223,0.0,0.0,0.022222222222222223,0.044444444444444446,0.0,0.022222222222222223,0.0,0.4666666666666667,0.0,0.5111111111111111,0.4888888888888889,0.36363636363636365,0.0,0.0,0.6363636363636364,0.18181818181818182,0.18181818181818182,0.0,0.0,0.0,0.0,0.0,0.0,0.0,0.0,0.0,0.0,0.0,0.6363636363636364,0.0,0.2727272727272727,0.7272727272727273,-0.033918128654970764,-0.24444444444444444,-0.24444444444444444,0.07373737373737374,-0.044444444444444425,-0.022222222222222227,-0.24444444444444444,-0.24444444444444444,-0.24444444444444444,-0.24444444444444444,-0.24444444444444444,-0.24444444444444444,-0.24444444444444444,-0.24444444444444444,-0.24444444444444444,-0.24444444444444444,-0.24444444444444444,0.08888888888888888,-0.24444444444444444,-0.11400966183574879,0.11919191919191921,-0.0012012012012011797,-8
6b84e018-e4b0-573c-b685-9d9ba191efda,Barcelona,broad_discovery_flexible,64,22,0.34375,4652.328125000001,9156.863636363636,3,5,4,0.0,0.0,12.181818181818182,65.45454545454545,45.0,60.00000000000001,0.171875,0.18181818181818182,0,0.42105263157894735,0.0,0.1,0.38235294117647056,0.5555555555555556,0.3,0.0,0.0,0.0,0.0,0.0,0.0,0.0,0.3333333333333333,0.0,0.5,0.0,0.36666666666666664,0.0,0.3,0.4166666666666667,0.296875,0.015625,0.15625,0.53125,0.140625,0.15625,0.0,0.0,0.0,0.015625,0.0,0.0625,0.046875,0.046875,0.0,0.0625,0.0,0.46875,0.0,0.625,0.375,0.36363636363636365,0.0,0.045454545454545456,0.5909090909090909,0.22727272727272727,0.13636363636363635,0.0,0.0,0.0,0.0,0.0,0.0,0.0,0.045454545454545456,0.0,0.09090909090909091,0.0,0.5,0.0,0.5454545454545454,0.45454545454545453,0.07730263157894735,-0.34375,-0.24375,0.03860294117647056,0.21180555555555558,-0.04375000000000001,-0.34375,-0.34375,-0.34375,-0.34375,-0.34375,-0.34375,-0.34375,-0.010416666666666685,-0.34375,0.15625,-0.34375,0.02291666666666664,-0.34375,-0.04375000000000001,0.07291666666666669,83,31,0.37349397590361444,4936.831325301207,9442.51612903226,3,5,4,0.0,0.0,26.516129032258064,63.870967741935495,45.0,59.13461538461538,0.1686746987951807,0.2857142857142857,0,0.44,0.0,0.07692307692307693,0.4318181818181818,0.5833333333333334,0.3076923076923077,0.0,0.0,0.0,0.0,0.0,0.0,0.0,0.25,0.0,0.5,0.0,0.425,0.0,0.34615384615384615,0.43333333333333335,0.30120481927710846,0.012048192771084338,0.1566265060240964,0.5301204819277109,0.14457831325301204,0.1566265060240964,0.0,0.0,0.0,0.012048192771084338,0.0,0.07228915662650602,0.03614457831325301,0.04819277108433735,0.0,0.04819277108433735,0.0,0.4819277108433735,0.012048192771084338,0.6265060240963856,0.3614457831325301,0.3548387096774194,0.0,0.03225806451612903,0.6129032258064516,0.22580645161290322,0.12903225806451613,0.0,0.0,0.0,0.0,0.0,0.0,0.0,0.03225806451612903,0.0,0.06451612903225806,0.0,0.5483870967741935,0.0,0.5806451612903226,0.41935483870967744,0.06650602409638556,-0.37349397590361444,-0.2965708989805375,0.058324205914567384,0.20983935742971893,-0.06580166821130673,-0.37349397590361444,-0.37349397590361444,-0.37349397590361444,-0.37349397590361444,-0.37349397590361444,-0.37349397590361444,-0.37349397590361444,-0.12349397590361444,-0.37349397590361444,0.12650602409638556,-0.37349397590361444,0.05150602409638555,-0.37349397590361444,-0.027340129749768294,0.05983935742971891,-0.02974397590361444,-19
6ddd35ca-6aa5-5134-912e-3e01d97421cf,Malaga,flamenco_world_madrid,61,25,0.4098360655737705,4823.278688524589,8575.760000000002,2,3,4,0.0,0.0,14.639999999999999,80.99999999999999,90.0,67.91666666666666,0.22950819672131148,0.6428571428571429,0,0.5227272727272727,0.0,0.0,0.16666666666666666,0.4,0.5862068965517241,0.0,0.0,0.0,0.0,0.0,0.0,0.0,0.0,0.0,0.0,0.0,0.16666666666666666,0.0,0.23809523809523808,0.5128205128205128,0.7213114754098361,0.01639344262295082,0.06557377049180328,0.19672131147540983,0.2459016393442623,0.47540983606557374,0.0,0.0,0.0,0.01639344262295082,0.0,0.01639344262295082,0.0,0.04918032786885246,0.0,0.0,0.0,0.19672131147540983,0.01639344262295082,0.3442622950819672,0.639344262295082,0.92,0.0,0.0,0.08,0.24,0.68,0.0,0.0,0.0,0.0,0.0,0.0,0.0,0.0,0.0,0.0,0.0,0.08,0.0,0.2,0.8,0.1128912071535022,-0.4098360655737705,-0.4098360655737705,-0.24316939890710385,-0.00983606557377048,0.17637083097795359,-0.4098360655737705,-0.4098360655737705,-0.4098360655737705,-0.4098360655737705,-0.4098360655737705,-0.4098360655737705,-0.4098360655737705,-0.4098360655737705,-0.4098360655737705,-0.4098360655737705,-0.4098360655737705,-0.24316939890710385,-0.4098360655737705,-0.17174082747853242,0.10298444724674227,75,29,0.38666666666666666,4724.453333333334,8674.58620689655,3,4,4,0.0,0.0,23.448275862068964,82.24137931034483,90.0,68.80434782608695,0.2,0.6,0,0.52,0.0,0.09090909090909091,0.15384615384615385,0.375,0.5882352941176471,0.0,0.0,0.0,0.0,0.0,0.2,0.0,0.0,0.0,0.0,0.0,0.15384615384615385,0.0,0.2,0.4897959183673469,0.6666666666666666,0.013333333333333334,0.14666666666666667,0.17333333333333334,0.21333333333333335,0.4533333333333333,0.0,0.0,0.0,0.013333333333333334,0.0,0.06666666666666667,0.013333333333333334,0.06666666666666667,0.0,0.0,0.0,0.17333333333333334,0.013333333333333334,0.3333333333333333,0.6533333333333333,0.896551724137931,0.0,0.034482758620689655,0.06896551724137931,0.20689655172413793,0.6896551724137931,0.0,0.0,0.0,0.0,0.0,0.034482758620689655,0.0,0.0,0.0,0.0,0.0,0.06896551724137931,0.0,0.1724137931034483,0.8275862068965517,0.13333333333333336,-0.38666666666666666,-0.2957575757575758,-0.2328205128205128,-0.011666666666666659,0.20156862745098042,-0.38666666666666666,-0.38666666666666666,-0.38666666666666666,-0.38666666666666666,-0.38666666666666666,-0.18666666666666665,-0.38666666666666666,-0.38666666666666666,-0.38666666666666666,-0.38666666666666666,-0.38666666666666666,-0.2328205128205128,-0.38666666666666666,-0.18666666666666665,0.10312925170068027,0.023169398907103844,-14
6f9a5778-56e6-5c0f-b1b3-62c8b94eb0e4,Madrid,family_weekend_exhibition,49,31,0.6326530612244898,5897.877551020407,8228.935483870968,2,4,3,0.0,0.0,11.516129032258064,46.45161290322581,45.0,55.833333333333336,0.12244897959183673,0.16666666666666666,0,0.0,0.0,0.7272727272727273,0.696969696969697,0.0,0.0,0.0,0.0,0.0,0.0,0.0,0.0,1.0,0.5714285714285714,0.0,0.7,0.0,0.6956521739130435,0.0,0.7142857142857143,0.16666666666666666,0.10204081632653061,0.0,0.22448979591836735,0.673469387755102,0.04081632653061224,0.061224489795918366,0.0,0.0,0.0,0.0,0.0,0.0,0.08163265306122448,0.14285714285714285,0.0,0.20408163265306123,0.0,0.46938775510204084,0.02040816326530612,0.8571428571428571,0.12244897959183673,0.0,0.0,0.25806451612903225,0.7419354838709677,0.0,0.0,0.0,0.0,0.0,0.0,0.0,0.0,0.12903225806451613,0.12903225806451613,0.0,0.22580645161290322,0.0,0.5161290322580645,0.0,0.967741935483871,0.03225806451612903,-0.6326530612244898,-0.6326530612244898,0.09461966604823746,0.06431663574520718,-0.6326530612244898,-0.6326530612244898,-0.6326530612244898,-0.6326530612244898,-0.6326530612244898,-0.6326530612244898,-0.6326530612244898,-0.6326530612244898,0.36734693877551017,-0.061224489795918435,-0.6326530612244898,0.06734693877551012,-0.6326530612244898,0.06299911268855363,-0.6326530612244898,0.08163265306122447,-0.4659863945578232,63,41,0.6507936507936508,6307.5555555555575,8599.829268292682,3,5,4,0.0,0.0,24.926829268292682,46.097560975609746,45.0,55.90909090909091,0.1111111111111111,0.2857142857142857,0,0.0,1.0,0.6428571428571429,0.7209302325581395,0.0,0.0,0.0,0.0,0.0,1.0,0.0,0.0,1.0,0.5555555555555556,0.0,0.6666666666666666,0.0,0.7419354838709677,0.0,0.7272727272727273,0.14285714285714285,0.07936507936507936,0.015873015873015872,0.2222222222222222,0.6825396825396826,0.031746031746031744,0.047619047619047616,0.0,0.0,0.0,0.015873015873015872,0.0,0.015873015873015872,0.06349206349206349,0.14285714285714285,0.0,0.19047619047619047,0.0,0.49206349206349204,0.015873015873015872,0.873015873015873,0.1111111111111111,0.0,0.024390243902439025,0.21951219512195122,0.7560975609756098,0.0,0.0,0.0,0.0,0.0,0.024390243902439025,0.0,0.0,0.0975609756097561,0.12195121951219512,0.0,0.1951219512195122,0.0,0.5609756097560976,0.0,0.975609756097561,0.024390243902439025,-0.6507936507936508,0.3492063492063492,-0.007936507936507908,0.07013658176448867,-0.6507936507936508,-0.6507936507936508,-0.6507936507936508,-0.6507936507936508,-0.6507936507936508,0.3492063492063492,-0.6507936507936508,-0.6507936507936508,0.3492063492063492,-0.09523809523809523,-0.6507936507936508,0.015873015873015817,-0.6507936507936508,0.09114183307731694,-0.6507936507936508,0.07647907647907648,-0.5079365079365079,-0.01814058956916098,-14
71be7efe-ca62-580d-86a8-2701184e4fc8,Madrid,culture_theatre_explorer,58,29,0.5,5102.810344827587,8133.965517241379,3,6,3,0.0,0.0,13.0,54.310344827586206,45.0,62.06896551724138,0.2413793103448276,0.7857142857142857,0,0.25,0.0,0.5555555555555556,0.5384615384615384,0.25,0.25,0.0,0.0,0.0,0.0,0.0,0.5,0.5454545454545454,0.6,0.0,0.0,0.0,0.5384615384615384,0.0,0.5609756097560976,0.35294117647058826,0.13793103448275862,0.017241379310344827,0.6206896551724138,0.22413793103448276,0.06896551724137931,0.06896551724137931,0.0,0.0,0.0,0.017241379310344827,0.0,0.1724137931034483,0.1896551724137931,0.25862068965517243,0.0,0.0,0.0,0.22413793103448276,0.0,0.7068965517241379,0.29310344827586204,0.06896551724137931,0.0,0.6896551724137931,0.2413793103448276,0.034482758620689655,0.034482758620689655,0.0,0.0,0.0,0.0,0.0,0.1724137931034483,0.20689655172413793,0.3103448275862069,0.0,0.0,0.0,0.2413793103448276,0.0,0.7931034482758621,0.20689655172413793,-0.25,-0.5,0.05555555555555558,0.038461538461538436,-0.25,-0.25,-0.5,-0.5,-0.5,-0.5,-0.5,0.0,0.045454545454545414,0.09999999999999998,-0.5,-0.5,-0.5,0.038461538461538436,-0.5,0.060975609756097615,-0.14705882352941174,62,31,0.5,5050.82258064516,8064.129032258064,3,6,3,0.0,0.0,16.83870967741936,53.70967741935484,45.0,62.41935483870967,0.24193548387096775,0.7333333333333333,0,0.25,0.0,0.5789473684210527,0.4666666666666667,0.25,0.25,0.0,0.0,0.0,0.0,0.0,0.5,0.5454545454545454,0.6470588235294118,0.0,0.0,0.0,0.4666666666666667,0.0,0.5681818181818182,0.3333333333333333,0.12903225806451613,0.016129032258064516,0.6129032258064516,0.24193548387096775,0.06451612903225806,0.06451612903225806,0.0,0.0,0.0,0.016129032258064516,0.0,0.16129032258064516,0.1774193548387097,0.27419354838709675,0.0,0.0,0.0,0.24193548387096775,0.0,0.7096774193548387,0.2903225806451613,0.06451612903225806,0.0,0.7096774193548387,0.22580645161290322,0.03225806451612903,0.03225806451612903,0.0,0.0,0.0,0.0,0.0,0.16129032258064516,0.1935483870967742,0.3548387096774194,0.0,0.0,0.0,0.22580645161290322,0.0,0.8064516129032258,0.1935483870967742,-0.25,-0.5,0.07894736842105265,-0.033333333333333326,-0.25,-0.25,-0.5,-0.5,-0.5,-0.5,-0.5,0.0,0.045454545454545414,0.1470588235294118,-0.5,-0.5,-0.5,-0.033333333333333326,-0.5,0.06818181818181823,-0.16666666666666669,0.0,-4
73ec871e-0cfc-51bc-8d40-bc88d29feaa4,Barcelona,broad_discovery_flexible,69,25,0.36231884057971014,4411.565217391303,8291.720000000001,3,7,4,0.0,0.0,15.28,67.2,90.0,64.43181818181817,0.11594202898550725,0.5,0,0.35,0.0,0.3888888888888889,0.3548387096774194,0.3333333333333333,0.35714285714285715,0.0,0.0,0.0,0.0,0.0,0.3333333333333333,1.0,0.25,0.0,1.0,0.0,0.3333333333333333,1.0,0.3055555555555556,0.40625,0.2898550724637681,0.0,0.2608695652173913,0.4492753623188406,0.08695652173913043,0.2028985507246377,0.0,0.0,0.0,0.0,0.0,0.043478260869565216,0.043478260869565216,0.17391304347826086,0.0,0.014492753623188406,0.0,0.43478260869565216,0.014492753623188406,0.5217391304347826,0.463768115942029,0.28,0.0,0.28,0.44,0.08,0.2,0.0,0.0,0.0,0.0,0.0,0.04,0.12,0.12,0.0,0.04,0.0,0.4,0.04,0.44,0.52,-0.012318840579710166,-0.36231884057971014,0.02657004830917875,-0.007480130902290771,-0.02898550724637683,-0.005175983436852993,-0.36231884057971014,-0.36231884057971014,-0.36231884057971014,-0.36231884057971014,-0.36231884057971014,-0.02898550724637683,0.6376811594202898,-0.11231884057971014,-0.36231884057971014,0.6376811594202898,-0.36231884057971014,-0.02898550724637683,0.6376811594202898,-0.056763285024154564,0.043931159420289856,94,37,0.39361702127659576,4728.031914893618,8471.081081081078,4,8,5,0.0,0.0,31.702702702702705,67.2972972972973,90.0,65.52631578947368,0.11702127659574468,0.45454545454545453,0,0.3125,1.0,0.4,0.43902439024390244,0.3333333333333333,0.30434782608695654,0.0,0.0,0.0,1.0,0.0,0.3333333333333333,1.0,0.2857142857142857,0.0,1.0,0.0,0.41025641025641024,1.0,0.3541666666666667,0.4222222222222222,0.3404255319148936,0.010638297872340425,0.2127659574468085,0.43617021276595747,0.09574468085106383,0.24468085106382978,0.0,0.0,0.0,0.010638297872340425,0.0,0.031914893617021274,0.031914893617021274,0.14893617021276595,0.0,0.02127659574468085,0.0,0.4148936170212766,0.010638297872340425,0.5106382978723404,0.4787234042553192,0.2702702702702703,0.02702702702702703,0.21621621621621623,0.4864864864864865,0.08108108108108109,0.1891891891891892,0.0,0.0,0.0,0.02702702702702703,0.0,0.02702702702702703,0.08108108108108109,0.10810810810810811,0.0,0.05405405405405406,0.0,0.43243243243243246,0.02702702702702703,0.4594594594594595,0.5135135135135135,-0.08111702127659576,0.6063829787234043,0.0063829787234042645,0.04540736896730668,-0.06028368794326244,-0.08926919518963922,-0.39361702127659576,-0.39361702127659576,-0.39361702127659576,0.6063829787234043,-0.39361702127659576,-0.06028368794326244,0.6063829787234043,-0.10790273556231006,-0.39361702127659576,0.6063829787234043,-0.39361702127659576,0.016639388979814485,0.6063829787234043,-0.03945035460992907,0.028605200945626463,-0.031298180696885614,-25
76027228-5ec4-577d-9a2b-1f9877fc07cf,Barcelona,music_pop_rock_local,52,28,0.5384615384615384,5634.711538461537,8562.5,3,4,5,0.0,0.0,14.892857142857142,70.71428571428571,90.0,69.375,0.1346153846153846,0.42857142857142855,1,0.5641025641025641,1.0,0.7142857142857143,0.0,0.47058823529411764,0.6363636363636364,0.0,0.0,0.0,1.0,0.0,0.0,0.0,0.7142857142857143,0.0,0.0,0.0,0.0,0.0,0.5217391304347826,0.5517241379310345,0.75,0.019230769230769232,0.1346153846153846,0.09615384615384616,0.3269230769230769,0.4230769230769231,0.0,0.0,0.0,0.019230769230769232,0.0,0.0,0.0,0.1346153846153846,0.0,0.0,0.0,0.09615384615384616,0.0,0.4423076923076923,0.5576923076923077,0.7857142857142857,0.03571428571428571,0.17857142857142858,0.0,0.2857142857142857,0.5,0.0,0.0,0.0,0.03571428571428571,0.0,0.0,0.0,0.17857142857142858,0.0,0.0,0.0,0.0,0.0,0.42857142857142855,0.5714285714285714,0.02564102564102566,0.46153846153846156,0.17582417582417587,-0.5384615384615384,-0.0678733031674208,0.09790209790209792,-0.5384615384615384,-0.5384615384615384,-0.5384615384615384,0.46153846153846156,-0.5384615384615384,-0.5384615384615384,-0.5384615384615384,0.17582417582417587,-0.5384615384615384,-0.5384615384615384,-0.5384615384615384,-0.5384615384615384,-0.5384615384615384,-0.01672240802675584,0.01326259946949604,69,35,0.5072463768115942,5355.536231884059,8370.457142857142,4,5,5,0.0,0.0,24.971428571428564,72.00000000000001,90.0,67.5,0.11594202898550725,0.375,1,0.5510204081632653,1.0,0.5555555555555556,0.2,0.4782608695652174,0.6153846153846154,0.0,0.0,0.0,1.0,0.0,0.0,0.0,0.625,0.0,0.0,0.0,0.2,0.0,0.45161290322580644,0.5526315789473685,0.7101449275362319,0.014492753623188406,0.13043478260869565,0.14492753623188406,0.3333333333333333,0.37681159420289856,0.0,0.0,0.0,0.014492753623188406,0.0,0.0,0.014492753623188406,0.11594202898550725,0.0,0.0,0.0,0.14492753623188406,0.0,0.4492753623188406,0.5507246376811594,0.7714285714285715,0.02857142857142857,0.14285714285714285,0.05714285714285714,0.3142857142857143,0.45714285714285713,0.0,0.0,0.0,0.02857142857142857,0.0,0.0,0.0,0.14285714285714285,0.0,0.0,0.0,0.05714285714285714,0.0,0.4,0.6,0.04377403135167102,0.49275362318840576,0.048309178743961345,-0.3072463768115942,-0.02898550724637683,0.10813823857302118,-0.5072463768115942,-0.5072463768115942,-0.5072463768115942,0.49275362318840576,-0.5072463768115942,-0.5072463768115942,-0.5072463768115942,0.11775362318840576,-0.5072463768115942,-0.5072463768115942,-0.5072463768115942,-0.3072463768115942,-0.5072463768115942,-0.055633473585787796,0.04538520213577424,0.0312151616499442,-17
763cb76b-376a-50ae-9c6e-441b1c183fda,Madrid,family_weekend_exhibition,56,35,0.625,5495.857142857142,7673.82857142857,3,6,4,0.0,0.0,14.857142857142856,50.142857142857146,45.0,60.0,0.07142857142857142,0.25,0,0.0,1.0,0.5,0.6382978723404256,0.0,0.0,0.0,0.0,0.0,1.0,0.0,1.0,1.0,0.3333333333333333,0.0,0.8333333333333334,0.0,0.5714285714285714,0.0,0.6888888888888889,0.36363636363636365,0.0,0.017857142857142856,0.14285714285714285,0.8392857142857143,0.0,0.0,0.0,0.0,0.0,0.017857142857142856,0.0,0.017857142857142856,0.017857142857142856,0.10714285714285714,0.0,0.21428571428571427,0.0,0.625,0.0,0.8035714285714286,0.19642857142857142,0.0,0.02857142857142857,0.11428571428571428,0.8571428571428571,0.0,0.0,0.0,0.0,0.0,0.02857142857142857,0.0,0.02857142857142857,0.02857142857142857,0.05714285714285714,0.0,0.2857142857142857,0.0,0.5714285714285714,0.0,0.8857142857142857,0.11428571428571428,-0.625,0.375,-0.125,0.013297872340425565,-0.625,-0.625,-0.625,-0.625,-0.625,0.375,-0.625,0.375,0.375,-0.2916666666666667,-0.625,0.20833333333333337,-0.625,-0.0535714285714286,-0.625,0.06388888888888888,-0.26136363636363635,74,45,0.6081081081081081,5478.0270270270275,7705.977777777775,4,7,4,0.0,0.0,23.955555555555552,50.00000000000001,45.0,60.51724137931035,0.06756756756756757,0.4,0,0.6666666666666666,1.0,0.42857142857142855,0.6428571428571429,1.0,0.0,0.0,0.0,0.0,1.0,0.0,0.5,1.0,0.2222222222222222,0.0,0.8461538461538461,0.0,0.5813953488372093,0.0,0.6779661016949152,0.3333333333333333,0.04054054054054054,0.013513513513513514,0.1891891891891892,0.7567567567567568,0.02702702702702703,0.013513513513513514,0.0,0.0,0.0,0.013513513513513514,0.0,0.02702702702702703,0.04054054054054054,0.12162162162162163,0.0,0.17567567567567569,0.0,0.581081081081081,0.0,0.7972972972972973,0.20270270270270271,0.044444444444444446,0.022222222222222223,0.13333333333333333,0.8,0.044444444444444446,0.0,0.0,0.0,0.0,0.022222222222222223,0.0,0.022222222222222223,0.06666666666666667,0.044444444444444446,0.0,0.24444444444444444,0.0,0.5555555555555556,0.0,0.8888888888888888,0.1111111111111111,0.058558558558558516,0.3918918918918919,-0.17953667953667957,0.03474903474903479,0.3918918918918919,-0.6081081081081081,-0.6081081081081081,-0.6081081081081081,-0.6081081081081081,0.3918918918918919,-0.6081081081081081,-0.10810810810810811,0.3918918918918919,-0.3858858858858859,-0.6081081081081081,0.23804573804573803,-0.6081081081081081,-0.026712759270898778,-0.6081081081081081,0.06985799358680711,-0.2747747747747748,0.016891891891891886,-18
76d4bbf8-f5e8-55d1-9ea4-c97e7760ee65,Madrid,family_weekend_exhibition,54,32,0.5925925925925926,5140.740740740742,7525.125,4,6,4,0.0,0.0,13.156250000000002,56.25,45.0,61.36363636363637,0.12962962962962962,0.42857142857142855,0,0.5,1.0,0.8,0.5681818181818182,0.0,0.5,0.0,0.0,0.0,1.0,0.0,0.0,1.0,1.0,0.0,0.5833333333333334,0.0,0.5625,0.0,0.631578947368421,0.5,0.07407407407407407,0.018518518518518517,0.09259259259259259,0.8148148148148148,0.0,0.07407407407407407,0.0,0.0,0.0,0.018518518518518517,0.0,0.018518518518518517,0.05555555555555555,0.018518518518518517,0.0,0.2222222222222222,0.0,0.5925925925925926,0.0,0.7037037037037037,0.2962962962962963,0.0625,0.03125,0.125,0.78125,0.0,0.0625,0.0,0.0,0.0,0.03125,0.0,0.0,0.09375,0.03125,0.0,0.21875,0.0,0.5625,0.0,0.75,0.25,-0.09259259259259256,0.40740740740740744,0.20740740740740748,-0.024410774410774327,-0.5925925925925926,-0.09259259259259256,-0.5925925925925926,-0.5925925925925926,-0.5925925925925926,0.40740740740740744,-0.5925925925925926,-0.5925925925925926,0.40740740740740744,0.40740740740740744,-0.5925925925925926,-0.00925925925925919,-0.5925925925925926,-0.03009259259259256,-0.5925925925925926,0.03898635477582846,-0.09259259259259256,71,41,0.5774647887323944,5242.845070422535,7776.8536585365855,4,7,4,0.0,0.0,23.14634146341463,54.8780487804878,45.0,58.5,0.09859154929577464,0.42857142857142855,0,0.6666666666666666,1.0,0.75,0.5357142857142857,1.0,0.6,0.0,0.0,0.0,1.0,0.0,0.0,1.0,0.6666666666666666,0.0,0.5625,0.0,0.525,0.0,0.6037735849056604,0.5,0.08450704225352113,0.014084507042253521,0.11267605633802817,0.7887323943661971,0.014084507042253521,0.07042253521126761,0.0,0.0,0.0,0.014084507042253521,0.0,0.014084507042253521,0.056338028169014086,0.04225352112676056,0.0,0.22535211267605634,0.0,0.5633802816901409,0.0,0.7464788732394366,0.2535211267605634,0.0975609756097561,0.024390243902439025,0.14634146341463414,0.7317073170731707,0.024390243902439025,0.07317073170731707,0.0,0.0,0.0,0.024390243902439025,0.0,0.0,0.0975609756097561,0.04878048780487805,0.0,0.21951219512195122,0.0,0.5121951219512195,0.0,0.7804878048780488,0.21951219512195122,0.08920187793427226,0.4225352112676056,0.17253521126760563,-0.041750503018108676,0.4225352112676056,0.022535211267605604,-0.5774647887323944,-0.5774647887323944,-0.5774647887323944,0.4225352112676056,-0.5774647887323944,-0.5774647887323944,0.4225352112676056,0.08920187793427226,-0.5774647887323944,-0.014964788732394374,-0.5774647887323944,-0.05246478873239435,-0.5774647887323944,0.02630879617326598,-0.07746478873239437,0.015127803860198186,-17
78c603cb-d3c2-5bec-acae-9e8715f17d97,Barcelona,family_weekend_exhibition,61,37,0.6065573770491803,5880.081967213115,8287.486486486487,3,5,4,0.0,0.0,13.45945945945946,53.513513513513516,45.0,60.00000000000001,0.09836065573770492,0.6666666666666666,0,0.3333333333333333,0.0,0.3,0.7272727272727273,0.3333333333333333,0.3333333333333333,0.0,0.0,0.0,0.0,0.0,0.0,0.0,0.42857142857142855,0.0,0.8,0.0,0.6896551724137931,0.0,0.6521739130434783,0.4666666666666667,0.09836065573770492,0.01639344262295082,0.16393442622950818,0.7213114754098361,0.04918032786885246,0.04918032786885246,0.0,0.0,0.0,0.01639344262295082,0.0,0.01639344262295082,0.03278688524590164,0.11475409836065574,0.0,0.2459016393442623,0.0,0.47540983606557374,0.0,0.7540983606557377,0.2459016393442623,0.05405405405405406,0.0,0.08108108108108109,0.8648648648648649,0.02702702702702703,0.02702702702702703,0.0,0.0,0.0,0.0,0.0,0.0,0.0,0.08108108108108109,0.0,0.32432432432432434,0.0,0.5405405405405406,0.0,0.8108108108108109,0.1891891891891892,-0.273224043715847,-0.6065573770491803,-0.30655737704918035,0.12071535022354696,-0.273224043715847,-0.273224043715847,-0.6065573770491803,-0.6065573770491803,-0.6065573770491803,-0.6065573770491803,-0.6065573770491803,-0.6065573770491803,-0.6065573770491803,-0.1779859484777518,-0.6065573770491803,0.1934426229508197,-0.6065573770491803,0.08309779536461281,-0.6065573770491803,0.045616535994297935,-0.13989071038251366,81,46,0.5679012345679012,5680.395061728395,8436.34782608696,3,6,4,0.0,0.0,22.58695652173912,55.76086956521739,45.0,57.85714285714286,0.1111111111111111,0.4444444444444444,0,0.3333333333333333,0.0,0.3076923076923077,0.6724137931034483,0.2,0.5,0.0,0.0,0.0,0.0,0.0,0.3333333333333333,0.0,0.42857142857142855,0.0,0.7058823529411765,0.0,0.6585365853658537,0.0,0.5833333333333334,0.5238095238095238,0.1111111111111111,0.012345679012345678,0.16049382716049382,0.7160493827160493,0.06172839506172839,0.04938271604938271,0.0,0.0,0.0,0.012345679012345678,0.0,0.037037037037037035,0.037037037037037035,0.08641975308641975,0.0,0.20987654320987653,0.0,0.5061728395061729,0.0,0.7407407407407407,0.25925925925925924,0.06521739130434782,0.0,0.08695652173913043,0.8478260869565217,0.021739130434782608,0.043478260869565216,0.0,0.0,0.0,0.0,0.0,0.021739130434782608,0.0,0.06521739130434782,0.0,0.2608695652173913,0.0,0.5869565217391305,0.0,0.7608695652173914,0.2391304347826087,-0.2345679012345679,-0.5679012345679012,-0.2602089268755935,0.10451255853554708,-0.3679012345679012,-0.0679012345679012,-0.5679012345679012,-0.5679012345679012,-0.5679012345679012,-0.5679012345679012,-0.5679012345679012,-0.2345679012345679,-0.5679012345679012,-0.13932980599647266,-0.5679012345679012,0.1379811183732753,-0.5679012345679012,0.09063535079795249,-0.5679012345679012,0.015432098765432167,-0.04409171075837737,0.03865614248127913,-20
7911cac4-ecdf-569d-af81-7bfacb92ff0a,Barcelona,family_weekend_exhibition,43,29,0.6744186046511628,5743.023255813954,7394.482758620689,3,6,3,0.0,0.0,12.96551724137931,62.06896551724139,45.0,57.857142857142854,0.09302325581395349,0.5,0,0.5,0.0,0.7142857142857143,0.6764705882352942,0.5,0.0,0.0,0.0,0.0,0.0,0.0,1.0,0.6666666666666666,0.6666666666666666,0.0,0.5714285714285714,0.0,0.7037037037037037,0.0,0.6428571428571429,0.7333333333333333,0.046511627906976744,0.0,0.16279069767441862,0.7906976744186046,0.046511627906976744,0.0,0.0,0.0,0.0,0.0,0.0,0.023255813953488372,0.06976744186046512,0.06976744186046512,0.0,0.16279069767441862,0.0,0.627906976744186,0.0,0.6511627906976745,0.3488372093023256,0.034482758620689655,0.0,0.1724137931034483,0.7931034482758621,0.034482758620689655,0.0,0.0,0.0,0.0,0.0,0.0,0.034482758620689655,0.06896551724137931,0.06896551724137931,0.0,0.13793103448275862,0.0,0.6551724137931034,0.0,0.6206896551724138,0.3793103448275862,-0.17441860465116277,-0.6744186046511628,0.039867109634551534,0.0020519835841313894,-0.17441860465116277,-0.6744186046511628,-0.6744186046511628,-0.6744186046511628,-0.6744186046511628,-0.6744186046511628,-0.6744186046511628,0.32558139534883723,-0.007751937984496138,-0.007751937984496138,-0.6744186046511628,-0.10299003322259137,-0.6744186046511628,0.029285099052540953,-0.6744186046511628,-0.03156146179401986,0.058914728682170514,57,37,0.6491228070175439,5812.631578947367,7714.891891891892,4,7,4,0.0,0.0,25.135135135135133,58.37837837837838,45.0,58.49999999999999,0.10526315789473684,0.6666666666666666,0,0.3333333333333333,1.0,0.625,0.6666666666666666,0.3333333333333333,0.0,0.0,0.0,0.0,1.0,0.0,0.5,0.6666666666666666,0.6666666666666666,0.0,0.7692307692307693,0.0,0.625,0.0,0.65,0.6470588235294118,0.05263157894736842,0.017543859649122806,0.14035087719298245,0.7894736842105263,0.05263157894736842,0.0,0.0,0.0,0.0,0.017543859649122806,0.0,0.03508771929824561,0.05263157894736842,0.05263157894736842,0.0,0.22807017543859648,0.0,0.5614035087719298,0.0,0.7017543859649122,0.2982456140350877,0.02702702702702703,0.02702702702702703,0.13513513513513514,0.8108108108108109,0.02702702702702703,0.0,0.0,0.0,0.0,0.02702702702702703,0.0,0.02702702702702703,0.05405405405405406,0.05405405405405406,0.0,0.2702702702702703,0.0,0.5405405405405406,0.0,0.7027027027027027,0.2972972972972973,-0.31578947368421056,0.3508771929824561,-0.02412280701754388,0.01754385964912275,-0.31578947368421056,-0.6491228070175439,-0.6491228070175439,-0.6491228070175439,-0.6491228070175439,0.3508771929824561,-0.6491228070175439,-0.14912280701754388,0.01754385964912275,0.01754385964912275,-0.6491228070175439,0.1201079622132254,-0.6491228070175439,-0.02412280701754388,-0.6491228070175439,8.771929824561431E-4,-0.0020639834881320818,0.02529579763361889,-14
795a4663-3124-5e24-bfa2-cadaaac1bb17,Malaga,flamenco_world_madrid,56,31,0.5535714285714286,5783.946428571428,8796.322580645163,3,4,5,0.0,0.0,11.516129032258064,79.83870967741936,90.0,69.0,0.26785714285714285,0.3333333333333333,0,0.6511627906976745,0.0,0.14285714285714285,0.3333333333333333,0.4166666666666667,0.7419354838709677,0.0,0.0,0.0,0.0,0.0,0.0,0.0,0.3333333333333333,0.0,0.0,0.0,0.3333333333333333,0.0,0.4117647058823529,0.631578947368421,0.7678571428571429,0.0,0.125,0.10714285714285714,0.21428571428571427,0.5535714285714286,0.0,0.0,0.0,0.0,0.0,0.05357142857142857,0.017857142857142856,0.05357142857142857,0.0,0.0,0.0,0.10714285714285714,0.017857142857142856,0.30357142857142855,0.6785714285714286,0.9032258064516129,0.0,0.03225806451612903,0.06451612903225806,0.16129032258064516,0.7419354838709677,0.0,0.0,0.0,0.0,0.0,0.0,0.0,0.03225806451612903,0.0,0.0,0.0,0.06451612903225806,0.0,0.22580645161290322,0.7741935483870968,0.09759136212624586,-0.5535714285714286,-0.41071428571428575,-0.2202380952380953,-0.13690476190476192,0.18836405529953915,-0.5535714285714286,-0.5535714285714286,-0.5535714285714286,-0.5535714285714286,-0.5535714285714286,-0.5535714285714286,-0.5535714285714286,-0.2202380952380953,-0.5535714285714286,-0.5535714285714286,-0.5535714285714286,-0.2202380952380953,-0.5535714285714286,-0.14180672268907568,0.07800751879699241,77,44,0.5714285714285714,5950.922077922079,8868.636363636366,3,4,5,0.0,0.0,27.11363636363636,76.70454545454545,90.0,70.0,0.23376623376623376,0.4444444444444444,0,0.6612903225806451,0.0,0.125,0.3333333333333333,0.5294117647058824,0.7111111111111111,0.0,0.0,0.0,0.0,0.0,0.0,0.0,0.25,0.0,0.0,0.0,0.3333333333333333,0.0,0.5,0.62,0.8051948051948052,0.012987012987012988,0.1038961038961039,0.07792207792207792,0.22077922077922077,0.5844155844155844,0.0,0.0,0.0,0.012987012987012988,0.0,0.03896103896103896,0.012987012987012988,0.05194805194805195,0.0,0.0,0.0,0.07792207792207792,0.012987012987012988,0.33766233766233766,0.6493506493506493,0.9318181818181818,0.0,0.022727272727272728,0.045454545454545456,0.20454545454545456,0.7272727272727273,0.0,0.0,0.0,0.0,0.0,0.0,0.0,0.022727272727272728,0.0,0.0,0.0,0.045454545454545456,0.0,0.29545454545454547,0.7045454545454546,0.08986175115207373,-0.5714285714285714,-0.4464285714285714,-0.23809523809523808,-0.04201680672268904,0.13968253968253974,-0.5714285714285714,-0.5714285714285714,-0.5714285714285714,-0.5714285714285714,-0.5714285714285714,-0.5714285714285714,-0.5714285714285714,-0.3214285714285714,-0.5714285714285714,-0.5714285714285714,-0.5714285714285714,-0.23809523809523808,-0.5714285714285714,-0.0714285714285714,0.0485714285714286,-0.017857142857142794,-21
796f4fa2-c813-54c0-b0c7-e55c22c2f317,Barcelona,broad_discovery_flexible,54,14,0.25925925925925924,3610.537037037037,7862.000000000001,3,5,4,0.0,0.0,16.714285714285722,61.07142857142857,45.0,58.875,0.12962962962962962,0.2857142857142857,2,0.2777777777777778,0.0,0.15384615384615385,0.3181818181818182,0.375,0.2,0.0,0.0,0.0,0.0,0.0,0.3333333333333333,0.25,0.0,0.0,0.0,0.0,0.4117647058823529,0.0,0.2571428571428571,0.2777777777777778,0.3333333333333333,0.018518518518518517,0.24074074074074073,0.4074074074074074,0.14814814814814814,0.18518518518518517,0.0,0.0,0.0,0.018518518518518517,0.0,0.05555555555555555,0.07407407407407407,0.1111111111111111,0.0,0.09259259259259259,0.0,0.3148148148148148,0.018518518518518517,0.6481481481481481,0.3333333333333333,0.35714285714285715,0.0,0.14285714285714285,0.5,0.21428571428571427,0.14285714285714285,0.0,0.0,0.0,0.0,0.0,0.07142857142857142,0.07142857142857142,0.0,0.0,0.0,0.0,0.5,0.0,0.6428571428571429,0.35714285714285715,0.018518518518518545,-0.25925925925925924,-0.10541310541310539,0.05892255892255893,0.11574074074074076,-0.059259259259259234,-0.25925925925925924,-0.25925925925925924,-0.25925925925925924,-0.25925925925925924,-0.25925925925925924,0.07407407407407407,-0.009259259259259245,-0.25925925925925924,-0.25925925925925924,-0.25925925925925924,-0.25925925925925924,0.15250544662309368,-0.25925925925925924,-0.0021164021164021274,0.018518518518518545,65,18,0.27692307692307694,3750.2153846153847,7975.722222222223,3,6,4,0.0,0.0,26.5,60.0,45.0,58.723404255319146,0.13846153846153847,0.2222222222222222,2,0.23809523809523808,0.0,0.25,0.3333333333333333,0.3333333333333333,0.16666666666666666,0.0,0.0,0.0,0.0,0.0,0.5,0.2,0.14285714285714285,0.0,0.0,0.0,0.42857142857142855,0.0,0.27906976744186046,0.2857142857142857,0.3230769230769231,0.015384615384615385,0.24615384615384617,0.4153846153846154,0.13846153846153847,0.18461538461538463,0.0,0.0,0.0,0.015384615384615385,0.0,0.06153846153846154,0.07692307692307693,0.1076923076923077,0.0,0.09230769230769231,0.0,0.3230769230769231,0.015384615384615385,0.6615384615384615,0.3230769230769231,0.2777777777777778,0.0,0.2222222222222222,0.5,0.16666666666666666,0.1111111111111111,0.0,0.0,0.0,0.0,0.0,0.1111111111111111,0.05555555555555555,0.05555555555555555,0.0,0.0,0.0,0.5,0.0,0.6666666666666666,0.3333333333333333,-0.038827838827838856,-0.27692307692307694,-0.02692307692307694,0.056410256410256376,0.056410256410256376,-0.11025641025641028,-0.27692307692307694,-0.27692307692307694,-0.27692307692307694,-0.27692307692307694,-0.27692307692307694,0.22307692307692306,-0.07692307692307693,-0.1340659340659341,-0.27692307692307694,-0.27692307692307694,-0.27692307692307694,0.1516483516483516,-0.27692307692307694,0.002146690518783523,0.00879120879120876,-0.017663817663817694,-11
7bb6371a-c78b-59d9-82b9-5adbdceb19d5,Barcelona,broad_discovery_flexible,48,19,0.3958333333333333,4785.708333333333,8954.631578947368,3,5,5,0.0,0.0,11.842105263157896,63.94736842105263,45.0,62.06896551724138,0.125,0.6666666666666666,0,0.75,0.0,0.18181818181818182,0.25,0.8333333333333334,0.7,0.0,0.0,0.0,0.0,0.0,0.25,0.5,0.0,0.0,0.0,0.0,0.2777777777777778,0.0,0.3793103448275862,0.42105263157894735,0.3333333333333333,0.020833333333333332,0.22916666666666666,0.4166666666666667,0.125,0.20833333333333334,0.0,0.0,0.0,0.020833333333333332,0.0,0.08333333333333333,0.041666666666666664,0.10416666666666667,0.0,0.041666666666666664,0.0,0.375,0.0,0.6041666666666666,0.3958333333333333,0.631578947368421,0.0,0.10526315789473684,0.2631578947368421,0.2631578947368421,0.3684210526315789,0.0,0.0,0.0,0.0,0.0,0.05263157894736842,0.05263157894736842,0.0,0.0,0.0,0.0,0.2631578947368421,0.0,0.5789473684210527,0.42105263157894735,0.3541666666666667,-0.3958333333333333,-0.2140151515151515,-0.14583333333333331,0.43750000000000006,0.30416666666666664,-0.3958333333333333,-0.3958333333333333,-0.3958333333333333,-0.3958333333333333,-0.3958333333333333,-0.14583333333333331,0.10416666666666669,-0.3958333333333333,-0.3958333333333333,-0.3958333333333333,-0.3958333333333333,-0.11805555555555552,-0.3958333333333333,-0.016522988505747127,0.02521929824561403,65,21,0.3230769230769231,4395.461538461539,9157.095238095237,3,6,5,0.0,0.0,14.714285714285715,62.142857142857146,45.0,57.27272727272727,0.09230769230769231,0.6666666666666666,0,0.65,0.0,0.17647058823529413,0.18518518518518517,0.6,0.7,0.0,0.0,0.0,0.0,0.0,0.25,0.25,0.1111111111111111,0.0,0.0,0.0,0.2,0.0,0.28888888888888886,0.4,0.3076923076923077,0.015384615384615385,0.26153846153846155,0.4153846153846154,0.15384615384615385,0.15384615384615385,0.0,0.0,0.0,0.015384615384615385,0.0,0.06153846153846154,0.06153846153846154,0.13846153846153847,0.0,0.03076923076923077,0.0,0.38461538461538464,0.0,0.6923076923076923,0.3076923076923077,0.6190476190476191,0.0,0.14285714285714285,0.23809523809523808,0.2857142857142857,0.3333333333333333,0.0,0.0,0.0,0.0,0.0,0.047619047619047616,0.047619047619047616,0.047619047619047616,0.0,0.0,0.0,0.23809523809523808,0.0,0.6190476190476191,0.38095238095238093,0.3269230769230769,-0.3230769230769231,-0.14660633484162897,-0.13789173789173792,0.2769230769230769,0.37692307692307686,-0.3230769230769231,-0.3230769230769231,-0.3230769230769231,-0.3230769230769231,-0.3230769230769231,-0.0730769230769231,-0.0730769230769231,-0.211965811965812,-0.3230769230769231,-0.3230769230769231,-0.3230769230769231,-0.12307692307692308,-0.3230769230769231,-0.03418803418803423,0.07692307692307693,0.07275641025641022,-17
7ce0dfa6-39a4-51a4-8114-9d2720b0bb5b,Barcelona,culture_theatre_explorer,50,23,0.46,5696.02,9760.17391304348,3,6,3,0.0,0.0,14.391304347826088,56.73913043478261,45.0,58.333333333333336,0.32,0.375,0,0.4,0.0,0.5384615384615384,0.3888888888888889,0.25,1.0,0.0,0.0,0.0,0.0,0.0,0.3333333333333333,0.375,0.75,0.0,0.0,0.0,0.3888888888888889,0.0,0.4722222222222222,0.42857142857142855,0.1,0.02,0.52,0.36,0.08,0.02,0.0,0.0,0.0,0.02,0.0,0.12,0.16,0.24,0.0,0.0,0.0,0.36,0.0,0.72,0.28,0.08695652173913043,0.0,0.6086956521739131,0.30434782608695654,0.043478260869565216,0.043478260869565216,0.0,0.0,0.0,0.0,0.0,0.08695652173913043,0.13043478260869565,0.391304347826087,0.0,0.0,0.0,0.30434782608695654,0.0,0.7391304347826086,0.2608695652173913,-0.06,-0.46,0.07846153846153842,-0.07111111111111112,-0.21000000000000002,0.54,-0.46,-0.46,-0.46,-0.46,-0.46,-0.1266666666666667,-0.08500000000000002,0.29,-0.46,-0.46,-0.46,-0.07111111111111112,-0.46,0.01222222222222219,-0.03142857142857147,72,32,0.4444444444444444,5504.097222222222,9547.843749999998,3,6,3,0.0,0.0,30.21875,59.53125,45.0,60.75,0.3055555555555556,0.3181818181818182,0,0.3333333333333333,0.0,0.5263157894736842,0.375,0.2,0.5,0.0,0.0,0.0,0.0,0.0,0.5,0.3333333333333333,0.6875,0.0,0.0,0.0,0.375,1.0,0.43478260869565216,0.44,0.125,0.013888888888888888,0.5277777777777778,0.3333333333333333,0.06944444444444445,0.05555555555555555,0.0,0.0,0.0,0.013888888888888888,0.0,0.1388888888888889,0.16666666666666666,0.2222222222222222,0.0,0.0,0.0,0.3333333333333333,0.013888888888888888,0.6388888888888888,0.3472222222222222,0.09375,0.0,0.625,0.28125,0.03125,0.0625,0.0,0.0,0.0,0.0,0.0,0.15625,0.125,0.34375,0.0,0.0,0.0,0.28125,0.03125,0.625,0.34375,-0.1111111111111111,-0.4444444444444444,0.08187134502923976,-0.06944444444444442,-0.2444444444444444,0.05555555555555558,-0.4444444444444444,-0.4444444444444444,-0.4444444444444444,-0.4444444444444444,-0.4444444444444444,0.05555555555555558,-0.1111111111111111,0.24305555555555558,-0.4444444444444444,-0.4444444444444444,-0.4444444444444444,-0.06944444444444442,0.5555555555555556,-0.009661835748792258,-0.0044444444444444176,0.0155555555555556,-22
7d079da7-6809-51d2-bcde-eb6bdb6e4bee,Madrid,family_weekend_exhibition,51,36,0.7058823529411765,5898.980392156862,7392.388888888889,3,6,3,0.0,0.0,14.222222222222221,52.5,45.0,60.0,0.1568627450980392,0.625,0,0.6666666666666666,0.0,0.7142857142857143,0.7297297297297297,0.6666666666666666,0.6666666666666666,0.0,0.0,0.0,0.0,0.0,0.0,1.0,0.6666666666666666,0.0,0.9,0.0,0.6666666666666666,0.0,0.75,0.5454545454545454,0.11764705882352941,0.0196078431372549,0.13725490196078433,0.7254901960784313,0.058823529411764705,0.058823529411764705,0.0,0.0,0.0,0.0196078431372549,0.0,0.0,0.0196078431372549,0.11764705882352941,0.0,0.19607843137254902,0.0,0.5294117647058824,0.0,0.7843137254901961,0.21568627450980393,0.1111111111111111,0.0,0.1388888888888889,0.75,0.05555555555555555,0.05555555555555555,0.0,0.0,0.0,0.0,0.0,0.0,0.027777777777777776,0.1111111111111111,0.0,0.25,0.0,0.5,0.0,0.8333333333333334,0.16666666666666666,-0.03921568627450989,-0.7058823529411765,0.008403361344537785,0.0238473767885532,-0.03921568627450989,-0.03921568627450989,-0.7058823529411765,-0.7058823529411765,-0.7058823529411765,-0.7058823529411765,-0.7058823529411765,-0.7058823529411765,0.2941176470588235,-0.03921568627450989,-0.7058823529411765,0.1941176470588235,-0.7058823529411765,-0.03921568627450989,-0.7058823529411765,0.044117647058823484,-0.1604278074866311,65,44,0.676923076923077,5656.876923076922,7369.045454545455,3,6,3,0.0,0.0,22.250000000000007,51.13636363636364,45.0,60.0,0.12307692307692308,0.625,0,0.5,0.0,0.75,0.717391304347826,0.6,0.4,0.0,0.0,0.0,0.0,0.0,0.0,1.0,0.7142857142857143,0.0,0.9333333333333333,0.0,0.6129032258064516,0.0,0.7307692307692307,0.46153846153846156,0.15384615384615385,0.015384615384615385,0.12307692307692308,0.7076923076923077,0.07692307692307693,0.07692307692307693,0.0,0.0,0.0,0.015384615384615385,0.0,0.0,0.015384615384615385,0.1076923076923077,0.0,0.23076923076923078,0.0,0.47692307692307695,0.0,0.8,0.2,0.11363636363636363,0.0,0.13636363636363635,0.75,0.06818181818181818,0.045454545454545456,0.0,0.0,0.0,0.0,0.0,0.0,0.022727272727272728,0.11363636363636363,0.0,0.3181818181818182,0.0,0.4318181818181818,0.0,0.8636363636363636,0.13636363636363635,-0.17692307692307696,-0.676923076923077,0.07307692307692304,0.04046822742474909,-0.07692307692307698,-0.27692307692307694,-0.676923076923077,-0.676923076923077,-0.676923076923077,-0.676923076923077,-0.676923076923077,-0.676923076923077,0.32307692307692304,0.03736263736263734,-0.676923076923077,0.2564102564102564,-0.676923076923077,-0.06401985111662534,-0.676923076923077,0.053846153846153766,-0.2153846153846154,0.028959276018099556,-14
80d38396-04ae-502d-8e75-afef50cb2f22,Madrid,flamenco_world_madrid,55,25,0.45454545454545453,5203.745454545454,8512.039999999999,4,5,4,0.0,0.0,15.559999999999999,72.0,90.0,73.5,0.34545454545454546,0.47368421052631576,0,0.5789473684210527,1.0,0.14285714285714285,0.1111111111111111,0.7,0.5357142857142857,0.0,0.0,0.0,1.0,0.0,0.0,0.0,0.25,0.0,0.0,0.0,0.1111111111111111,0.0,0.47619047619047616,0.4411764705882353,0.6909090909090909,0.01818181818181818,0.12727272727272726,0.16363636363636364,0.18181818181818182,0.509090909090909,0.0,0.0,0.0,0.01818181818181818,0.0,0.05454545454545454,0.0,0.07272727272727272,0.0,0.0,0.0,0.16363636363636364,0.0,0.38181818181818183,0.6181818181818182,0.88,0.04,0.04,0.04,0.28,0.6,0.0,0.0,0.0,0.04,0.0,0.0,0.0,0.04,0.0,0.0,0.0,0.04,0.0,0.4,0.6,0.12440191387559812,0.5454545454545454,-0.3116883116883117,-0.3434343434343434,0.24545454545454543,0.08116883116883117,-0.45454545454545453,-0.45454545454545453,-0.45454545454545453,0.5454545454545454,-0.45454545454545453,-0.45454545454545453,-0.45454545454545453,-0.20454545454545453,-0.45454545454545453,-0.45454545454545453,-0.45454545454545453,-0.3434343434343434,-0.45454545454545453,0.021645021645021634,-0.01336898395721925,64,30,0.46875,5380.703125000001,8763.066666666666,4,5,4,0.0,0.0,21.1,75.0,90.0,72.79411764705883,0.34375,0.45454545454545453,0,0.5869565217391305,1.0,0.14285714285714285,0.1,0.6363636363636364,0.5714285714285714,0.0,0.0,0.0,1.0,0.0,0.0,0.0,0.25,0.0,0.0,0.0,0.1,0.0,0.43478260869565216,0.4878048780487805,0.71875,0.015625,0.109375,0.15625,0.171875,0.546875,0.0,0.0,0.0,0.015625,0.0,0.046875,0.0,0.0625,0.0,0.0,0.0,0.15625,0.0,0.359375,0.640625,0.9,0.03333333333333333,0.03333333333333333,0.03333333333333333,0.23333333333333334,0.6666666666666666,0.0,0.0,0.0,0.03333333333333333,0.0,0.0,0.0,0.03333333333333333,0.0,0.0,0.0,0.03333333333333333,0.0,0.3333333333333333,0.6666666666666666,0.11820652173913049,0.53125,-0.32589285714285715,-0.36875,0.16761363636363635,0.1026785714285714,-0.46875,-0.46875,-0.46875,0.53125,-0.46875,-0.46875,-0.46875,-0.21875,-0.46875,-0.46875,-0.46875,-0.36875,-0.46875,-0.03396739130434784,0.019054878048780477,-0.01420454545454547,-9
81340792-3b82-5249-ab89-c6c7c09895a3,Barcelona,family_weekend_exhibition,68,42,0.6176470588235294,5997.735294117646,8349.904761904761,3,6,3,0.0,0.0,14.0,57.85714285714286,45.0,55.96153846153845,0.17647058823529413,0.8333333333333334,0,0.5714285714285714,0.0,0.375,0.6730769230769231,0.75,0.3333333333333333,0.0,0.0,0.0,0.0,0.0,1.0,0.0,0.5,0.0,0.7,0.0,0.6666666666666666,0.0,0.625,0.631578947368421,0.10294117647058823,0.014705882352941176,0.11764705882352941,0.7647058823529411,0.058823529411764705,0.04411764705882353,0.0,0.0,0.0,0.014705882352941176,0.0,0.014705882352941176,0.04411764705882353,0.058823529411764705,0.0,0.14705882352941177,0.0,0.6176470588235294,0.014705882352941176,0.7058823529411765,0.27941176470588236,0.09523809523809523,0.0,0.07142857142857142,0.8333333333333334,0.07142857142857142,0.023809523809523808,0.0,0.0,0.0,0.0,0.0,0.023809523809523808,0.0,0.047619047619047616,0.0,0.16666666666666666,0.0,0.6666666666666666,0.0,0.7142857142857143,0.2857142857142857,-0.04621848739495804,-0.6176470588235294,-0.24264705882352944,0.05542986425339369,0.13235294117647056,-0.2843137254901961,-0.6176470588235294,-0.6176470588235294,-0.6176470588235294,-0.6176470588235294,-0.6176470588235294,0.38235294117647056,-0.6176470588235294,-0.11764705882352944,-0.6176470588235294,0.08235294117647052,-0.6176470588235294,0.04901960784313719,-0.6176470588235294,0.007352941176470562,0.01393188854489158,76,46,0.6052631578947368,5923.868421052633,8355.695652173916,3,7,4,0.0,0.0,18.52173913043478,57.717391304347835,45.0,57.5,0.15789473684210525,0.8333333333333334,0,0.5714285714285714,0.0,0.4,0.6551724137931034,0.75,0.3333333333333333,0.0,0.0,0.0,0.0,0.0,1.0,0.25,0.4,0.0,0.7,0.0,0.6458333333333334,0.0,0.6226415094339622,0.5909090909090909,0.09210526315789473,0.013157894736842105,0.13157894736842105,0.7631578947368421,0.05263157894736842,0.039473684210526314,0.0,0.0,0.0,0.013157894736842105,0.0,0.013157894736842105,0.05263157894736842,0.06578947368421052,0.0,0.13157894736842105,0.0,0.631578947368421,0.013157894736842105,0.6973684210526315,0.2894736842105263,0.08695652173913043,0.0,0.08695652173913043,0.8260869565217391,0.06521739130434782,0.021739130434782608,0.0,0.0,0.0,0.0,0.0,0.021739130434782608,0.021739130434782608,0.043478260869565216,0.0,0.15217391304347827,0.0,0.6739130434782609,0.0,0.717391304347826,0.2826086956521739,-0.03383458646616544,-0.6052631578947368,-0.20526315789473681,0.04990925589836659,0.14473684210526316,-0.2719298245614035,-0.6052631578947368,-0.6052631578947368,-0.6052631578947368,-0.6052631578947368,-0.6052631578947368,0.39473684210526316,-0.35526315789473684,-0.20526315789473681,-0.6052631578947368,0.09473684210526312,-0.6052631578947368,0.040570175438596534,-0.6052631578947368,0.0173783515392254,-0.014354066985645897,0.012383900928792602,-8
849adf7e-db26-541a-8ad6-e58cd327beb1,Barcelona,culture_theatre_explorer,53,27,0.5094339622641509,5690.169811320754,8933.407407407405,2,4,2,0.0,0.0,11.962962962962962,55.55555555555556,45.0,64.03846153846155,0.24528301886792453,0.46153846153846156,0,0.0,0.0,0.6,0.4,0.0,0.0,0.0,0.0,0.0,0.0,0.0,0.5,0.6666666666666666,0.6111111111111112,0.0,0.0,0.0,0.4,1.0,0.5588235294117647,0.3888888888888889,0.03773584905660377,0.018867924528301886,0.660377358490566,0.2830188679245283,0.0,0.03773584905660377,0.0,0.0,0.0,0.018867924528301886,0.0,0.1509433962264151,0.16981132075471697,0.33962264150943394,0.0,0.0,0.0,0.2830188679245283,0.018867924528301886,0.6415094339622641,0.33962264150943394,0.0,0.0,0.7777777777777778,0.2222222222222222,0.0,0.0,0.0,0.0,0.0,0.0,0.0,0.14814814814814814,0.2222222222222222,0.4074074074074074,0.0,0.0,0.0,0.2222222222222222,0.037037037037037035,0.7037037037037037,0.25925925925925924,-0.5094339622641509,-0.5094339622641509,0.09056603773584904,-0.10943396226415092,-0.5094339622641509,-0.5094339622641509,-0.5094339622641509,-0.5094339622641509,-0.5094339622641509,-0.5094339622641509,-0.5094339622641509,-0.009433962264150941,0.1572327044025157,0.10167714884696022,-0.5094339622641509,-0.5094339622641509,-0.5094339622641509,-0.10943396226415092,0.49056603773584906,0.04938956714761378,-0.12054507337526205,69,32,0.463768115942029,5372.362318840581,8841.90625,2,4,2,0.0,0.0,21.15625,55.3125,45.0,62.027027027027025,0.21739130434782608,0.4666666666666667,0,0.0,0.0,0.5652173913043478,0.375,0.0,0.0,0.0,0.0,0.0,0.0,0.0,0.5,0.5833333333333334,0.5833333333333334,0.0,0.0,0.0,0.375,1.0,0.5,0.36363636363636365,0.08695652173913043,0.014492753623188406,0.6666666666666666,0.2318840579710145,0.043478260869565216,0.043478260869565216,0.0,0.0,0.0,0.014492753623188406,0.0,0.14492753623188406,0.17391304347826086,0.34782608695652173,0.0,0.0,0.0,0.2318840579710145,0.014492753623188406,0.6666666666666666,0.3188405797101449,0.0,0.0,0.8125,0.1875,0.0,0.0,0.0,0.0,0.0,0.0,0.0,0.15625,0.21875,0.4375,0.0,0.0,0.0,0.1875,0.03125,0.71875,0.25,-0.463768115942029,-0.463768115942029,0.10144927536231879,-0.08876811594202899,-0.463768115942029,-0.463768115942029,-0.463768115942029,-0.463768115942029,-0.463768115942029,-0.463768115942029,-0.463768115942029,0.03623188405797101,0.11956521739130438,0.11956521739130438,-0.463768115942029,-0.463768115942029,-0.463768115942029,-0.08876811594202899,0.536231884057971,0.03623188405797101,-0.10013175230566534,0.04566584632212195,-16
85a5df6d-1d42-588d-886f-cde4864036e9,Barcelona,music_pop_rock_local,60,34,0.5666666666666667,5912.049999999999,8615.117647058823,3,4,7,0.0,0.0,11.38235294117647,62.205882352941174,45.0,64.03846153846153,0.11666666666666667,0.2857142857142857,0,0.6170212765957447,0.0,0.4,0.42857142857142855,0.7037037037037037,0.5,0.0,0.0,0.0,0.0,0.0,0.0,0.0,0.5,0.0,0.0,0.0,0.42857142857142855,0.0,0.5833333333333334,0.5416666666666666,0.7833333333333333,0.016666666666666666,0.08333333333333333,0.11666666666666667,0.45,0.3333333333333333,0.0,0.0,0.0,0.016666666666666666,0.0,0.0,0.016666666666666666,0.06666666666666667,0.0,0.0,0.0,0.11666666666666667,0.0,0.6,0.4,0.8529411764705882,0.0,0.058823529411764705,0.08823529411764706,0.5588235294117647,0.29411764705882354,0.0,0.0,0.0,0.0,0.0,0.0,0.0,0.058823529411764705,0.0,0.0,0.0,0.08823529411764706,0.0,0.6176470588235294,0.38235294117647056,0.05035460992907803,-0.5666666666666667,-0.16666666666666663,-0.1380952380952381,0.13703703703703707,-0.06666666666666665,-0.5666666666666667,-0.5666666666666667,-0.5666666666666667,-0.5666666666666667,-0.5666666666666667,-0.5666666666666667,-0.5666666666666667,-0.06666666666666665,-0.5666666666666667,-0.5666666666666667,-0.5666666666666667,-0.1380952380952381,-0.5666666666666667,0.01666666666666672,-0.025000000000000022,74,38,0.5135135135135135,5530.27027027027,8652.947368421053,3,4,8,0.0,0.0,17.447368421052634,61.578947368421055,45.0,63.74999999999999,0.10810810810810811,0.25,0,0.5689655172413793,0.0,0.4,0.3,0.6666666666666666,0.44,0.0,0.0,0.0,0.0,0.0,0.0,0.0,0.5,0.0,0.0,0.0,0.3,0.0,0.5333333333333333,0.4827586206896552,0.7837837837837838,0.013513513513513514,0.06756756756756757,0.13513513513513514,0.44594594594594594,0.33783783783783783,0.0,0.0,0.0,0.013513513513513514,0.0,0.0,0.013513513513513514,0.05405405405405406,0.0,0.0,0.0,0.13513513513513514,0.0,0.6081081081081081,0.3918918918918919,0.868421052631579,0.0,0.05263157894736842,0.07894736842105263,0.5789473684210527,0.2894736842105263,0.0,0.0,0.0,0.0,0.0,0.0,0.0,0.05263157894736842,0.0,0.0,0.0,0.07894736842105263,0.0,0.631578947368421,0.3684210526315789,0.05545200372786585,-0.5135135135135135,-0.11351351351351346,-0.2135135135135135,0.15315315315315314,-0.07351351351351348,-0.5135135135135135,-0.5135135135135135,-0.5135135135135135,-0.5135135135135135,-0.5135135135135135,-0.5135135135135135,-0.5135135135135135,-0.013513513513513487,-0.5135135135135135,-0.5135135135135135,-0.5135135135135135,-0.2135135135135135,-0.5135135135135135,0.01981981981981984,-0.030754892823858293,0.053153153153153165,-14
870659a6-f031-5ef2-a015-d2e46bbd73de,Barcelona,music_pop_rock_local,60,27,0.45,5166.100000000001,8513.111111111111,3,5,4,0.0,0.0,14.592592592592593,65.0,45.0,65.9090909090909,0.11666666666666667,0.5714285714285714,0,0.47619047619047616,0.0,0.4,0.4166666666666667,0.47619047619047616,0.47619047619047616,0.0,0.0,0.0,0.0,0.0,1.0,0.0,0.25,0.0,0.0,0.0,0.4166666666666667,0.0,0.4838709677419355,0.42857142857142855,0.7,0.016666666666666666,0.08333333333333333,0.2,0.35,0.35,0.0,0.0,0.0,0.016666666666666666,0.0,0.016666666666666666,0.0,0.06666666666666667,0.0,0.0,0.0,0.2,0.016666666666666666,0.5166666666666667,0.4666666666666667,0.7407407407407407,0.0,0.07407407407407407,0.18518518518518517,0.37037037037037035,0.37037037037037035,0.0,0.0,0.0,0.0,0.0,0.037037037037037035,0.0,0.037037037037037035,0.0,0.0,0.0,0.18518518518518517,0.0,0.5555555555555556,0.4444444444444444,0.026190476190476153,-0.45,-0.04999999999999999,-0.033333333333333326,0.026190476190476153,0.026190476190476153,-0.45,-0.45,-0.45,-0.45,-0.45,0.55,-0.45,-0.2,-0.45,-0.45,-0.45,-0.033333333333333326,-0.45,0.03387096774193549,-0.021428571428571463,74,37,0.5,5413.378378378377,8416.567567567568,3,5,5,0.0,0.0,28.29729729729729,65.67567567567566,45.0,64.86486486486487,0.0945945945945946,0.5714285714285714,0,0.5555555555555556,0.0,0.4,0.35714285714285715,0.5555555555555556,0.5555555555555556,0.0,0.0,0.0,0.0,0.0,1.0,0.0,0.25,0.0,0.0,0.0,0.35714285714285715,0.0,0.5128205128205128,0.5,0.7297297297297297,0.013513513513513514,0.06756756756756757,0.1891891891891892,0.36486486486486486,0.36486486486486486,0.0,0.0,0.0,0.013513513513513514,0.0,0.013513513513513514,0.0,0.05405405405405406,0.0,0.0,0.0,0.1891891891891892,0.013513513513513514,0.527027027027027,0.4594594594594595,0.8108108108108109,0.0,0.05405405405405406,0.13513513513513514,0.40540540540540543,0.40540540540540543,0.0,0.0,0.0,0.0,0.0,0.02702702702702703,0.0,0.02702702702702703,0.0,0.0,0.0,0.13513513513513514,0.0,0.5405405405405406,0.4594594594594595,0.05555555555555558,-0.5,-0.09999999999999998,-0.14285714285714285,0.05555555555555558,0.05555555555555558,-0.5,-0.5,-0.5,-0.5,-0.5,0.5,-0.5,-0.25,-0.5,-0.5,-0.5,-0.14285714285714285,-0.5,0.012820512820512775,0.0,-0.04999999999999999,-14
8981afb2-e468-5c52-993a-977ecca918f5,Jerez de la Frontera,flamenco_world_madrid,55,24,0.43636363636363634,4857.127272727273,8524.458333333334,3,4,3,0.0,0.0,17.08333333333333,75.0,90.0,62.903225806451616,0.16363636363636364,0.1111111111111111,0,0.5882352941176471,0.0,0.125,0.23076923076923078,0.6,0.5833333333333334,0.0,0.0,0.0,0.0,0.0,0.5,0.0,0.0,0.0,0.0,0.0,0.25,0.0,0.32,0.5517241379310345,0.6181818181818182,0.0,0.14545454545454545,0.23636363636363636,0.18181818181818182,0.43636363636363634,0.0,0.0,0.0,0.0,0.0,0.03636363636363636,0.01818181818181818,0.09090909090909091,0.0,0.01818181818181818,0.0,0.21818181818181817,0.01818181818181818,0.45454545454545453,0.5272727272727272,0.8333333333333334,0.0,0.041666666666666664,0.125,0.25,0.5833333333333334,0.0,0.0,0.0,0.0,0.0,0.041666666666666664,0.0,0.0,0.0,0.0,0.0,0.125,0.0,0.3333333333333333,0.6666666666666666,0.15187165775401074,-0.43636363636363634,-0.31136363636363634,-0.20559440559440556,0.16363636363636364,0.14696969696969703,-0.43636363636363634,-0.43636363636363634,-0.43636363636363634,-0.43636363636363634,-0.43636363636363634,0.06363636363636366,-0.43636363636363634,-0.43636363636363634,-0.43636363636363634,-0.43636363636363634,-0.43636363636363634,-0.18636363636363634,-0.43636363636363634,-0.11636363636363634,0.11536050156739813,72,31,0.4305555555555556,4964.611111111111,8783.709677419352,3,5,3,0.0,0.0,29.032258064516125,75.48387096774194,90.0,61.09756097560977,0.18055555555555555,0.15384615384615385,0,0.5813953488372093,0.0,0.18181818181818182,0.23529411764705882,0.5,0.6206896551724138,0.0,0.0,0.0,0.0,0.0,0.5,0.25,0.0,0.0,0.0,0.0,0.25,0.0,0.30303030303030304,0.5675675675675675,0.5972222222222222,0.013888888888888888,0.1527777777777778,0.2361111111111111,0.19444444444444445,0.4027777777777778,0.0,0.0,0.0,0.013888888888888888,0.0,0.027777777777777776,0.05555555555555555,0.06944444444444445,0.0,0.013888888888888888,0.0,0.2222222222222222,0.027777777777777776,0.4583333333333333,0.5138888888888888,0.8064516129032258,0.0,0.06451612903225806,0.12903225806451613,0.22580645161290322,0.5806451612903226,0.0,0.0,0.0,0.0,0.0,0.03225806451612903,0.03225806451612903,0.0,0.0,0.0,0.0,0.12903225806451613,0.0,0.3225806451612903,0.6774193548387096,0.15083979328165376,-0.4305555555555556,-0.24873737373737376,-0.19526143790849676,0.06944444444444442,0.19013409961685823,-0.4305555555555556,-0.4305555555555556,-0.4305555555555556,-0.4305555555555556,-0.4305555555555556,0.06944444444444442,-0.18055555555555558,-0.4305555555555556,-0.4305555555555556,-0.4305555555555556,-0.4305555555555556,-0.18055555555555558,-0.4305555555555556,-0.12752525252525254,0.13701201201201196,0.005808080808080762,-17
8b215ae1-f49d-52e0-8836-26264e491054,Valencia,music_pop_rock_local,60,28,0.4666666666666667,5284.016666666666,8867.82142857143,3,5,4,0.0,0.0,12.857142857142854,61.07142857142857,45.0,66.09375,0.06666666666666667,0.5,0,0.4782608695652174,0.0,0.42857142857142855,0.5,0.48,0.47619047619047616,0.0,0.0,0.0,0.0,0.0,0.0,0.6666666666666666,0.25,0.0,0.0,0.0,0.5,0.0,0.5142857142857142,0.4,0.7666666666666667,0.016666666666666666,0.11666666666666667,0.1,0.4166666666666667,0.35,0.0,0.0,0.0,0.016666666666666666,0.0,0.0,0.05,0.06666666666666667,0.0,0.0,0.0,0.1,0.0,0.5833333333333334,0.4166666666666667,0.7857142857142857,0.0,0.10714285714285714,0.10714285714285714,0.42857142857142855,0.35714285714285715,0.0,0.0,0.0,0.0,0.0,0.0,0.07142857142857142,0.03571428571428571,0.0,0.0,0.0,0.10714285714285714,0.0,0.6428571428571429,0.35714285714285715,0.011594202898550732,-0.4666666666666667,-0.038095238095238126,0.033333333333333326,0.013333333333333308,0.00952380952380949,-0.4666666666666667,-0.4666666666666667,-0.4666666666666667,-0.4666666666666667,-0.4666666666666667,-0.4666666666666667,0.19999999999999996,-0.21666666666666667,-0.4666666666666667,-0.4666666666666667,-0.4666666666666667,0.033333333333333326,-0.4666666666666667,0.04761904761904756,-0.06666666666666665,84,39,0.4642857142857143,5267.77380952381,8847.076923076924,3,5,5,0.0,0.0,27.333333333333332,61.15384615384615,45.0,68.0,0.07142857142857142,0.3333333333333333,0,0.5079365079365079,0.0,0.4,0.3,0.53125,0.4838709677419355,0.0,0.0,0.0,0.0,0.0,0.0,0.5,0.3333333333333333,0.0,0.0,0.0,0.3,0.0,0.5319148936170213,0.3783783783783784,0.75,0.011904761904761904,0.11904761904761904,0.11904761904761904,0.38095238095238093,0.36904761904761907,0.0,0.0,0.0,0.011904761904761904,0.0,0.0,0.047619047619047616,0.07142857142857142,0.0,0.0,0.0,0.11904761904761904,0.0,0.5595238095238095,0.44047619047619047,0.8205128205128205,0.0,0.10256410256410256,0.07692307692307693,0.4358974358974359,0.38461538461538464,0.0,0.0,0.0,0.0,0.0,0.0,0.05128205128205128,0.05128205128205128,0.0,0.0,0.0,0.07692307692307693,0.0,0.6410256410256411,0.358974358974359,0.04365079365079361,-0.4642857142857143,-0.06428571428571428,-0.1642857142857143,0.0669642857142857,0.019585253456221197,-0.4642857142857143,-0.4642857142857143,-0.4642857142857143,-0.4642857142857143,-0.4642857142857143,-0.4642857142857143,0.0357142857142857,-0.130952380952381,-0.4642857142857143,-0.4642857142857143,-0.4642857142857143,-0.1642857142857143,-0.4642857142857143,0.06762917933130697,-0.0859073359073359,0.0023809523809523725,-24
8f62e509-cd34-5780-9fd3-cf6b9f0b64a9,Valencia,family_weekend_exhibition,54,29,0.5370370370370371,5124.648148148148,7804.0,2,3,3,0.0,0.0,13.413793103448278,60.51724137931034,45.0,50.4,0.018518518518518517,1.0,0,0.0,0.0,0.4,0.627906976744186,0.0,0.0,0.0,0.0,0.0,0.0,0.0,0.0,0.6666666666666666,0.0,0.0,0.5833333333333334,0.0,0.6451612903225806,0.0,0.4634146341463415,0.7692307692307693,0.09259259259259259,0.018518518518518517,0.09259259259259259,0.7962962962962963,0.07407407407407407,0.018518518518518517,0.0,0.0,0.0,0.018518518518518517,0.0,0.0,0.05555555555555555,0.037037037037037035,0.0,0.2222222222222222,0.0,0.5740740740740741,0.0,0.7592592592592593,0.24074074074074073,0.0,0.0,0.06896551724137931,0.9310344827586207,0.0,0.0,0.0,0.0,0.0,0.0,0.0,0.0,0.06896551724137931,0.0,0.0,0.2413793103448276,0.0,0.6896551724137931,0.0,0.6551724137931034,0.3448275862068966,-0.5370370370370371,-0.5370370370370371,-0.13703703703703707,0.09086993970714896,-0.5370370370370371,-0.5370370370370371,-0.5370370370370371,-0.5370370370370371,-0.5370370370370371,-0.5370370370370371,-0.5370370370370371,-0.5370370370370371,0.12962962962962954,-0.5370370370370371,-0.5370370370370371,0.04629629629629628,-0.5370370370370371,0.10812425328554354,-0.5370370370370371,-0.0736224028906956,0.23219373219373218,69,38,0.5507246376811594,5178.565217391304,7765.578947368422,2,3,3,0.0,0.0,25.18421052631579,61.57894736842105,45.0,50.80645161290323,0.043478260869565216,0.6666666666666666,0,0.0,0.0,0.3333333333333333,0.631578947368421,0.0,0.0,0.0,0.0,0.0,0.0,0.0,0.0,0.6666666666666666,0.0,0.0,0.5714285714285714,0.0,0.6511627906976745,0.0,0.47058823529411764,0.7777777777777778,0.07246376811594203,0.014492753623188406,0.08695652173913043,0.8260869565217391,0.057971014492753624,0.014492753623188406,0.0,0.0,0.0,0.014492753623188406,0.0,0.014492753623188406,0.043478260869565216,0.028985507246376812,0.0,0.2028985507246377,0.0,0.6231884057971014,0.0,0.7391304347826086,0.2608695652173913,0.0,0.0,0.05263157894736842,0.9473684210526315,0.0,0.0,0.0,0.0,0.0,0.0,0.0,0.0,0.05263157894736842,0.0,0.0,0.21052631578947367,0.0,0.7368421052631579,0.0,0.631578947368421,0.3684210526315789,-0.5507246376811594,-0.5507246376811594,-0.2173913043478261,0.0808543096872616,-0.5507246376811594,-0.5507246376811594,-0.5507246376811594,-0.5507246376811594,-0.5507246376811594,-0.5507246376811594,-0.5507246376811594,-0.5507246376811594,0.1159420289855072,-0.5507246376811594,-0.5507246376811594,0.020703933747411973,-0.5507246376811594,0.10043815301651504,-0.5507246376811594,-0.08013640238704178,0.22705314009661837,-0.013687600644122333,-15
93edb01e-f594-57ff-bc44-93f746657632,Malaga,culture_theatre_explorer,50,34,0.68,6815.18,8886.088235294117,4,6,3,0.0,0.0,15.235294117647056,46.76470588235294,45.0,56.25,0.22,0.6363636363636364,0,0.5,1.0,0.6764705882352942,0.6923076923076923,0.0,0.5,0.0,0.0,0.0,1.0,0.0,0.25,0.8333333333333334,0.7083333333333334,0.0,0.0,0.0,0.6923076923076923,1.0,0.7209302325581395,0.3333333333333333,0.04,0.02,0.68,0.26,0.0,0.04,0.0,0.0,0.0,0.02,0.0,0.08,0.12,0.48,0.0,0.0,0.0,0.26,0.02,0.86,0.12,0.029411764705882353,0.029411764705882353,0.6764705882352942,0.2647058823529412,0.0,0.029411764705882353,0.0,0.0,0.0,0.029411764705882353,0.0,0.029411764705882353,0.14705882352941177,0.5,0.0,0.0,0.0,0.2647058823529412,0.029411764705882353,0.9117647058823529,0.058823529411764705,-0.18000000000000005,0.31999999999999995,-0.003529411764705892,0.012307692307692242,-0.68,-0.18000000000000005,-0.68,-0.68,-0.68,0.31999999999999995,-0.68,-0.43000000000000005,0.15333333333333332,0.02833333333333332,-0.68,-0.68,-0.68,0.012307692307692242,0.31999999999999995,0.040930232558139434,-0.34666666666666673,64,39,0.609375,6415.875,8978.102564102563,4,6,3,0.0,0.0,21.743589743589737,47.69230769230769,45.0,61.2,0.203125,0.6153846153846154,0,0.25,1.0,0.6363636363636364,0.6,0.0,0.3333333333333333,0.0,0.0,0.0,1.0,0.0,0.25,0.875,0.6785714285714286,0.0,0.0,0.0,0.6,1.0,0.6862745098039216,0.25,0.0625,0.015625,0.6875,0.234375,0.015625,0.046875,0.0,0.0,0.0,0.015625,0.0,0.125,0.125,0.4375,0.0,0.0,0.0,0.234375,0.015625,0.796875,0.1875,0.02564102564102564,0.02564102564102564,0.717948717948718,0.23076923076923078,0.0,0.02564102564102564,0.0,0.0,0.0,0.02564102564102564,0.0,0.05128205128205128,0.1794871794871795,0.48717948717948717,0.0,0.0,0.0,0.23076923076923078,0.02564102564102564,0.8974358974358975,0.07692307692307693,-0.359375,0.390625,0.026988636363636354,-0.009375000000000022,-0.609375,-0.2760416666666667,-0.609375,-0.609375,-0.609375,0.390625,-0.609375,-0.359375,0.265625,0.0691964285714286,-0.609375,-0.609375,-0.609375,-0.009375000000000022,0.390625,0.07689950980392157,-0.359375,0.07062500000000005,-14
950f9e04-b9db-5534-ae37-b929067de532,Madrid,broad_discovery_flexible,59,27,0.4576271186440678,5154.423728813558,8780.111111111111,4,8,4,0.0,0.0,14.444444444444443,52.22222222222222,45.0,63.28125,0.3220338983050847,0.3684210526315789,0,0.3,1.0,0.4117647058823529,0.6190476190476191,0.42857142857142855,0.23076923076923078,0.0,0.0,0.0,1.0,0.0,0.25,0.5,0.4444444444444444,0.0,0.5,0.0,0.631578947368421,1.0,0.525,0.2777777777777778,0.3389830508474576,0.01694915254237288,0.288135593220339,0.3559322033898305,0.11864406779661017,0.22033898305084745,0.0,0.0,0.0,0.01694915254237288,0.0,0.06779661016949153,0.06779661016949153,0.15254237288135594,0.0,0.03389830508474576,0.0,0.3220338983050847,0.01694915254237288,0.6779661016949152,0.3050847457627119,0.2222222222222222,0.037037037037037035,0.25925925925925924,0.48148148148148145,0.1111111111111111,0.1111111111111111,0.0,0.0,0.0,0.037037037037037035,0.0,0.037037037037037035,0.07407407407407407,0.14814814814814814,0.0,0.037037037037037035,0.0,0.4444444444444444,0.037037037037037035,0.7777777777777778,0.18518518518518517,-0.1576271186440678,0.5423728813559322,-0.04586241276171488,0.16142050040355127,-0.02905569007263925,-0.22685788787483702,-0.4576271186440678,-0.4576271186440678,-0.4576271186440678,0.5423728813559322,-0.4576271186440678,-0.2076271186440678,0.0423728813559322,-0.013182674199623379,-0.4576271186440678,0.0423728813559322,-0.4576271186440678,0.17395182872435322,0.5423728813559322,0.06737288135593222,-0.17984934086629,83,38,0.4578313253012048,5110.566265060241,8667.868421052632,4,8,5,0.0,0.0,28.157894736842113,53.68421052631579,45.0,65.99999999999999,0.26506024096385544,0.36363636363636365,0,0.3103448275862069,1.0,0.45454545454545453,0.5806451612903226,0.4,0.2631578947368421,0.0,0.0,0.0,1.0,0.0,0.25,0.42857142857142855,0.5454545454545454,0.0,0.3333333333333333,0.0,0.6071428571428571,1.0,0.5471698113207547,0.27586206896551724,0.3493975903614458,0.012048192771084338,0.26506024096385544,0.37349397590361444,0.12048192771084337,0.2289156626506024,0.0,0.0,0.0,0.012048192771084338,0.0,0.04819277108433735,0.08433734939759036,0.13253012048192772,0.0,0.03614457831325301,0.0,0.3373493975903614,0.012048192771084338,0.6385542168674698,0.3493975903614458,0.23684210526315788,0.02631578947368421,0.2631578947368421,0.47368421052631576,0.10526315789473684,0.13157894736842105,0.0,0.0,0.0,0.02631578947368421,0.0,0.02631578947368421,0.07894736842105263,0.15789473684210525,0.0,0.02631578947368421,0.0,0.4473684210526316,0.02631578947368421,0.7631578947368421,0.21052631578947367,-0.1474864977149979,0.5421686746987953,-0.003285870755750264,0.12281383598911783,-0.05783132530120477,-0.1946734305643627,-0.4578313253012048,-0.4578313253012048,-0.4578313253012048,0.5421686746987953,-0.4578313253012048,-0.2078313253012048,-0.029259896729776247,0.08762322015334062,-0.4578313253012048,-0.12449799196787148,-0.4578313253012048,0.1493115318416523,0.5421686746987953,0.08933848601954991,-0.18196925633568756,-2.0420665713699604E-4,-24
9bd9c688-b96d-5d36-be07-ec6f4ad8e4e0,Madrid,broad_discovery_flexible,62,19,0.3064516129032258,3890.725806451613,8164.473684210526,3,6,4,0.0,0.0,14.57894736842105,61.578947368421055,45.0,58.604651162790695,0.22580645161290322,0.35714285714285715,0,0.4,0.0,0.3157894736842105,0.25925925925925924,0.5,0.3333333333333333,0.0,0.0,0.0,0.0,0.0,0.2,0.25,0.4,0.0,0.0,0.0,0.2692307692307692,0.0,0.2857142857142857,0.35,0.24193548387096775,0.016129032258064516,0.3064516129032258,0.43548387096774194,0.0967741935483871,0.14516129032258066,0.0,0.0,0.0,0.016129032258064516,0.0,0.08064516129032258,0.06451612903225806,0.16129032258064516,0.0,0.016129032258064516,0.0,0.41935483870967744,0.0,0.6774193548387096,0.3225806451612903,0.3157894736842105,0.0,0.3157894736842105,0.3684210526315789,0.15789473684210525,0.15789473684210525,0.0,0.0,0.0,0.0,0.0,0.05263157894736842,0.05263157894736842,0.21052631578947367,0.0,0.0,0.0,0.3684210526315789,0.0,0.631578947368421,0.3684210526315789,0.09354838709677421,-0.3064516129032258,0.009337860780984697,-0.04719235364396657,0.1935483870967742,0.026881720430107503,-0.3064516129032258,-0.3064516129032258,-0.3064516129032258,-0.3064516129032258,-0.3064516129032258,-0.1064516129032258,-0.05645161290322581,0.09354838709677421,-0.3064516129032258,-0.3064516129032258,-0.3064516129032258,-0.037220843672456594,-0.3064516129032258,-0.020737327188940113,0.043548387096774166,71,23,0.323943661971831,4125.718309859154,8567.95652173913,3,6,4,0.0,0.0,22.869565217391298,60.652173913043484,45.0,57.5,0.19718309859154928,0.35714285714285715,0,0.375,0.0,0.30434782608695654,0.3225806451612903,0.5,0.3,0.0,0.0,0.0,0.0,0.0,0.16666666666666666,0.25,0.38461538461538464,0.0,0.0,0.0,0.3333333333333333,0.0,0.3125,0.36363636363636365,0.22535211267605634,0.014084507042253521,0.323943661971831,0.43661971830985913,0.08450704225352113,0.14084507042253522,0.0,0.0,0.0,0.014084507042253521,0.0,0.08450704225352113,0.056338028169014086,0.18309859154929578,0.0,0.014084507042253521,0.0,0.4225352112676056,0.014084507042253521,0.676056338028169,0.30985915492957744,0.2608695652173913,0.0,0.30434782608695654,0.43478260869565216,0.13043478260869565,0.13043478260869565,0.0,0.0,0.0,0.0,0.0,0.043478260869565216,0.043478260869565216,0.21739130434782608,0.0,0.0,0.0,0.43478260869565216,0.0,0.6521739130434783,0.34782608695652173,0.051056338028169,-0.323943661971831,-0.019595835884874457,-0.0013630168105406848,0.176056338028169,-0.02394366197183101,-0.323943661971831,-0.323943661971831,-0.323943661971831,-0.323943661971831,-0.323943661971831,-0.15727699530516434,-0.073943661971831,0.06067172264355364,-0.323943661971831,-0.323943661971831,-0.323943661971831,0.009389671361502316,-0.323943661971831,-0.011443661971830998,0.03969270166453265,-0.017492049068605187,-9
a28e75d4-bb40-5a3c-ace0-4ffa48f50c57,Madrid,culture_theatre_explorer,58,32,0.5517241379310345,6476.137931034484,9899.625000000002,4,7,4,0.0,0.0,12.874999999999998,52.03125,45.0,53.65384615384615,0.3448275862068966,0.55,0,0.5714285714285714,1.0,0.6388888888888888,0.2857142857142857,0.4,1.0,0.0,0.0,0.0,1.0,0.0,0.42857142857142855,0.6,0.7368421052631579,0.0,0.0,0.0,0.2857142857142857,0.0,0.5625,0.5,0.1206896551724138,0.017241379310344827,0.6206896551724138,0.2413793103448276,0.08620689655172414,0.034482758620689655,0.0,0.0,0.0,0.017241379310344827,0.0,0.1206896551724138,0.1724137931034483,0.3275862068965517,0.0,0.0,0.0,0.2413793103448276,0.0,0.8275862068965517,0.1724137931034483,0.125,0.03125,0.71875,0.125,0.0625,0.0625,0.0,0.0,0.0,0.03125,0.0,0.09375,0.1875,0.4375,0.0,0.0,0.0,0.125,0.0,0.84375,0.15625,0.019704433497536922,0.4482758620689655,0.08716475095785436,-0.2660098522167488,-0.15172413793103445,0.4482758620689655,-0.5517241379310345,-0.5517241379310345,-0.5517241379310345,0.4482758620689655,-0.5517241379310345,-0.12315270935960593,0.0482758620689655,0.18511796733212338,-0.5517241379310345,-0.5517241379310345,-0.5517241379310345,-0.2660098522167488,-0.5517241379310345,0.010775862068965525,-0.051724137931034475,73,43,0.589041095890411,6643.164383561644,9691.046511627905,4,7,5,0.0,0.0,26.093023255813954,53.72093023255813,45.0,52.5,0.3150684931506849,0.6086956521739131,0,0.7,1.0,0.6444444444444445,0.35294117647058826,0.5,1.0,0.0,0.0,0.0,1.0,0.0,0.5,0.6666666666666666,0.6956521739130435,0.0,0.0,0.0,0.35294117647058826,1.0,0.5689655172413793,0.6428571428571429,0.136986301369863,0.0136986301369863,0.6164383561643836,0.2328767123287671,0.0821917808219178,0.0547945205479452,0.0,0.0,0.0,0.0136986301369863,0.0,0.136986301369863,0.1643835616438356,0.3150684931506849,0.0,0.0,0.0,0.2328767123287671,0.0136986301369863,0.7945205479452054,0.1917808219178082,0.16279069767441862,0.023255813953488372,0.6744186046511628,0.13953488372093023,0.06976744186046512,0.09302325581395349,0.0,0.0,0.0,0.023255813953488372,0.0,0.11627906976744186,0.18604651162790697,0.37209302325581395,0.0,0.0,0.0,0.13953488372093023,0.023255813953488372,0.7674418604651163,0.20930232558139536,0.11095890410958897,0.410958904109589,0.055403348554033505,-0.23609991941982272,-0.08904109589041098,0.410958904109589,-0.589041095890411,-0.589041095890411,-0.589041095890411,0.410958904109589,-0.589041095890411,-0.08904109589041098,0.07762557077625565,0.10661107802263248,-0.589041095890411,-0.589041095890411,-0.589041095890411,-0.23609991941982272,0.410958904109589,-0.020075578649031645,0.05381604696673192,-0.03731695795937651,-15
a7227db7-1e12-5236-bf51-bfd67589798f,Barcelona,culture_theatre_explorer,59,36,0.6101694915254238,6362.915254237288,9059.0,3,6,4,0.0,0.0,14.194444444444445,55.416666666666664,45.0,54.78260869565217,0.23728813559322035,0.7142857142857143,0,0.5714285714285714,0.0,0.7368421052631579,0.3076923076923077,0.6666666666666666,0.5,0.0,0.0,0.0,0.0,0.0,0.7,0.8888888888888888,0.6842105263157895,0.0,0.0,0.0,0.3076923076923077,1.0,0.5909090909090909,0.6428571428571429,0.11864406779661017,0.01694915254237288,0.6440677966101694,0.22033898305084745,0.05084745762711865,0.06779661016949153,0.0,0.0,0.0,0.01694915254237288,0.0,0.1694915254237288,0.15254237288135594,0.3220338983050847,0.0,0.0,0.0,0.22033898305084745,0.01694915254237288,0.7457627118644068,0.23728813559322035,0.1111111111111111,0.0,0.7777777777777778,0.1111111111111111,0.05555555555555555,0.05555555555555555,0.0,0.0,0.0,0.0,0.0,0.19444444444444445,0.2222222222222222,0.3611111111111111,0.0,0.0,0.0,0.1111111111111111,0.027777777777777776,0.7222222222222222,0.25,-0.03874092009685237,-0.6101694915254238,0.12667261373773409,-0.30247718383311606,0.05649717514124286,-0.11016949152542377,-0.6101694915254238,-0.6101694915254238,-0.6101694915254238,-0.6101694915254238,-0.6101694915254238,0.08983050847457619,0.27871939736346507,0.07404103479036572,-0.6101694915254238,-0.6101694915254238,-0.6101694915254238,-0.30247718383311606,0.38983050847457623,-0.01926040061633283,0.032687651331719136,79,45,0.569620253164557,6213.8860759493655,9236.311111111112,3,6,4,0.0,0.0,24.88888888888889,54.33333333333334,45.0,54.26470588235294,0.26582278481012656,0.6190476190476191,0,0.4,0.0,0.68,0.3888888888888889,0.4,0.4,0.0,0.0,0.0,0.0,0.0,0.7,0.75,0.6428571428571429,0.0,0.0,0.0,0.3888888888888889,1.0,0.5573770491803278,0.5882352941176471,0.12658227848101267,0.012658227848101266,0.6329113924050633,0.22784810126582278,0.06329113924050633,0.06329113924050633,0.0,0.0,0.0,0.012658227848101266,0.0,0.12658227848101267,0.1518987341772152,0.35443037974683544,0.0,0.0,0.0,0.22784810126582278,0.012658227848101266,0.7721518987341772,0.21518987341772153,0.08888888888888889,0.0,0.7555555555555555,0.15555555555555556,0.044444444444444446,0.044444444444444446,0.0,0.0,0.0,0.0,0.0,0.15555555555555556,0.2,0.4,0.0,0.0,0.0,0.15555555555555556,0.022222222222222223,0.7555555555555555,0.2222222222222222,-0.16962025316455698,-0.569620253164557,0.11037974683544305,-0.1807313642756681,-0.16962025316455698,-0.16962025316455698,-0.569620253164557,-0.569620253164557,-0.569620253164557,-0.569620253164557,-0.569620253164557,0.13037974683544296,0.180379746835443,0.0732368896925859,-0.569620253164557,-0.569620253164557,-0.569620253164557,-0.1807313642756681,0.430379746835443,-0.012243203984229178,0.01861504095309008,0.04054923836086677,-20
a871ed93-adb2-52da-9cdc-66132c716b32,Madrid,music_pop_rock_local,55,33,0.6,6563.8545454545465,9458.21212121212,3,5,4,0.0,0.0,11.636363636363637,66.81818181818181,45.0,60.0,0.14545454545454545,0.625,0,0.6578947368421053,0.0,0.3333333333333333,0.6,0.6470588235294118,0.6666666666666666,0.0,0.0,0.0,0.0,0.0,0.5,0.0,0.3333333333333333,0.0,0.0,0.0,0.6,0.0,0.5666666666666667,0.6666666666666666,0.6909090909090909,0.01818181818181818,0.10909090909090909,0.18181818181818182,0.3090909090909091,0.38181818181818183,0.0,0.0,0.0,0.01818181818181818,0.0,0.03636363636363636,0.01818181818181818,0.05454545454545454,0.0,0.0,0.0,0.18181818181818182,0.01818181818181818,0.5454545454545454,0.43636363636363634,0.7575757575757576,0.0,0.06060606060606061,0.18181818181818182,0.3333333333333333,0.42424242424242425,0.0,0.0,0.0,0.0,0.0,0.030303030303030304,0.0,0.030303030303030304,0.0,0.0,0.0,0.18181818181818182,0.0,0.5151515151515151,0.48484848484848486,0.05789473684210533,-0.6,-0.26666666666666666,0.0,0.04705882352941182,0.06666666666666665,-0.6,-0.6,-0.6,-0.6,-0.6,-0.09999999999999998,-0.6,-0.26666666666666666,-0.6,-0.6,-0.6,0.0,-0.6,-0.033333333333333326,0.06666666666666665,69,41,0.5942028985507246,6436.188405797102,9276.390243902437,3,5,4,0.0,0.0,22.31707317073171,65.85365853658537,45.0,63.214285714285715,0.14492753623188406,0.6,0,0.6470588235294118,0.0,0.3333333333333333,0.5454545454545454,0.7272727272727273,0.5862068965517241,0.0,0.0,0.0,0.0,0.0,0.5,0.0,0.3333333333333333,0.0,0.0,0.0,0.6,0.0,0.5945945945945946,0.6129032258064516,0.7391304347826086,0.014492753623188406,0.08695652173913043,0.15942028985507245,0.3188405797101449,0.42028985507246375,0.0,0.0,0.0,0.014492753623188406,0.0,0.028985507246376812,0.014492753623188406,0.043478260869565216,0.0,0.014492753623188406,0.0,0.14492753623188406,0.014492753623188406,0.5362318840579711,0.4492753623188406,0.8048780487804879,0.0,0.04878048780487805,0.14634146341463414,0.3902439024390244,0.4146341463414634,0.0,0.0,0.0,0.0,0.0,0.024390243902439025,0.0,0.024390243902439025,0.0,0.0,0.0,0.14634146341463414,0.0,0.5365853658536586,0.4634146341463415,0.052855924978687185,-0.5942028985507246,-0.2608695652173913,-0.0487483530961792,0.13306982872200268,-0.007996001999000524,-0.5942028985507246,-0.5942028985507246,-0.5942028985507246,-0.5942028985507246,-0.5942028985507246,-0.09420289855072461,-0.5942028985507246,-0.2608695652173913,-0.5942028985507246,-0.5942028985507246,-0.5942028985507246,0.005797101449275366,-0.5942028985507246,3.9169604387001566E-4,0.01870032725572701,0.005797101449275366,-14
aa07b645-379b-518f-8e51-889529955b64,Madrid,family_weekend_exhibition,49,31,0.6326530612244898,5926.408163265307,8033.129032258066,4,6,5,0.0,0.0,12.967741935483874,50.806451612903224,45.0,57.5,0.14285714285714285,0.7142857142857143,0,0.5,1.0,0.375,0.6944444444444444,1.0,0.0,0.0,0.0,0.0,1.0,0.0,0.0,0.6666666666666666,0.25,0.0,0.8,0.0,0.6774193548387096,0.0,0.675,0.4444444444444444,0.08163265306122448,0.02040816326530612,0.16326530612244897,0.7346938775510204,0.04081632653061224,0.04081632653061224,0.0,0.0,0.0,0.02040816326530612,0.0,0.02040816326530612,0.061224489795918366,0.08163265306122448,0.0,0.10204081632653061,0.0,0.6326530612244898,0.0,0.8163265306122449,0.1836734693877551,0.06451612903225806,0.03225806451612903,0.0967741935483871,0.8064516129032258,0.06451612903225806,0.0,0.0,0.0,0.0,0.03225806451612903,0.0,0.0,0.06451612903225806,0.03225806451612903,0.0,0.12903225806451613,0.0,0.6774193548387096,0.0,0.8709677419354839,0.12903225806451613,-0.13265306122448983,0.36734693877551017,-0.25765306122448983,0.06179138321995459,0.36734693877551017,-0.6326530612244898,-0.6326530612244898,-0.6326530612244898,-0.6326530612244898,0.36734693877551017,-0.6326530612244898,-0.6326530612244898,0.0340136054421768,-0.38265306122448983,-0.6326530612244898,0.1673469387755102,-0.6326530612244898,0.0447662936142198,-0.6326530612244898,0.04234693877551021,-0.1882086167800454,69,47,0.6811594202898551,6078.8115942029,7795.702127659575,4,7,5,0.0,0.0,30.91489361702128,50.74468085106383,45.0,59.31818181818182,0.13043478260869565,0.7777777777777778,0,0.42857142857142855,1.0,0.5454545454545454,0.74,0.75,0.0,0.0,0.0,0.0,1.0,0.0,0.75,0.6666666666666666,0.25,0.0,0.9166666666666666,0.0,0.6842105263157895,0.0,0.7321428571428571,0.46153846153846156,0.10144927536231885,0.014492753623188406,0.15942028985507245,0.7246376811594203,0.057971014492753624,0.043478260869565216,0.0,0.0,0.0,0.014492753623188406,0.0,0.057971014492753624,0.043478260869565216,0.057971014492753624,0.0,0.17391304347826086,0.0,0.5507246376811594,0.0,0.8115942028985508,0.18840579710144928,0.06382978723404255,0.02127659574468085,0.1276595744680851,0.7872340425531915,0.06382978723404255,0.0,0.0,0.0,0.0,0.02127659574468085,0.0,0.06382978723404255,0.0425531914893617,0.02127659574468085,0.0,0.23404255319148937,0.0,0.5531914893617021,0.0,0.8723404255319149,0.1276595744680851,-0.25258799171842655,0.3188405797101449,-0.13570487483530969,0.05884057971014489,0.0688405797101449,-0.6811594202898551,-0.6811594202898551,-0.6811594202898551,-0.6811594202898551,0.3188405797101449,-0.6811594202898551,0.0688405797101449,-0.01449275362318847,-0.4311594202898551,-0.6811594202898551,0.23550724637681153,-0.6811594202898551,0.0030511060259343914,-0.6811594202898551,0.050983436853001995,-0.21962095875139354,-0.04850635906536527,-20
aadea47d-5e5d-5e4e-aa5d-214fd2796f7f,Malaga,broad_discovery_flexible,61,26,0.4262295081967213,4960.098360655737,8768.192307692309,3,7,5,0.0,0.0,12.46153846153846,60.57692307692308,45.0,64.28571428571429,0.18032786885245902,0.45454545454545453,0,0.56,0.0,0.3333333333333333,0.34782608695652173,0.5555555555555556,0.5625,0.0,0.0,0.0,0.0,0.0,0.3333333333333333,0.4,0.25,0.0,0.5,0.0,0.3333333333333333,0.0,0.4594594594594595,0.375,0.4098360655737705,0.01639344262295082,0.19672131147540983,0.3770491803278688,0.14754098360655737,0.26229508196721313,0.0,0.0,0.0,0.01639344262295082,0.0,0.04918032786885246,0.08196721311475409,0.06557377049180328,0.0,0.03278688524590164,0.0,0.3442622950819672,0.0,0.6065573770491803,0.39344262295081966,0.5384615384615384,0.0,0.15384615384615385,0.3076923076923077,0.19230769230769232,0.34615384615384615,0.0,0.0,0.0,0.0,0.0,0.038461538461538464,0.07692307692307693,0.038461538461538464,0.0,0.038461538461538464,0.0,0.2692307692307692,0.0,0.6538461538461539,0.34615384615384615,0.13377049180327877,-0.4262295081967213,-0.09289617486338797,-0.07840342124019956,0.1293260473588343,0.13627049180327871,-0.4262295081967213,-0.4262295081967213,-0.4262295081967213,-0.4262295081967213,-0.4262295081967213,-0.09289617486338797,-0.026229508196721263,-0.17622950819672129,-0.4262295081967213,0.07377049180327871,-0.4262295081967213,-0.09289617486338797,-0.4262295081967213,0.0332299512627382,-0.051229508196721285,83,34,0.40963855421686746,5105.759036144578,9253.764705882353,3,7,5,0.0,0.0,24.352941176470594,59.55882352941177,45.0,62.44897959183673,0.18072289156626506,0.4666666666666667,0,0.5151515151515151,0.0,0.3333333333333333,0.35294117647058826,0.5833333333333334,0.47619047619047616,0.0,0.0,0.0,0.0,0.0,0.3333333333333333,0.4,0.2857142857142857,0.0,0.25,0.0,0.36666666666666664,0.0,0.4339622641509434,0.36666666666666664,0.39759036144578314,0.012048192771084338,0.18072289156626506,0.40963855421686746,0.14457831325301204,0.25301204819277107,0.0,0.0,0.0,0.012048192771084338,0.0,0.03614457831325301,0.060240963855421686,0.08433734939759036,0.0,0.04819277108433735,0.0,0.3614457831325301,0.0,0.6385542168674698,0.3614457831325301,0.5,0.0,0.14705882352941177,0.35294117647058826,0.20588235294117646,0.29411764705882354,0.0,0.0,0.0,0.0,0.0,0.029411764705882353,0.058823529411764705,0.058823529411764705,0.0,0.029411764705882353,0.0,0.3235294117647059,0.0,0.6764705882352942,0.3235294117647059,0.10551296093464768,-0.40963855421686746,-0.07630522088353414,-0.0566973777462792,0.1736947791164659,0.06655192197360871,-0.40963855421686746,-0.40963855421686746,-0.40963855421686746,-0.40963855421686746,-0.40963855421686746,-0.07630522088353414,-0.009638554216867434,-0.12392426850258176,-0.40963855421686746,-0.15963855421686746,-0.40963855421686746,-0.042971887550200816,-0.40963855421686746,0.024323709934075954,-0.042971887550200816,0.01659095397985383,-22
ab64c385-638e-56fe-9e6f-085ba599c49b,Jerez de la Frontera,flamenco_world_madrid,72,38,0.5277777777777778,5929.652777777777,9318.210526315794,3,4,5,0.0,0.0,13.052631578947368,79.34210526315789,90.0,76.76470588235294,0.19444444444444445,0.5,0,0.5892857142857143,0.0,0.5,0.2222222222222222,0.4166666666666667,0.6363636363636364,0.0,0.0,0.0,0.0,0.0,0.75,0.0,0.0,0.0,0.0,0.0,0.2222222222222222,0.0,0.47368421052631576,0.5471698113207547,0.7777777777777778,0.013888888888888888,0.08333333333333333,0.125,0.16666666666666666,0.6111111111111112,0.0,0.0,0.0,0.013888888888888888,0.0,0.05555555555555555,0.013888888888888888,0.013888888888888888,0.0,0.0,0.0,0.125,0.0,0.2638888888888889,0.7361111111111112,0.868421052631579,0.0,0.07894736842105263,0.05263157894736842,0.13157894736842105,0.7368421052631579,0.0,0.0,0.0,0.0,0.0,0.07894736842105263,0.0,0.0,0.0,0.0,0.0,0.05263157894736842,0.0,0.23684210526315788,0.7631578947368421,0.06150793650793651,-0.5277777777777778,-0.02777777777777779,-0.3055555555555556,-0.1111111111111111,0.10858585858585856,-0.5277777777777778,-0.5277777777777778,-0.5277777777777778,-0.5277777777777778,-0.5277777777777778,0.2222222222222222,-0.5277777777777778,-0.5277777777777778,-0.5277777777777778,-0.5277777777777778,-0.5277777777777778,-0.3055555555555556,-0.5277777777777778,-0.05409356725146203,0.019392033542976916,82,42,0.5121951219512195,5876.2682926829275,9433.42857142857,3,4,5,0.0,0.0,17.714285714285715,79.28571428571429,90.0,77.62500000000001,0.1951219512195122,0.5,0,0.5692307692307692,0.0,0.42857142857142855,0.2222222222222222,0.38461538461538464,0.6153846153846154,0.0,0.0,0.0,0.0,0.0,0.75,0.0,0.0,0.0,0.0,0.0,0.2222222222222222,0.0,0.47619047619047616,0.5245901639344263,0.7926829268292683,0.012195121951219513,0.08536585365853659,0.10975609756097561,0.15853658536585366,0.6341463414634146,0.0,0.0,0.0,0.012195121951219513,0.0,0.04878048780487805,0.012195121951219513,0.024390243902439025,0.0,0.0,0.0,0.10975609756097561,0.0,0.25609756097560976,0.7439024390243902,0.8809523809523809,0.0,0.07142857142857142,0.047619047619047616,0.11904761904761904,0.7619047619047619,0.0,0.0,0.0,0.0,0.0,0.07142857142857142,0.0,0.0,0.0,0.0,0.0,0.047619047619047616,0.0,0.23809523809523808,0.7619047619047619,0.057035647279549684,-0.5121951219512195,-0.08362369337979098,-0.2899728997289973,-0.1275797373358349,0.1031894934333959,-0.5121951219512195,-0.5121951219512195,-0.5121951219512195,-0.5121951219512195,-0.5121951219512195,0.23780487804878048,-0.5121951219512195,-0.5121951219512195,-0.5121951219512195,-0.5121951219512195,-0.5121951219512195,-0.2899728997289973,-0.5121951219512195,-0.03600464576074336,0.012395041983206734,0.015582655826558267,-10
aba56f8a-7b73-503a-9650-0a9c8dda7172,Palma de Mallorca,sports_basketball_traveler,29,9,0.3103448275862069,3702.5172413793102,7468.888888888888,2,3,3,0.0,0.0,17.22222222222222,75.0,90.0,65.25,0.1724137931034483,0.4,1,0.4444444444444444,0.0,0.0,0.29411764705882354,0.6666666666666666,0.3333333333333333,0.0,0.0,0.0,0.0,0.0,0.0,0.0,0.0,0.0,0.0,0.0,0.29411764705882354,0.0,0.21428571428571427,0.4,0.3103448275862069,0.0,0.10344827586206896,0.5862068965517241,0.10344827586206896,0.20689655172413793,0.0,0.0,0.0,0.0,0.0,0.034482758620689655,0.0,0.06896551724137931,0.0,0.0,0.0,0.5862068965517241,0.0,0.4827586206896552,0.5172413793103449,0.4444444444444444,0.0,0.0,0.5555555555555556,0.2222222222222222,0.2222222222222222,0.0,0.0,0.0,0.0,0.0,0.0,0.0,0.0,0.0,0.0,0.0,0.5555555555555556,0.0,0.3333333333333333,0.6666666666666666,0.1340996168582375,-0.3103448275862069,-0.3103448275862069,-0.016227180527383367,0.3563218390804597,0.02298850574712641,-0.3103448275862069,-0.3103448275862069,-0.3103448275862069,-0.3103448275862069,-0.3103448275862069,-0.3103448275862069,-0.3103448275862069,-0.3103448275862069,-0.3103448275862069,-0.3103448275862069,-0.3103448275862069,-0.016227180527383367,-0.3103448275862069,-0.09605911330049263,0.08965517241379312,45,16,0.35555555555555557,4142.222222222222,8039.25,3,4,4,0.0,0.0,36.0625,70.3125,90.0,62.06896551724138,0.2222222222222222,0.4,1,0.5333333333333333,1.0,0.0,0.2916666666666667,0.7142857142857143,0.375,0.0,0.0,0.0,1.0,0.0,0.0,0.0,0.0,0.0,0.0,0.0,0.2916666666666667,0.0,0.28,0.45,0.3333333333333333,0.022222222222222223,0.1111111111111111,0.5333333333333333,0.15555555555555556,0.17777777777777778,0.0,0.0,0.0,0.022222222222222223,0.0,0.022222222222222223,0.0,0.08888888888888889,0.0,0.0,0.0,0.5333333333333333,0.0,0.5555555555555556,0.4444444444444444,0.5,0.0625,0.0,0.4375,0.3125,0.1875,0.0,0.0,0.0,0.0625,0.0,0.0,0.0,0.0,0.0,0.0,0.0,0.4375,0.0,0.4375,0.5625,0.17777777777777776,0.6444444444444444,-0.35555555555555557,-0.06388888888888888,0.35873015873015873,0.01944444444444443,-0.35555555555555557,-0.35555555555555557,-0.35555555555555557,0.6444444444444444,-0.35555555555555557,-0.35555555555555557,-0.35555555555555557,-0.35555555555555557,-0.35555555555555557,-0.35555555555555557,-0.35555555555555557,-0.06388888888888888,-0.35555555555555557,-0.07555555555555554,0.09444444444444444,-0.04521072796934866,-16
ad9d4225-31e8-5d80-a5d0-b90fc1e4e7d0,Madrid,music_pop_rock_local,73,43,0.589041095890411,5719.493150684931,8302.53488372093,3,6,4,0.0,0.0,12.697674418604652,69.06976744186046,90.0,67.49999999999999,0.0821917808219178,0.6666666666666666,0,0.6785714285714286,0.0,0.4,0.25,0.6538461538461539,0.7,0.0,0.0,0.0,0.0,0.0,0.0,0.5,0.5,0.0,1.0,0.0,0.18181818181818182,0.0,0.5714285714285714,0.6052631578947368,0.7671232876712328,0.0,0.0684931506849315,0.1643835616438356,0.3561643835616438,0.410958904109589,0.0,0.0,0.0,0.0,0.0,0.0136986301369863,0.0273972602739726,0.0273972602739726,0.0,0.0136986301369863,0.0,0.1506849315068493,0.0,0.4794520547945205,0.5205479452054794,0.8837209302325582,0.0,0.046511627906976744,0.06976744186046512,0.3953488372093023,0.4883720930232558,0.0,0.0,0.0,0.0,0.0,0.0,0.023255813953488372,0.023255813953488372,0.0,0.023255813953488372,0.0,0.046511627906976744,0.0,0.46511627906976744,0.5348837209302325,0.08953033268101762,-0.589041095890411,-0.18904109589041096,-0.339041095890411,0.06480505795574287,0.11095890410958897,-0.589041095890411,-0.589041095890411,-0.589041095890411,-0.589041095890411,-0.589041095890411,-0.589041095890411,-0.08904109589041098,-0.08904109589041098,-0.589041095890411,0.410958904109589,-0.589041095890411,-0.40722291407222916,-0.589041095890411,-0.017612524461839585,0.016222062004325855,90,53,0.5888888888888889,5692.444444444443,8281.377358490565,4,7,6,0.0,0.0,23.301886792452823,67.92452830188681,90.0,66.89189189189189,0.06666666666666667,0.6666666666666666,0,0.6521739130434783,1.0,0.4,0.3333333333333333,0.6129032258064516,0.6842105263157895,0.0,0.0,0.0,1.0,0.0,0.0,0.5,0.5,0.0,1.0,0.0,0.2857142857142857,0.0,0.5777777777777777,0.6,0.7666666666666667,0.011111111111111112,0.05555555555555555,0.16666666666666666,0.34444444444444444,0.4222222222222222,0.0,0.0,0.0,0.011111111111111112,0.0,0.011111111111111112,0.022222222222222223,0.022222222222222223,0.0,0.011111111111111112,0.0,0.15555555555555556,0.0,0.5,0.5,0.8490566037735849,0.018867924528301886,0.03773584905660377,0.09433962264150944,0.3584905660377358,0.49056603773584906,0.0,0.0,0.0,0.018867924528301886,0.0,0.0,0.018867924528301886,0.018867924528301886,0.0,0.018867924528301886,0.0,0.07547169811320754,0.0,0.49056603773584906,0.5094339622641509,0.06328502415458936,0.4111111111111111,-0.18888888888888888,-0.2555555555555556,0.024014336917562717,0.09532163742690059,-0.5888888888888889,-0.5888888888888889,-0.5888888888888889,0.4111111111111111,-0.5888888888888889,-0.5888888888888889,-0.0888888888888889,-0.0888888888888889,-0.5888888888888889,0.4111111111111111,-0.5888888888888889,-0.3031746031746032,-0.5888888888888889,-0.011111111111111183,0.011111111111111072,1.5220700152207556E-4,-17
adfb2c6e-231b-5f4e-a389-c1daa749b8ff,Jerez de la Frontera,flamenco_world_madrid,46,27,0.5869565217391305,6440.347826086957,9301.518518518518,3,6,4,0.0,0.0,11.77777777777778,76.66666666666667,90.0,67.10526315789474,0.2391304347826087,0.45454545454545453,0,0.5806451612903226,0.0,0.5,0.6666666666666666,0.3,0.7142857142857143,0.0,0.0,0.0,0.0,0.0,0.5,0.5,0.5,0.0,0.0,0.0,0.6666666666666666,0.0,0.5,0.6551724137931034,0.6739130434782609,0.0,0.13043478260869565,0.1956521739130435,0.21739130434782608,0.45652173913043476,0.0,0.0,0.0,0.0,0.0,0.043478260869565216,0.043478260869565216,0.043478260869565216,0.0,0.0,0.0,0.1956521739130435,0.021739130434782608,0.34782608695652173,0.6304347826086957,0.6666666666666666,0.0,0.1111111111111111,0.2222222222222222,0.1111111111111111,0.5555555555555556,0.0,0.0,0.0,0.0,0.0,0.037037037037037035,0.037037037037037035,0.037037037037037035,0.0,0.0,0.0,0.2222222222222222,0.0,0.2962962962962963,0.7037037037037037,-0.006311360448807868,-0.5869565217391305,-0.08695652173913049,0.07971014492753614,-0.2869565217391305,0.1273291925465838,-0.5869565217391305,-0.5869565217391305,-0.5869565217391305,-0.5869565217391305,-0.5869565217391305,-0.08695652173913049,-0.08695652173913049,-0.08695652173913049,-0.5869565217391305,-0.5869565217391305,-0.5869565217391305,0.07971014492753614,-0.5869565217391305,-0.08695652173913049,0.06821589205397294,73,42,0.5753424657534246,6325.232876712328,9300.571428571428,3,6,6,0.0,0.0,28.976190476190467,76.07142857142858,90.0,67.25806451612904,0.2054794520547945,0.4,0,0.6382978723404256,0.0,0.46153846153846156,0.5,0.42857142857142855,0.7272727272727273,0.0,0.0,0.0,0.0,0.0,0.4,0.6,0.3333333333333333,0.0,0.0,0.0,0.5,0.0,0.48148148148148145,0.6444444444444445,0.6438356164383562,0.0136986301369863,0.1780821917808219,0.1643835616438356,0.1917808219178082,0.4520547945205479,0.0,0.0,0.0,0.0136986301369863,0.0,0.0684931506849315,0.0684931506849315,0.0410958904109589,0.0,0.0,0.0,0.1643835616438356,0.0136986301369863,0.3698630136986301,0.6164383561643836,0.7142857142857143,0.0,0.14285714285714285,0.14285714285714285,0.14285714285714285,0.5714285714285714,0.0,0.0,0.0,0.0,0.0,0.047619047619047616,0.07142857142857142,0.023809523809523808,0.0,0.0,0.0,0.14285714285714285,0.0,0.30952380952380953,0.6904761904761905,0.06295540658700094,-0.5753424657534246,-0.11380400421496306,-0.07534246575342463,-0.14677103718199608,0.15193026151930267,-0.5753424657534246,-0.5753424657534246,-0.5753424657534246,-0.5753424657534246,-0.5753424657534246,-0.1753424657534246,0.024657534246575352,-0.2420091324200913,-0.5753424657534246,-0.5753424657534246,-0.5753424657534246,-0.07534246575342463,-0.5753424657534246,-0.09386098427194317,0.06910197869101986,0.011614055985705862,-27
aea208d1-6919-5969-bb26-42eda9416163,Valencia,music_pop_rock_local,50,30,0.6,5669.18,7810.333333333334,2,3,5,0.0,0.0,12.033333333333333,63.0,45.0,61.5,0.06,0.0,0,0.65,0.0,0.0,0.4,0.7037037037037037,0.5384615384615384,0.0,0.0,0.0,0.0,0.0,0.0,0.0,0.0,0.0,0.0,0.0,0.4,0.0,0.6206896551724138,0.6,0.8,0.0,0.0,0.2,0.54,0.26,0.0,0.0,0.0,0.0,0.0,0.0,0.0,0.0,0.0,0.0,0.0,0.2,0.02,0.58,0.4,0.8666666666666667,0.0,0.0,0.13333333333333333,0.6333333333333333,0.23333333333333334,0.0,0.0,0.0,0.0,0.0,0.0,0.0,0.0,0.0,0.0,0.0,0.13333333333333333,0.0,0.6,0.4,0.050000000000000044,-0.6,-0.6,-0.19999999999999996,0.10370370370370374,-0.06153846153846154,-0.6,-0.6,-0.6,-0.6,-0.6,-0.6,-0.6,-0.6,-0.6,-0.6,-0.6,-0.19999999999999996,-0.6,0.020689655172413834,0.0,61,34,0.5573770491803278,5390.836065573771,7769.470588235294,3,4,5,0.0,0.0,18.852941176470587,63.52941176470587,45.0,60.55555555555555,0.04918032786885246,0.0,0,0.6041666666666666,0.0,0.5,0.4,0.625,0.5625,0.0,0.0,0.0,0.0,0.0,0.0,0.0,0.5,0.0,0.0,0.0,0.4,0.0,0.5555555555555556,0.5833333333333334,0.7868852459016393,0.01639344262295082,0.03278688524590164,0.16393442622950818,0.5245901639344263,0.26229508196721313,0.0,0.0,0.0,0.01639344262295082,0.0,0.0,0.0,0.03278688524590164,0.0,0.0,0.0,0.16393442622950818,0.01639344262295082,0.5901639344262295,0.39344262295081966,0.8529411764705882,0.0,0.029411764705882353,0.11764705882352941,0.5882352941176471,0.2647058823529412,0.0,0.0,0.0,0.0,0.0,0.0,0.0,0.029411764705882353,0.0,0.0,0.0,0.11764705882352941,0.0,0.5882352941176471,0.4117647058823529,0.04678961748633881,-0.5573770491803278,-0.05737704918032782,-0.1573770491803278,0.06762295081967218,0.0051229508196721785,-0.5573770491803278,-0.5573770491803278,-0.5573770491803278,-0.5573770491803278,-0.5573770491803278,-0.5573770491803278,-0.5573770491803278,-0.05737704918032782,-0.5573770491803278,-0.5573770491803278,-0.5573770491803278,-0.1573770491803278,-0.5573770491803278,-0.0018214936247722413,0.02595628415300555,0.042622950819672156,-11
b1170d3e-1f39-58e0-b73a-79e3b92ef2f7,Madrid,music_pop_rock_local,55,34,0.6181818181818182,5907.818181818182,8094.764705882353,3,5,3,0.0,0.0,12.441176470588236,66.17647058823529,45.0,64.28571428571429,0.14545454545454545,0.75,0,0.75,0.0,0.2857142857142857,0.45454545454545453,0.7368421052631579,0.7647058823529411,0.0,0.0,0.0,0.0,0.0,0.0,0.3333333333333333,0.25,0.0,0.0,0.0,0.45454545454545453,0.0,0.6,0.64,0.6545454545454545,0.01818181818181818,0.12727272727272726,0.2,0.34545454545454546,0.3090909090909091,0.0,0.0,0.0,0.01818181818181818,0.0,0.0,0.05454545454545454,0.07272727272727272,0.0,0.0,0.0,0.2,0.0,0.5454545454545454,0.45454545454545453,0.7941176470588235,0.0,0.058823529411764705,0.14705882352941177,0.4117647058823529,0.38235294117647056,0.0,0.0,0.0,0.0,0.0,0.0,0.029411764705882353,0.029411764705882353,0.0,0.0,0.0,0.14705882352941177,0.0,0.5294117647058824,0.47058823529411764,0.13181818181818183,-0.6181818181818182,-0.33246753246753247,-0.16363636363636364,0.11866028708133969,0.14652406417112296,-0.6181818181818182,-0.6181818181818182,-0.6181818181818182,-0.6181818181818182,-0.6181818181818182,-0.6181818181818182,-0.28484848484848485,-0.36818181818181817,-0.6181818181818182,-0.6181818181818182,-0.6181818181818182,-0.16363636363636364,-0.6181818181818182,-0.018181818181818188,0.021818181818181848,75,47,0.6266666666666667,6320.466666666667,8650.297872340425,3,5,3,0.0,0.0,27.893617021276597,67.02127659574468,45.0,67.5,0.13333333333333333,0.7,0,0.7142857142857143,0.0,0.2857142857142857,0.45454545454545453,0.7407407407407407,0.6896551724137931,0.0,0.0,0.0,0.0,0.0,0.0,0.3333333333333333,0.25,0.0,0.0,0.0,0.45454545454545453,0.0,0.631578947368421,0.6216216216216216,0.7466666666666667,0.013333333333333334,0.09333333333333334,0.14666666666666667,0.36,0.38666666666666666,0.0,0.0,0.0,0.013333333333333334,0.0,0.0,0.04,0.05333333333333334,0.0,0.0,0.0,0.14666666666666667,0.0,0.5066666666666667,0.49333333333333335,0.851063829787234,0.0,0.0425531914893617,0.10638297872340426,0.425531914893617,0.425531914893617,0.0,0.0,0.0,0.0,0.0,0.0,0.02127659574468085,0.02127659574468085,0.0,0.0,0.0,0.10638297872340426,0.0,0.5106382978723404,0.48936170212765956,0.0876190476190476,-0.6266666666666667,-0.340952380952381,-0.17212121212121217,0.114074074074074,0.06298850574712644,-0.6266666666666667,-0.6266666666666667,-0.6266666666666667,-0.6266666666666667,-0.6266666666666667,-0.6266666666666667,-0.2933333333333334,-0.3766666666666667,-0.6266666666666667,-0.6266666666666667,-0.6266666666666667,-0.17212121212121217,-0.6266666666666667,0.004912280701754312,-0.0050450450450451045,-0.00848484848484854,-20
b8041d35-f868-573b-a780-b07c65c6235a,Barcelona,music_pop_rock_local,60,29,0.48333333333333334,5200.583333333333,8356.448275862069,3,5,6,0.0,0.0,14.034482758620687,60.51724137931035,45.0,63.87096774193549,0.11666666666666667,0.42857142857142855,0,0.5,0.0,1.0,0.36363636363636365,0.5357142857142857,0.4444444444444444,0.0,0.0,0.0,0.0,0.0,0.0,1.0,1.0,0.0,0.0,0.0,0.36363636363636365,0.0,0.5135135135135135,0.43478260869565216,0.7666666666666667,0.016666666666666666,0.03333333333333333,0.18333333333333332,0.4666666666666667,0.3,0.0,0.0,0.0,0.016666666666666666,0.0,0.0,0.016666666666666666,0.016666666666666666,0.0,0.0,0.0,0.18333333333333332,0.0,0.6166666666666667,0.38333333333333336,0.7931034482758621,0.0,0.06896551724137931,0.13793103448275862,0.5172413793103449,0.27586206896551724,0.0,0.0,0.0,0.0,0.0,0.0,0.034482758620689655,0.034482758620689655,0.0,0.0,0.0,0.13793103448275862,0.0,0.6551724137931034,0.3448275862068966,0.016666666666666663,-0.48333333333333334,0.5166666666666666,-0.11969696969696969,0.05238095238095236,-0.03888888888888892,-0.48333333333333334,-0.48333333333333334,-0.48333333333333334,-0.48333333333333334,-0.48333333333333334,-0.48333333333333334,0.5166666666666666,0.5166666666666666,-0.48333333333333334,-0.48333333333333334,-0.48333333333333334,-0.11969696969696969,-0.48333333333333334,0.03018018018018015,-0.048550724637681175,80,40,0.5,5166.4625,8262.449999999999,3,5,6,0.0,0.0,26.075,62.24999999999999,45.0,66.375,0.1125,0.4444444444444444,0,0.5161290322580645,0.0,0.5,0.46153846153846156,0.5625,0.4666666666666667,0.0,0.0,0.0,0.0,0.0,0.0,1.0,0.3333333333333333,0.0,0.0,0.0,0.46153846153846156,1.0,0.5227272727272727,0.45714285714285713,0.775,0.0125,0.05,0.1625,0.4,0.375,0.0,0.0,0.0,0.0125,0.0,0.0,0.0125,0.0375,0.0,0.0,0.0,0.1625,0.0125,0.55,0.4375,0.8,0.0,0.05,0.15,0.45,0.35,0.0,0.0,0.0,0.0,0.0,0.0,0.025,0.025,0.0,0.0,0.0,0.15,0.025,0.575,0.4,0.016129032258064502,-0.5,0.0,-0.038461538461538436,0.0625,-0.033333333333333326,-0.5,-0.5,-0.5,-0.5,-0.5,-0.5,0.5,-0.16666666666666669,-0.5,-0.5,-0.5,-0.038461538461538436,0.5,0.022727272727272707,-0.04285714285714287,-0.016666666666666663,-20
bb1dd302-1709-58c5-b3f7-d8c492d6ed3f,Valencia,music_pop_rock_local,57,28,0.49122807017543857,5312.807017543859,8330.214285714284,3,4,5,0.0,0.0,11.07142857142857,64.82142857142857,45.0,69.82758620689654,0.05263157894736842,0.6666666666666666,0,0.5,0.0,0.25,0.6666666666666666,0.6818181818181818,0.3333333333333333,0.0,0.0,0.0,0.0,0.0,0.0,0.5,0.0,0.0,0.0,0.0,0.6666666666666666,1.0,0.5185185185185185,0.4482758620689655,0.8070175438596491,0.017543859649122806,0.07017543859649122,0.10526315789473684,0.38596491228070173,0.42105263157894735,0.0,0.0,0.0,0.017543859649122806,0.0,0.0,0.03508771929824561,0.03508771929824561,0.0,0.0,0.0,0.10526315789473684,0.017543859649122806,0.47368421052631576,0.5087719298245614,0.8214285714285714,0.0,0.03571428571428571,0.14285714285714285,0.5357142857142857,0.2857142857142857,0.0,0.0,0.0,0.0,0.0,0.0,0.03571428571428571,0.0,0.0,0.0,0.0,0.14285714285714285,0.03571428571428571,0.5,0.4642857142857143,0.00877192982456143,-0.49122807017543857,-0.24122807017543857,0.17543859649122806,0.1905901116427432,-0.15789473684210525,-0.49122807017543857,-0.49122807017543857,-0.49122807017543857,-0.49122807017543857,-0.49122807017543857,-0.49122807017543857,0.00877192982456143,-0.49122807017543857,-0.49122807017543857,-0.49122807017543857,-0.49122807017543857,0.17543859649122806,0.5087719298245614,0.02729044834307992,-0.042952208106473044,82,43,0.524390243902439,5396.231707317073,8133.139534883721,3,4,7,0.0,0.0,29.53488372093023,62.09302325581395,45.0,70.38461538461539,0.10975609756097561,0.6666666666666666,0,0.5294117647058824,0.0,0.25,0.6666666666666666,0.6486486486486487,0.3870967741935484,0.0,0.0,0.0,0.0,0.0,0.0,0.5,0.0,0.0,0.0,0.0,0.6666666666666666,1.0,0.5952380952380952,0.4358974358974359,0.8292682926829268,0.012195121951219513,0.04878048780487805,0.10975609756097561,0.45121951219512196,0.3780487804878049,0.0,0.0,0.0,0.012195121951219513,0.0,0.0,0.024390243902439025,0.024390243902439025,0.0,0.0,0.0,0.10975609756097561,0.012195121951219513,0.5121951219512195,0.47560975609756095,0.8372093023255814,0.0,0.023255813953488372,0.13953488372093023,0.5581395348837209,0.27906976744186046,0.0,0.0,0.0,0.0,0.0,0.0,0.023255813953488372,0.0,0.0,0.0,0.0,0.13953488372093023,0.023255813953488372,0.5813953488372093,0.3953488372093023,0.005021520803443313,-0.524390243902439,-0.27439024390243905,0.14227642276422758,0.12425840474620964,-0.13729346970889067,-0.524390243902439,-0.524390243902439,-0.524390243902439,-0.524390243902439,-0.524390243902439,-0.524390243902439,-0.024390243902439046,-0.524390243902439,-0.524390243902439,-0.524390243902439,-0.524390243902439,0.14227642276422758,0.47560975609756095,0.07084785133565619,-0.08849280800500314,-0.03316217372700048,-25
bec38767-3d9c-5501-aca7-db000583db5c,Barcelona,broad_discovery_flexible,66,23,0.3484848484848485,4204.530303030303,8088.782608695653,3,6,4,0.0,0.0,15.826086956521738,64.56521739130434,45.0,62.7906976744186,0.25757575757575757,0.47058823529411764,0,0.4,0.0,0.375,0.3103448275862069,0.4444444444444444,0.36363636363636365,0.0,0.0,0.0,0.0,0.0,0.2857142857142857,0.4,0.5,0.0,0.0,0.0,0.3333333333333333,0.0,0.3333333333333333,0.37037037037037035,0.30303030303030304,0.015151515151515152,0.24242424242424243,0.4393939393939394,0.13636363636363635,0.16666666666666666,0.0,0.0,0.0,0.015151515151515152,0.0,0.10606060606060606,0.07575757575757576,0.06060606060606061,0.0,0.030303030303030304,0.0,0.4090909090909091,0.0,0.5909090909090909,0.4090909090909091,0.34782608695652173,0.0,0.2608695652173913,0.391304347826087,0.17391304347826086,0.17391304347826086,0.0,0.0,0.0,0.0,0.0,0.08695652173913043,0.08695652173913043,0.08695652173913043,0.0,0.0,0.0,0.391304347826087,0.0,0.5652173913043478,0.43478260869565216,0.051515151515151514,-0.3484848484848485,0.02651515151515149,-0.0381400208986416,0.09595959595959591,0.015151515151515138,-0.3484848484848485,-0.3484848484848485,-0.3484848484848485,-0.3484848484848485,-0.3484848484848485,-0.06277056277056281,0.051515151515151514,0.1515151515151515,-0.3484848484848485,-0.3484848484848485,-0.3484848484848485,-0.015151515151515194,-0.3484848484848485,-0.015151515151515194,0.02188552188552184,82,31,0.3780487804878049,4568.426829268295,8573.677419354837,3,6,4,0.0,0.0,25.645161290322584,65.3225806451613,45.0,62.64705882352943,0.23170731707317074,0.42105263157894735,0,0.4074074074074074,0.0,0.3333333333333333,0.3888888888888889,0.5,0.3333333333333333,0.0,0.0,0.0,0.0,0.0,0.2857142857142857,0.4,0.3333333333333333,0.0,0.0,0.0,0.4117647058823529,0.0,0.3541666666666667,0.4117647058823529,0.32926829268292684,0.012195121951219513,0.21951219512195122,0.43902439024390244,0.14634146341463414,0.18292682926829268,0.0,0.0,0.0,0.012195121951219513,0.0,0.08536585365853659,0.06097560975609756,0.07317073170731707,0.0,0.024390243902439025,0.0,0.4146341463414634,0.0,0.5853658536585366,0.4146341463414634,0.3548387096774194,0.0,0.1935483870967742,0.45161290322580644,0.1935483870967742,0.16129032258064516,0.0,0.0,0.0,0.0,0.0,0.06451612903225806,0.06451612903225806,0.06451612903225806,0.0,0.0,0.0,0.45161290322580644,0.0,0.5483870967741935,0.45161290322580644,0.029358626919602504,-0.3780487804878049,-0.044715447154471566,0.010840108401084014,0.12195121951219512,-0.044715447154471566,-0.3780487804878049,-0.3780487804878049,-0.3780487804878049,-0.3780487804878049,-0.3780487804878049,-0.09233449477351918,0.02195121951219514,-0.044715447154471566,-0.3780487804878049,-0.3780487804878049,-0.3780487804878049,0.03371592539454804,-0.3780487804878049,-0.023882113821138196,0.03371592539454804,-0.029563932002956372,-16
bf8d12f4-ff87-553a-a1b6-ec754c9e5640,Barcelona,music_pop_rock_local,48,35,0.7291666666666666,6838.729166666666,8616.17142857143,4,5,7,0.0,0.0,12.314285714285715,67.28571428571428,90.0,62.30769230769231,0.1875,0.7777777777777778,0,0.7837837837837838,1.0,0.25,0.6666666666666666,0.6818181818181818,0.9333333333333333,0.0,0.0,0.0,1.0,0.0,0.0,0.0,0.3333333333333333,0.0,0.0,0.0,0.6666666666666666,1.0,0.6666666666666666,0.782608695652174,0.7708333333333334,0.020833333333333332,0.08333333333333333,0.125,0.4583333333333333,0.3125,0.0,0.0,0.0,0.020833333333333332,0.0,0.0,0.020833333333333332,0.0625,0.0,0.0,0.0,0.125,0.020833333333333332,0.5,0.4791666666666667,0.8285714285714286,0.02857142857142857,0.02857142857142857,0.11428571428571428,0.42857142857142855,0.4,0.0,0.0,0.0,0.02857142857142857,0.0,0.0,0.0,0.02857142857142857,0.0,0.0,0.0,0.11428571428571428,0.02857142857142857,0.45714285714285713,0.5142857142857142,0.05461711711711714,0.27083333333333337,-0.47916666666666663,-0.0625,-0.04734848484848486,0.20416666666666672,-0.7291666666666666,-0.7291666666666666,-0.7291666666666666,0.27083333333333337,-0.7291666666666666,-0.7291666666666666,-0.7291666666666666,-0.3958333333333333,-0.7291666666666666,-0.7291666666666666,-0.7291666666666666,-0.0625,0.27083333333333337,-0.0625,0.05344202898550732,69,49,0.7101449275362319,6595.376811594203,8367.30612244898,4,5,8,0.0,0.0,28.000000000000007,67.34693877551021,90.0,67.5,0.15942028985507245,0.8181818181818182,0,0.7777777777777778,1.0,0.2,0.5555555555555556,0.7419354838709677,0.8260869565217391,0.0,0.0,0.0,1.0,0.0,0.0,0.0,0.25,0.0,0.0,0.0,0.625,1.0,0.696969696969697,0.7142857142857143,0.782608695652174,0.014492753623188406,0.07246376811594203,0.13043478260869565,0.4492753623188406,0.3333333333333333,0.0,0.0,0.0,0.014492753623188406,0.0,0.0,0.014492753623188406,0.057971014492753624,0.0,0.014492753623188406,0.0,0.11594202898550725,0.014492753623188406,0.4782608695652174,0.5072463768115942,0.8571428571428571,0.02040816326530612,0.02040816326530612,0.10204081632653061,0.46938775510204084,0.3877551020408163,0.0,0.0,0.0,0.02040816326530612,0.0,0.0,0.0,0.02040816326530612,0.0,0.0,0.0,0.10204081632653061,0.02040816326530612,0.46938775510204084,0.5102040816326531,0.06763285024154586,0.28985507246376807,-0.510144927536232,-0.15458937198067635,0.03179055633473582,0.1159420289855072,-0.7101449275362319,-0.7101449275362319,-0.7101449275362319,0.28985507246376807,-0.7101449275362319,-0.7101449275362319,-0.7101449275362319,-0.46014492753623193,-0.7101449275362319,-0.7101449275362319,-0.7101449275362319,-0.08514492753623193,0.28985507246376807,-0.013175230566534912,0.0041407867494823725,0.0190217391304347,-21
c1c230e8-492c-5500-b692-6c16f1b0eb3c,Barcelona,culture_theatre_explorer,63,29,0.4603174603174603,5461.412698412699,9212.517241379312,3,5,4,0.0,0.0,16.241379310344826,51.72413793103448,45.0,62.205882352941174,0.2857142857142857,0.4444444444444444,0,0.14285714285714285,0.0,0.5675675675675675,0.3888888888888889,0.16666666666666666,0.0,0.0,0.0,0.0,0.0,0.0,0.4444444444444444,0.7,0.5555555555555556,0.0,0.0,0.0,0.3888888888888889,1.0,0.5227272727272727,0.2777777777777778,0.1111111111111111,0.015873015873015872,0.5873015873015873,0.2857142857142857,0.09523809523809523,0.015873015873015872,0.0,0.0,0.0,0.015873015873015872,0.0,0.14285714285714285,0.15873015873015872,0.2857142857142857,0.0,0.0,0.0,0.2857142857142857,0.015873015873015872,0.6984126984126984,0.2857142857142857,0.034482758620689655,0.0,0.7241379310344828,0.2413793103448276,0.034482758620689655,0.0,0.0,0.0,0.0,0.0,0.0,0.13793103448275862,0.2413793103448276,0.3448275862068966,0.0,0.0,0.0,0.2413793103448276,0.034482758620689655,0.7931034482758621,0.1724137931034483,-0.31746031746031744,-0.4603174603174603,0.10725010725010725,-0.0714285714285714,-0.2936507936507936,-0.4603174603174603,-0.4603174603174603,-0.4603174603174603,-0.4603174603174603,-0.4603174603174603,-0.4603174603174603,-0.015873015873015872,0.23968253968253966,0.09523809523809529,-0.4603174603174603,-0.4603174603174603,-0.4603174603174603,-0.0714285714285714,0.5396825396825398,0.062409812409812415,-0.1825396825396825,75,31,0.41333333333333333,5170.053333333333,9217.451612903227,3,5,5,0.0,0.0,17.70967741935484,51.29032258064516,45.0,60.340909090909086,0.32,0.375,0,0.25,0.0,0.4782608695652174,0.35,0.2857142857142857,0.0,0.0,0.0,0.0,0.0,0.0,0.4,0.5833333333333334,0.4583333333333333,0.0,0.0,0.0,0.35,1.0,0.46296296296296297,0.25,0.10666666666666667,0.013333333333333334,0.6133333333333333,0.26666666666666666,0.09333333333333334,0.013333333333333334,0.0,0.0,0.0,0.013333333333333334,0.0,0.13333333333333333,0.16,0.32,0.0,0.0,0.0,0.26666666666666666,0.013333333333333334,0.72,0.26666666666666666,0.06451612903225806,0.0,0.7096774193548387,0.22580645161290322,0.06451612903225806,0.0,0.0,0.0,0.0,0.0,0.0,0.12903225806451613,0.22580645161290322,0.3548387096774194,0.0,0.0,0.0,0.22580645161290322,0.03225806451612903,0.8064516129032258,0.16129032258064516,-0.16333333333333333,-0.41333333333333333,0.06492753623188408,-0.06333333333333335,-0.12761904761904763,-0.41333333333333333,-0.41333333333333333,-0.41333333333333333,-0.41333333333333333,-0.41333333333333333,-0.41333333333333333,-0.013333333333333308,0.17000000000000004,0.044999999999999984,-0.41333333333333333,-0.41333333333333333,-0.41333333333333333,-0.06333333333333335,0.5866666666666667,0.049629629629629635,-0.16333333333333333,0.04698412698412696,-12
c21109bb-985d-50e6-b2d0-a9ed92d4615a,Valencia,music_pop_rock_local,47,25,0.5319148936170213,5219.531914893616,7787.599999999999,3,5,4,0.0,0.0,18.88,61.2,45.0,62.04545454545455,0.0851063829787234,0.5,0,0.5526315789473685,0.0,0.6666666666666666,0.4,0.5652173913043478,0.5333333333333333,0.0,0.0,0.0,0.0,0.0,0.0,1.0,0.5,0.0,0.0,0.0,0.5,0.0,0.5714285714285714,0.5,0.8085106382978723,0.02127659574468085,0.06382978723404255,0.10638297872340426,0.48936170212765956,0.3191489361702128,0.0,0.0,0.0,0.02127659574468085,0.0,0.0,0.02127659574468085,0.0425531914893617,0.0,0.02127659574468085,0.0,0.0851063829787234,0.02127659574468085,0.5957446808510638,0.3829787234042553,0.84,0.0,0.08,0.08,0.52,0.32,0.0,0.0,0.0,0.0,0.0,0.0,0.04,0.04,0.0,0.0,0.0,0.08,0.0,0.64,0.36,0.020716685330347206,-0.5319148936170213,0.13475177304964536,-0.13191489361702124,0.033302497687326515,0.0014184397163120588,-0.5319148936170213,-0.5319148936170213,-0.5319148936170213,-0.5319148936170213,-0.5319148936170213,-0.5319148936170213,0.46808510638297873,-0.03191489361702127,-0.5319148936170213,-0.5319148936170213,-0.5319148936170213,-0.03191489361702127,-0.5319148936170213,0.03951367781155013,-0.03191489361702127,64,30,0.46875,5070.875,8079.299999999999,3,5,5,0.0,0.0,26.06666666666667,60.0,45.0,62.64705882352941,0.125,0.5,0,0.4807692307692308,0.0,0.4,0.5,0.5,0.45454545454545453,0.0,0.0,0.0,0.0,0.0,0.0,1.0,0.25,0.0,0.0,0.0,0.6,0.0,0.5128205128205128,0.4166666666666667,0.8125,0.015625,0.078125,0.09375,0.46875,0.34375,0.0,0.0,0.0,0.015625,0.0,0.0,0.015625,0.0625,0.0,0.015625,0.0,0.078125,0.015625,0.609375,0.375,0.8333333333333334,0.0,0.06666666666666667,0.1,0.5,0.3333333333333333,0.0,0.0,0.0,0.0,0.0,0.0,0.03333333333333333,0.03333333333333333,0.0,0.0,0.0,0.1,0.0,0.6666666666666666,0.3333333333333333,0.012019230769230782,-0.46875,-0.06874999999999998,0.03125,0.03125,-0.01420454545454547,-0.46875,-0.46875,-0.46875,-0.46875,-0.46875,-0.46875,0.53125,-0.21875,-0.46875,-0.46875,-0.46875,0.13124999999999998,-0.46875,0.044070512820512775,-0.052083333333333315,0.06316489361702127,-17
c6c58697-68c1-5993-8eb4-053aa02cea01,Madrid,music_pop_rock_local,61,37,0.6065573770491803,5906.44262295082,8456.27027027027,3,4,4,0.0,0.0,15.08108108108108,65.67567567567568,45.0,61.875,0.16393442622950818,0.3,0,0.6956521739130435,0.0,0.2,0.4444444444444444,0.6521739130434783,0.7391304347826086,0.0,0.0,0.0,0.0,0.0,0.0,0.0,0.25,0.0,0.0,0.0,0.4444444444444444,0.0,0.5714285714285714,0.6538461538461539,0.7540983606557377,0.01639344262295082,0.08196721311475409,0.14754098360655737,0.3770491803278688,0.3770491803278688,0.0,0.0,0.0,0.01639344262295082,0.0,0.0,0.01639344262295082,0.06557377049180328,0.0,0.0,0.0,0.14754098360655737,0.0,0.5737704918032787,0.4262295081967213,0.8648648648648649,0.0,0.02702702702702703,0.10810810810810811,0.40540540540540543,0.4594594594594595,0.0,0.0,0.0,0.0,0.0,0.0,0.0,0.02702702702702703,0.0,0.0,0.0,0.10810810810810811,0.0,0.5405405405405406,0.4594594594594595,0.08909479686386312,-0.6065573770491803,-0.4065573770491803,-0.16211293260473592,0.045616535994297935,0.1325730577334283,-0.6065573770491803,-0.6065573770491803,-0.6065573770491803,-0.6065573770491803,-0.6065573770491803,-0.6065573770491803,-0.6065573770491803,-0.35655737704918034,-0.6065573770491803,-0.6065573770491803,-0.6065573770491803,-0.16211293260473592,-0.6065573770491803,-0.03512880562060894,0.04728877679697352,80,46,0.575,5644.2875,8378.478260869564,3,5,6,0.0,0.0,24.608695652173914,63.58695652173913,45.0,58.23529411764706,0.125,0.3,0,0.6666666666666666,0.0,0.3,0.4666666666666667,0.6,0.75,0.0,0.0,0.0,0.0,0.0,0.0,0.5,0.2857142857142857,0.0,0.0,0.0,0.4666666666666667,0.0,0.5294117647058824,0.6551724137931034,0.675,0.0125,0.125,0.1875,0.375,0.3,0.0,0.0,0.0,0.0125,0.0,0.0125,0.025,0.0875,0.0,0.0,0.0,0.1875,0.0,0.6375,0.3625,0.782608695652174,0.0,0.06521739130434782,0.15217391304347827,0.391304347826087,0.391304347826087,0.0,0.0,0.0,0.0,0.0,0.0,0.021739130434782608,0.043478260869565216,0.0,0.0,0.0,0.15217391304347827,0.0,0.5869565217391305,0.41304347826086957,0.09166666666666667,-0.575,-0.27499999999999997,-0.10833333333333328,0.025000000000000022,0.17500000000000004,-0.575,-0.575,-0.575,-0.575,-0.575,-0.575,-0.07499999999999996,-0.28928571428571426,-0.575,-0.575,-0.575,-0.10833333333333328,-0.575,-0.045588235294117596,0.08017241379310347,0.03155737704918038,-19
c882ac47-a097-5018-83c7-2bfb927980e8,Palma de Mallorca,sports_basketball_traveler,53,15,0.2830188679245283,3533.7924528301887,7220.0,4,6,5,0.0,0.0,15.600000000000001,66.0,45.0,71.05263157894737,0.05660377358490566,0.3333333333333333,0,0.3,1.0,0.42857142857142855,0.2,0.25,0.3333333333333333,0.0,0.0,0.0,1.0,0.0,0.0,0.5,0.6666666666666666,0.0,0.0,0.0,0.2,0.0,0.3333333333333333,0.2413793103448276,0.37735849056603776,0.018867924528301886,0.1320754716981132,0.4716981132075472,0.1509433962264151,0.22641509433962265,0.0,0.0,0.0,0.018867924528301886,0.0,0.03773584905660377,0.03773584905660377,0.05660377358490566,0.0,0.0,0.0,0.4716981132075472,0.0,0.4528301886792453,0.5471698113207547,0.4,0.06666666666666667,0.2,0.3333333333333333,0.13333333333333333,0.26666666666666666,0.0,0.0,0.0,0.06666666666666667,0.0,0.0,0.06666666666666667,0.13333333333333333,0.0,0.0,0.0,0.3333333333333333,0.0,0.5333333333333333,0.4666666666666667,0.016981132075471694,0.7169811320754718,0.14555256064690025,-0.08301886792452828,-0.033018867924528295,0.05031446540880502,-0.2830188679245283,-0.2830188679245283,-0.2830188679245283,0.7169811320754718,-0.2830188679245283,-0.2830188679245283,0.2169811320754717,0.38364779874213834,-0.2830188679245283,-0.2830188679245283,-0.2830188679245283,-0.08301886792452828,-0.2830188679245283,0.05031446540880502,-0.0416395575797007,72,18,0.25,3276.708333333334,7308.555555555555,4,6,5,0.0,0.0,23.72222222222222,70.0,90.0,72.5,0.05555555555555555,0.25,0,0.2962962962962963,1.0,0.375,0.16666666666666666,0.2,0.35294117647058826,0.0,0.0,0.0,1.0,0.0,0.0,0.5,0.5,0.0,0.0,0.0,0.16666666666666666,0.0,0.27586206896551724,0.23255813953488372,0.375,0.013888888888888888,0.1111111111111111,0.5,0.1388888888888889,0.2361111111111111,0.0,0.0,0.0,0.013888888888888888,0.0,0.027777777777777776,0.027777777777777776,0.05555555555555555,0.0,0.0,0.0,0.5,0.0,0.4027777777777778,0.5972222222222222,0.4444444444444444,0.05555555555555555,0.16666666666666666,0.3333333333333333,0.1111111111111111,0.3333333333333333,0.0,0.0,0.0,0.05555555555555555,0.0,0.0,0.05555555555555555,0.1111111111111111,0.0,0.0,0.0,0.3333333333333333,0.0,0.4444444444444444,0.5555555555555556,0.04629629629629628,0.75,0.125,-0.08333333333333334,-0.04999999999999999,0.10294117647058826,-0.25,-0.25,-0.25,0.75,-0.25,-0.25,0.25,0.25,-0.25,-0.25,-0.25,-0.08333333333333334,-0.25,0.025862068965517238,-0.017441860465116282,0.033018867924528295,-19
c99a1ece-24a7-53ca-9d69-f2a419e246db,Jerez de la Frontera,flamenco_world_madrid,59,33,0.559322033898305,6381.610169491527,9523.212121212122,4,5,5,0.0,0.0,13.96969696969697,71.36363636363636,90.0,64.03846153846153,0.1694915254237288,0.5,0,0.5384615384615384,1.0,0.4,0.6428571428571429,0.5,0.5517241379310345,0.0,0.0,0.0,1.0,0.0,0.0,0.0,0.5,0.0,0.0,0.0,0.6428571428571429,1.0,0.4444444444444444,0.6451612903225806,0.6610169491525424,0.01694915254237288,0.0847457627118644,0.23728813559322035,0.1694915254237288,0.4915254237288136,0.0,0.0,0.0,0.01694915254237288,0.0,0.0,0.01694915254237288,0.06779661016949153,0.0,0.0,0.0,0.23728813559322035,0.01694915254237288,0.4576271186440678,0.5254237288135594,0.6363636363636364,0.030303030303030304,0.06060606060606061,0.2727272727272727,0.15151515151515152,0.48484848484848486,0.0,0.0,0.0,0.030303030303030304,0.0,0.0,0.0,0.06060606060606061,0.0,0.0,0.0,0.2727272727272727,0.030303030303030304,0.36363636363636365,0.6060606060606061,-0.020860495436766602,0.44067796610169496,-0.15932203389830502,0.08353510895883787,-0.05932203389830504,-0.007597895967270563,-0.559322033898305,-0.559322033898305,-0.559322033898305,0.44067796610169496,-0.559322033898305,-0.559322033898305,-0.559322033898305,-0.05932203389830504,-0.559322033898305,-0.559322033898305,-0.559322033898305,0.08353510895883787,0.44067796610169496,-0.11487758945386062,0.08583925642427559,83,48,0.5783132530120482,6486.048192771084,9361.6875,4,6,6,0.0,0.0,30.04166666666667,74.37499999999999,90.0,64.28571428571428,0.14457831325301204,0.5,0,0.5862068965517241,1.0,0.5,0.5555555555555556,0.46153846153846156,0.6222222222222222,0.0,0.0,0.0,1.0,0.0,1.0,0.0,0.5,0.0,0.0,0.0,0.5555555555555556,1.0,0.42857142857142855,0.6808510638297872,0.6987951807228916,0.012048192771084338,0.07228915662650602,0.21686746987951808,0.1566265060240964,0.5421686746987951,0.0,0.0,0.0,0.012048192771084338,0.0,0.012048192771084338,0.012048192771084338,0.04819277108433735,0.0,0.0,0.0,0.21686746987951808,0.012048192771084338,0.42168674698795183,0.5662650602409639,0.7083333333333334,0.020833333333333332,0.0625,0.20833333333333334,0.125,0.5833333333333334,0.0,0.0,0.0,0.020833333333333332,0.0,0.020833333333333332,0.0,0.041666666666666664,0.0,0.0,0.0,0.20833333333333334,0.020833333333333332,0.3125,0.6666666666666666,0.00789364353967592,0.42168674698795183,-0.07831325301204817,-0.022757697456492587,-0.1167747914735866,0.043908969210174065,-0.5783132530120482,-0.5783132530120482,-0.5783132530120482,0.42168674698795183,-0.5783132530120482,0.42168674698795183,-0.5783132530120482,-0.07831325301204817,-0.5783132530120482,-0.5783132530120482,-0.5783132530120482,-0.022757697456492587,0.42168674698795183,-0.14974182444061962,0.10253781081773905,-0.01899121911374313,-24
cd870e30-3d53-5226-aa95-677b162cf287,Malaga,culture_theatre_explorer,55,34,0.6181818181818182,6888.872727272727,9614.147058823532,4,7,5,0.0,0.0,15.529411764705882,54.26470588235295,45.0,51.42857142857143,0.2545454545454545,0.5,0,0.6666666666666666,1.0,0.5897435897435898,0.6666666666666666,0.5,1.0,0.0,0.0,0.0,1.0,0.0,0.75,0.7777777777777778,0.45454545454545453,0.0,0.0,0.0,0.6666666666666666,0.0,0.6,0.7,0.05454545454545454,0.01818181818181818,0.7090909090909091,0.21818181818181817,0.03636363636363636,0.01818181818181818,0.0,0.0,0.0,0.01818181818181818,0.0,0.14545454545454545,0.16363636363636364,0.4,0.0,0.0,0.0,0.21818181818181817,0.0,0.8181818181818182,0.18181818181818182,0.058823529411764705,0.029411764705882353,0.6764705882352942,0.23529411764705882,0.029411764705882353,0.029411764705882353,0.0,0.0,0.0,0.029411764705882353,0.0,0.17647058823529413,0.20588235294117646,0.29411764705882354,0.0,0.0,0.0,0.23529411764705882,0.0,0.7941176470588235,0.20588235294117646,0.048484848484848464,0.38181818181818183,-0.028438228438228408,0.048484848484848464,-0.11818181818181817,0.38181818181818183,-0.6181818181818182,-0.6181818181818182,-0.6181818181818182,0.38181818181818183,-0.6181818181818182,0.13181818181818183,0.15959595959595962,-0.16363636363636364,-0.6181818181818182,-0.6181818181818182,-0.6181818181818182,0.048484848484848464,-0.6181818181818182,-0.018181818181818188,0.08181818181818179,66,40,0.6060606060606061,6828.469696969698,9639.200000000003,4,7,5,0.0,0.0,24.9,54.375,45.0,51.92307692307692,0.2727272727272727,0.5,0,0.75,1.0,0.5833333333333334,0.6153846153846154,0.5,1.0,0.0,0.0,0.0,1.0,0.0,0.7,0.75,0.46153846153846156,0.0,0.0,0.0,0.6153846153846154,1.0,0.5769230769230769,0.6923076923076923,0.06060606060606061,0.015151515151515152,0.7272727272727273,0.19696969696969696,0.030303030303030304,0.030303030303030304,0.0,0.0,0.0,0.015151515151515152,0.0,0.15151515151515152,0.18181818181818182,0.3939393939393939,0.0,0.0,0.0,0.19696969696969696,0.015151515151515152,0.7878787878787878,0.19696969696969696,0.075,0.025,0.7,0.2,0.025,0.05,0.0,0.0,0.0,0.025,0.0,0.175,0.225,0.3,0.0,0.0,0.0,0.2,0.025,0.75,0.225,0.14393939393939392,0.3939393939393939,-0.022727272727272707,0.009324009324009341,-0.10606060606060608,0.3939393939393939,-0.6060606060606061,-0.6060606060606061,-0.6060606060606061,0.3939393939393939,-0.6060606060606061,0.09393939393939388,0.14393939393939392,-0.1445221445221445,-0.6060606060606061,-0.6060606060606061,-0.6060606060606061,0.009324009324009341,0.3939393939393939,-0.029137529137529206,0.08624708624708621,0.012121212121212088,-11
cd8c0360-817e-53b4-889b-1003d81d6026,Madrid,sports_basketball_traveler,33,12,0.36363636363636365,3942.4242424242425,7751.0,2,4,2,0.0,0.0,16.250000000000004,63.75,45.0,60.0,0.06060606060606061,0.5,0,0.5,0.0,0.0,0.3684210526315789,0.6,0.4,0.0,0.0,0.0,0.0,0.0,0.0,0.0,0.0,0.0,0.5,0.0,0.35294117647058826,0.0,0.3333333333333333,0.4166666666666667,0.30303030303030304,0.030303030303030304,0.09090909090909091,0.5757575757575758,0.15151515151515152,0.15151515151515152,0.0,0.0,0.0,0.030303030303030304,0.0,0.0,0.0,0.09090909090909091,0.0,0.06060606060606061,0.0,0.5151515151515151,0.0,0.6363636363636364,0.36363636363636365,0.4166666666666667,0.0,0.0,0.5833333333333334,0.25,0.16666666666666666,0.0,0.0,0.0,0.0,0.0,0.0,0.0,0.0,0.0,0.08333333333333333,0.0,0.5,0.0,0.5833333333333334,0.4166666666666667,0.13636363636363635,-0.36363636363636365,-0.36363636363636365,0.0047846889952152805,0.23636363636363633,0.036363636363636376,-0.36363636363636365,-0.36363636363636365,-0.36363636363636365,-0.36363636363636365,-0.36363636363636365,-0.36363636363636365,-0.36363636363636365,-0.36363636363636365,-0.36363636363636365,0.13636363636363635,-0.36363636363636365,-0.010695187165775388,-0.36363636363636365,-0.03030303030303033,0.05303030303030304,48,14,0.2916666666666667,3645.250000000001,7510.214285714285,2,4,2,0.0,0.0,23.42857142857143,67.5,45.0,60.88235294117647,0.10416666666666667,0.2,0,0.4375,0.0,0.0,0.25925925925925924,0.5555555555555556,0.2857142857142857,0.0,0.0,0.0,0.0,0.0,0.0,0.0,0.0,0.0,0.3333333333333333,0.0,0.25,0.0,0.2413793103448276,0.3684210526315789,0.3333333333333333,0.020833333333333332,0.08333333333333333,0.5625,0.1875,0.14583333333333334,0.0,0.0,0.0,0.020833333333333332,0.0,0.0,0.020833333333333332,0.0625,0.0,0.0625,0.0,0.5,0.0,0.6041666666666666,0.3958333333333333,0.5,0.0,0.0,0.5,0.35714285714285715,0.14285714285714285,0.0,0.0,0.0,0.0,0.0,0.0,0.0,0.0,0.0,0.07142857142857142,0.0,0.42857142857142855,0.0,0.5,0.5,0.14583333333333331,-0.2916666666666667,-0.2916666666666667,-0.03240740740740744,0.2638888888888889,-0.005952380952380987,-0.2916666666666667,-0.2916666666666667,-0.2916666666666667,-0.2916666666666667,-0.2916666666666667,-0.2916666666666667,-0.2916666666666667,-0.2916666666666667,-0.2916666666666667,0.04166666666666663,-0.2916666666666667,-0.041666666666666685,-0.2916666666666667,-0.05028735632183909,0.07675438596491224,0.07196969696969696,-15
cf2ea306-42dc-5b06-8329-059cef2a45db,Madrid,broad_discovery_flexible,76,33,0.4342105263157895,4580.131578947369,7836.575757575757,3,7,3,0.0,0.0,14.424242424242422,52.272727272727266,45.0,61.744186046511636,0.14473684210526316,0.5454545454545454,0,0.4166666666666667,0.0,0.45454545454545453,0.4482758620689655,0.3,0.5,0.0,0.0,0.0,0.0,0.0,0.25,0.5714285714285714,0.45454545454545453,0.0,0.3333333333333333,0.0,0.46153846153846156,1.0,0.49056603773584906,0.2727272727272727,0.3157894736842105,0.013157894736842105,0.2894736842105263,0.3815789473684211,0.13157894736842105,0.18421052631578946,0.0,0.0,0.0,0.013157894736842105,0.0,0.05263157894736842,0.09210526315789473,0.14473684210526316,0.0,0.039473684210526314,0.0,0.34210526315789475,0.013157894736842105,0.6973684210526315,0.2894736842105263,0.30303030303030304,0.0,0.30303030303030304,0.3939393939393939,0.09090909090909091,0.21212121212121213,0.0,0.0,0.0,0.0,0.0,0.030303030303030304,0.12121212121212122,0.15151515151515152,0.0,0.030303030303030304,0.0,0.36363636363636365,0.030303030303030304,0.7878787878787878,0.18181818181818182,-0.017543859649122806,-0.4342105263157895,0.02033492822966504,0.014065335753176034,-0.1342105263157895,0.06578947368421051,-0.4342105263157895,-0.4342105263157895,-0.4342105263157895,-0.4342105263157895,-0.4342105263157895,-0.1842105263157895,0.1372180451127819,0.02033492822966504,-0.4342105263157895,-0.10087719298245618,-0.4342105263157895,0.027327935222672073,0.5657894736842105,0.05635551142005957,-0.16148325358851678,88,40,0.45454545454545453,4740.249999999999,7904.025,3,7,5,0.0,0.0,23.875000000000004,52.125,45.0,62.81249999999999,0.14772727272727273,0.46153846153846156,0,0.4482758620689655,0.0,0.45454545454545453,0.4722222222222222,0.3333333333333333,0.5294117647058824,0.0,0.0,0.0,0.0,0.0,0.25,0.5714285714285714,0.45454545454545453,0.0,0.3333333333333333,0.0,0.48484848484848486,1.0,0.5245901639344263,0.2692307692307692,0.32954545454545453,0.011363636363636364,0.25,0.4090909090909091,0.13636363636363635,0.19318181818181818,0.0,0.0,0.0,0.011363636363636364,0.0,0.045454545454545456,0.07954545454545454,0.125,0.0,0.03409090909090909,0.0,0.375,0.011363636363636364,0.6931818181818182,0.29545454545454547,0.325,0.0,0.25,0.425,0.1,0.225,0.0,0.0,0.0,0.0,0.0,0.025,0.1,0.125,0.0,0.025,0.0,0.4,0.025,0.8,0.175,-0.006269592476489005,-0.45454545454545453,0.0,0.01767676767676768,-0.12121212121212122,0.07486631016042783,-0.45454545454545453,-0.45454545454545453,-0.45454545454545453,-0.45454545454545453,-0.45454545454545453,-0.20454545454545453,0.11688311688311687,0.0,-0.45454545454545453,-0.12121212121212122,-0.45454545454545453,0.03030303030303033,0.5454545454545454,0.07004470938897173,-0.1853146853146853,-0.02033492822966504,-12
cf538813-69e2-504b-b7e7-d722bb4a005e,Madrid,music_pop_rock_local,62,40,0.6451612903225806,6061.064516129031,8139.700000000002,3,5,6,0.0,0.0,14.95,61.87500000000001,45.0,65.45454545454545,0.0967741935483871,0.3333333333333333,0,0.7441860465116279,0.0,0.4,0.46153846153846156,0.8,0.6666666666666666,0.0,0.0,0.0,0.0,0.0,0.0,0.3333333333333333,1.0,0.0,0.0,0.0,0.46153846153846156,0.0,0.6756756756756757,0.6,0.6935483870967742,0.016129032258064516,0.08064516129032258,0.20967741935483872,0.4032258064516129,0.2903225806451613,0.0,0.0,0.0,0.016129032258064516,0.0,0.016129032258064516,0.04838709677419355,0.016129032258064516,0.0,0.0,0.0,0.20967741935483872,0.0,0.5967741935483871,0.4032258064516129,0.8,0.0,0.05,0.15,0.5,0.3,0.0,0.0,0.0,0.0,0.0,0.0,0.025,0.025,0.0,0.0,0.0,0.15,0.0,0.625,0.375,0.09902475618904727,-0.6451612903225806,-0.2451612903225806,-0.18362282878411906,0.15483870967741942,0.021505376344086002,-0.6451612903225806,-0.6451612903225806,-0.6451612903225806,-0.6451612903225806,-0.6451612903225806,-0.6451612903225806,-0.3118279569892473,0.3548387096774194,-0.6451612903225806,-0.6451612903225806,-0.6451612903225806,-0.18362282878411906,-0.6451612903225806,0.03051438535309503,-0.04516129032258065,78,50,0.6410256410256411,6109.935897435898,8185.26,3,5,6,0.0,0.0,23.900000000000002,65.69999999999999,45.0,65.89285714285714,0.11538461538461539,0.3333333333333333,0,0.7241379310344828,0.0,0.4,0.42857142857142855,0.7096774193548387,0.7407407407407407,0.0,0.0,0.0,0.0,0.0,0.0,0.3333333333333333,1.0,0.0,0.0,0.0,0.42857142857142855,0.0,0.6428571428571429,0.6388888888888888,0.7435897435897436,0.01282051282051282,0.0641025641025641,0.1794871794871795,0.3974358974358974,0.34615384615384615,0.0,0.0,0.0,0.01282051282051282,0.0,0.01282051282051282,0.038461538461538464,0.01282051282051282,0.0,0.0,0.0,0.1794871794871795,0.0,0.5384615384615384,0.46153846153846156,0.84,0.0,0.04,0.12,0.44,0.4,0.0,0.0,0.0,0.0,0.0,0.0,0.02,0.02,0.0,0.0,0.0,0.12,0.0,0.54,0.46,0.08311229000884168,-0.6410256410256411,-0.24102564102564106,-0.21245421245421253,0.06865177832919767,0.09971509971509962,-0.6410256410256411,-0.6410256410256411,-0.6410256410256411,-0.6410256410256411,-0.6410256410256411,-0.6410256410256411,-0.30769230769230776,0.3589743589743589,-0.6410256410256411,-0.6410256410256411,-0.6410256410256411,-0.21245421245421253,-0.6410256410256411,0.001831501831501825,-0.00213675213675224,0.0041356492969395475,-16
d25f8e60-de1d-537d-a87d-680d42c248f1,Palma de Mallorca,sports_basketball_traveler,51,12,0.23529411764705882,3349.5882352941176,8078.833333333334,4,6,4,0.0,0.0,18.0,63.75,45.0,68.07692307692308,0.11764705882352941,0.16666666666666666,3,0.11764705882352941,1.0,0.6,0.21428571428571427,0.16666666666666666,0.09090909090909091,0.0,0.0,0.0,1.0,0.0,0.0,1.0,0.5,0.0,0.0,0.0,0.21428571428571427,0.0,0.2692307692307692,0.2,0.3333333333333333,0.0196078431372549,0.09803921568627451,0.5490196078431373,0.11764705882352941,0.21568627450980393,0.0,0.0,0.0,0.0196078431372549,0.0,0.0,0.0196078431372549,0.0784313725490196,0.0,0.0,0.0,0.5490196078431373,0.0,0.5098039215686274,0.49019607843137253,0.16666666666666666,0.08333333333333333,0.25,0.5,0.08333333333333333,0.08333333333333333,0.0,0.0,0.0,0.08333333333333333,0.0,0.0,0.08333333333333333,0.16666666666666666,0.0,0.0,0.0,0.5,0.0,0.5833333333333334,0.4166666666666667,-0.11764705882352941,0.7647058823529411,0.36470588235294116,-0.021008403361344546,-0.06862745098039216,-0.1443850267379679,-0.23529411764705882,-0.23529411764705882,-0.23529411764705882,0.7647058823529411,-0.23529411764705882,-0.23529411764705882,0.7647058823529411,0.2647058823529412,-0.23529411764705882,-0.23529411764705882,-0.23529411764705882,-0.021008403361344546,-0.23529411764705882,0.0339366515837104,-0.03529411764705881,64,16,0.25,3393.1874999999995,7963.8125,4,6,4,0.0,0.0,34.6875,67.5,45.0,67.5,0.125,0.125,3,0.2857142857142857,1.0,0.42857142857142855,0.17142857142857143,0.2857142857142857,0.2857142857142857,0.0,0.0,0.0,1.0,0.0,0.0,0.5,0.5,0.0,0.0,0.0,0.17647058823529413,0.0,0.25,0.25,0.328125,0.015625,0.109375,0.546875,0.109375,0.21875,0.0,0.0,0.0,0.015625,0.0,0.015625,0.03125,0.0625,0.0,0.015625,0.0,0.53125,0.0,0.5,0.5,0.375,0.0625,0.1875,0.375,0.125,0.25,0.0,0.0,0.0,0.0625,0.0,0.0,0.0625,0.125,0.0,0.0,0.0,0.375,0.0,0.5,0.5,0.0357142857142857,0.75,0.17857142857142855,-0.07857142857142857,0.0357142857142857,0.0357142857142857,-0.25,-0.25,-0.25,0.75,-0.25,-0.25,0.25,0.25,-0.25,-0.25,-0.25,-0.07352941176470587,-0.25,0.0,0.0,-0.01470588235294118,-13
d31c034d-c249-5159-a286-4dca16d4d236,Madrid,flamenco_world_madrid,46,25,0.5434782608695652,6034.521739130434,9020.24,2,3,2,0.0,0.0,14.280000000000001,77.39999999999999,90.0,60.0,0.13043478260869565,0.5,0,0.65625,0.0,0.0,0.4,0.3,0.8181818181818182,0.0,0.0,0.0,0.0,0.0,0.0,0.0,0.0,0.0,0.0,0.0,0.4444444444444444,0.0,0.3333333333333333,0.72,0.6956521739130435,0.0,0.08695652173913043,0.21739130434782608,0.21739130434782608,0.4782608695652174,0.0,0.0,0.0,0.0,0.0,0.021739130434782608,0.043478260869565216,0.021739130434782608,0.0,0.021739130434782608,0.0,0.1956521739130435,0.0,0.45652173913043476,0.5434782608695652,0.84,0.0,0.0,0.16,0.12,0.72,0.0,0.0,0.0,0.0,0.0,0.0,0.0,0.0,0.0,0.0,0.0,0.16,0.0,0.28,0.72,0.11277173913043481,-0.5434782608695652,-0.5434782608695652,-0.14347826086956517,-0.2434782608695652,0.27470355731225304,-0.5434782608695652,-0.5434782608695652,-0.5434782608695652,-0.5434782608695652,-0.5434782608695652,-0.5434782608695652,-0.5434782608695652,-0.5434782608695652,-0.5434782608695652,-0.5434782608695652,-0.5434782608695652,-0.09903381642512077,-0.5434782608695652,-0.21014492753623187,0.17652173913043478,61,33,0.5409836065573771,5652.639344262296,8548.878787878788,2,3,3,0.0,0.0,26.51515151515151,76.36363636363636,90.0,59.464285714285715,0.11475409836065574,0.5714285714285714,0,0.6585365853658537,0.0,0.0,0.42857142857142855,0.35714285714285715,0.8148148148148148,0.0,0.0,0.0,0.0,0.0,0.0,0.0,0.0,0.0,0.0,0.0,0.46153846153846156,0.0,0.3448275862068966,0.71875,0.6721311475409836,0.01639344262295082,0.08196721311475409,0.22950819672131148,0.22950819672131148,0.4426229508196721,0.0,0.0,0.0,0.01639344262295082,0.0,0.01639344262295082,0.03278688524590164,0.03278688524590164,0.0,0.01639344262295082,0.0,0.21311475409836064,0.0,0.47540983606557374,0.5245901639344263,0.8181818181818182,0.0,0.0,0.18181818181818182,0.15151515151515152,0.6666666666666666,0.0,0.0,0.0,0.0,0.0,0.0,0.0,0.0,0.0,0.0,0.0,0.18181818181818182,0.0,0.30303030303030304,0.696969696969697,0.1175529788084766,-0.5409836065573771,-0.5409836065573771,-0.11241217798594855,-0.18384074941451994,0.2738312082574377,-0.5409836065573771,-0.5409836065573771,-0.5409836065573771,-0.5409836065573771,-0.5409836065573771,-0.5409836065573771,-0.5409836065573771,-0.5409836065573771,-0.5409836065573771,-0.5409836065573771,-0.5409836065573771,-0.07944514501891553,-0.5409836065573771,-0.19615602035048052,0.1777663934426229,0.0024946543121880937,-15
d72bf172-142c-5094-910d-f2eac98ac7ba,Madrid,family_weekend_exhibition,61,32,0.5245901639344263,5066.295081967212,7872.375,4,7,5,0.0,0.0,13.749999999999998,50.62500000000001,45.0,54.827586206896555,0.06557377049180328,0.5,0,0.42857142857142855,1.0,0.4,0.5581395348837209,0.6666666666666666,0.25,0.0,0.0,0.0,1.0,0.0,0.0,0.5,0.3333333333333333,0.0,0.7142857142857143,0.0,0.4827586206896552,0.0,0.5714285714285714,0.36363636363636365,0.11475409836065574,0.01639344262295082,0.16393442622950818,0.7049180327868853,0.04918032786885246,0.06557377049180328,0.0,0.0,0.0,0.01639344262295082,0.0,0.0,0.06557377049180328,0.09836065573770492,0.0,0.22950819672131148,0.0,0.47540983606557374,0.01639344262295082,0.8032786885245902,0.18032786885245902,0.09375,0.03125,0.125,0.75,0.0625,0.03125,0.0,0.0,0.0,0.03125,0.0,0.0,0.0625,0.0625,0.0,0.3125,0.0,0.4375,0.0,0.875,0.125,-0.09601873536299771,0.47540983606557374,-0.12459016393442623,0.033549370949294666,0.14207650273224037,-0.27459016393442626,-0.5245901639344263,-0.5245901639344263,-0.5245901639344263,0.47540983606557374,-0.5245901639344263,-0.5245901639344263,-0.024590163934426257,-0.19125683060109294,-0.5245901639344263,0.18969555035128804,-0.5245901639344263,-0.04183154324477106,-0.5245901639344263,0.04683840749414514,-0.1609538002980626,68,39,0.5735294117647058,5423.897058823529,7992.230769230768,4,7,5,0.0,0.0,23.076923076923073,50.76923076923076,45.0,54.82758620689656,0.08823529411764706,0.6666666666666666,0,0.42857142857142855,1.0,0.45454545454545453,0.6122448979591837,0.6666666666666666,0.25,0.0,0.0,0.0,1.0,0.0,0.0,0.5,0.42857142857142855,0.0,0.7333333333333333,0.0,0.5588235294117647,0.0,0.6181818181818182,0.4166666666666667,0.10294117647058823,0.014705882352941176,0.16176470588235295,0.7205882352941176,0.04411764705882353,0.058823529411764705,0.0,0.0,0.0,0.014705882352941176,0.0,0.0,0.058823529411764705,0.10294117647058823,0.0,0.22058823529411764,0.0,0.5,0.014705882352941176,0.8088235294117647,0.17647058823529413,0.07692307692307693,0.02564102564102564,0.1282051282051282,0.7692307692307693,0.05128205128205128,0.02564102564102564,0.0,0.0,0.0,0.02564102564102564,0.0,0.0,0.05128205128205128,0.07692307692307693,0.0,0.28205128205128205,0.0,0.48717948717948717,0.0,0.8717948717948718,0.1282051282051282,-0.1449579831932773,0.42647058823529416,-0.11898395721925131,0.038715486194477844,0.09313725490196079,-0.32352941176470584,-0.5735294117647058,-0.5735294117647058,-0.5735294117647058,0.42647058823529416,-0.5735294117647058,-0.5735294117647058,-0.07352941176470584,-0.1449579831932773,-0.5735294117647058,0.15980392156862744,-0.5735294117647058,-0.014705882352941124,-0.5735294117647058,0.04465240641711232,-0.15686274509803916,-0.048939247830279586,-7
d79f97ed-b02a-5b94-b7cb-e755d1d1d4a5,Malaga,culture_theatre_explorer,45,25,0.5555555555555556,6210.688888888889,9316.400000000001,3,6,3,0.0,0.0,15.559999999999997,51.0,45.0,51.75,0.26666666666666666,0.4166666666666667,0,0.75,0.0,0.64,0.2727272727272727,0.5,1.0,0.0,0.0,0.0,0.0,0.0,0.5,0.7142857142857143,0.6428571428571429,0.0,0.0,0.0,0.3,1.0,0.5405405405405406,0.5714285714285714,0.17777777777777778,0.022222222222222223,0.5555555555555556,0.24444444444444444,0.08888888888888889,0.08888888888888889,0.0,0.0,0.0,0.022222222222222223,0.0,0.08888888888888889,0.15555555555555556,0.3111111111111111,0.0,0.022222222222222223,0.0,0.2222222222222222,0.022222222222222223,0.8222222222222222,0.15555555555555556,0.24,0.0,0.64,0.12,0.08,0.16,0.0,0.0,0.0,0.0,0.0,0.08,0.2,0.36,0.0,0.0,0.0,0.12,0.04,0.8,0.16,0.19444444444444442,-0.5555555555555556,0.08444444444444443,-0.2828282828282829,-0.05555555555555558,0.4444444444444444,-0.5555555555555556,-0.5555555555555556,-0.5555555555555556,-0.5555555555555556,-0.5555555555555556,-0.05555555555555558,0.15873015873015872,0.08730158730158732,-0.5555555555555556,-0.5555555555555556,-0.5555555555555556,-0.2555555555555556,0.4444444444444444,-0.01501501501501501,0.015873015873015817,59,28,0.4745762711864407,5622.796610169492,9315.964285714286,3,6,3,0.0,0.0,20.428571428571427,53.57142857142856,45.0,53.70967741935484,0.2542372881355932,0.4,0,0.7,0.0,0.5142857142857142,0.23076923076923078,0.6,0.8,0.0,0.0,0.0,0.0,0.0,0.6666666666666666,0.4166666666666667,0.5294117647058824,0.0,0.0,0.0,0.25,1.0,0.45652173913043476,0.5,0.1694915254237288,0.01694915254237288,0.5932203389830508,0.22033898305084745,0.0847457627118644,0.0847457627118644,0.0,0.0,0.0,0.01694915254237288,0.0,0.1016949152542373,0.2033898305084746,0.288135593220339,0.0,0.01694915254237288,0.0,0.2033898305084746,0.01694915254237288,0.7796610169491526,0.2033898305084746,0.25,0.0,0.6428571428571429,0.10714285714285714,0.10714285714285714,0.14285714285714285,0.0,0.0,0.0,0.0,0.0,0.14285714285714285,0.17857142857142858,0.32142857142857145,0.0,0.0,0.0,0.10714285714285714,0.03571428571428571,0.75,0.21428571428571427,0.22542372881355927,-0.4745762711864407,0.039709443099273545,-0.2438070404172099,0.1254237288135593,0.32542372881355935,-0.4745762711864407,-0.4745762711864407,-0.4745762711864407,-0.4745762711864407,-0.4745762711864407,0.19209039548022594,-0.057909604519774005,0.05483549351944167,-0.4745762711864407,-0.4745762711864407,-0.4745762711864407,-0.2245762711864407,0.5254237288135593,-0.018054532056005934,0.02542372881355931,0.08097928436911489,-14
d8e840be-d514-5421-bfe3-b492fb8dcecb,Madrid,music_pop_rock_local,61,38,0.6229508196721312,6309.885245901639,8801.526315789475,4,6,8,0.0,0.0,13.105263157894736,55.6578947368421,45.0,70.43478260869566,0.14754098360655737,0.6666666666666666,0,0.6304347826086957,1.0,0.6666666666666666,0.5,0.7692307692307693,0.45,0.0,0.0,0.0,1.0,0.0,0.0,0.5,0.75,0.0,0.0,0.0,0.5,0.0,0.7435897435897436,0.4090909090909091,0.7540983606557377,0.01639344262295082,0.09836065573770492,0.13114754098360656,0.4262295081967213,0.32786885245901637,0.0,0.0,0.0,0.01639344262295082,0.0,0.0,0.03278688524590164,0.06557377049180328,0.0,0.0,0.0,0.13114754098360656,0.0,0.639344262295082,0.36065573770491804,0.7631578947368421,0.02631578947368421,0.10526315789473684,0.10526315789473684,0.5263157894736842,0.23684210526315788,0.0,0.0,0.0,0.02631578947368421,0.0,0.0,0.02631578947368421,0.07894736842105263,0.0,0.0,0.0,0.10526315789473684,0.0,0.7631578947368421,0.23684210526315788,0.007483962936564503,0.3770491803278688,0.04371584699453546,-0.12295081967213117,0.1462799495586381,-0.17295081967213116,-0.6229508196721312,-0.6229508196721312,-0.6229508196721312,0.3770491803278688,-0.6229508196721312,-0.6229508196721312,-0.12295081967213117,0.12704918032786883,-0.6229508196721312,-0.6229508196721312,-0.6229508196721312,-0.12295081967213117,-0.6229508196721312,0.12063892391761244,-0.21385991058122206,82,52,0.6341463414634146,6215.548780487806,8439.173076923078,4,6,8,0.0,0.0,25.403846153846153,60.57692307692307,45.0,69.00000000000001,0.13414634146341464,0.7272727272727273,0,0.6461538461538462,1.0,0.7142857142857143,0.4444444444444444,0.7428571428571429,0.5333333333333333,0.0,0.0,0.0,1.0,0.0,0.0,0.6666666666666666,0.75,0.0,0.0,0.0,0.4444444444444444,0.0,0.7083333333333334,0.5294117647058824,0.7926829268292683,0.012195121951219513,0.08536585365853659,0.10975609756097561,0.4268292682926829,0.36585365853658536,0.0,0.0,0.0,0.012195121951219513,0.0,0.0,0.036585365853658534,0.04878048780487805,0.0,0.0,0.0,0.10975609756097561,0.0,0.5853658536585366,0.4146341463414634,0.8076923076923077,0.019230769230769232,0.09615384615384616,0.07692307692307693,0.5,0.3076923076923077,0.0,0.0,0.0,0.019230769230769232,0.0,0.0,0.038461538461538464,0.057692307692307696,0.0,0.0,0.0,0.07692307692307693,0.0,0.6538461538461539,0.34615384615384615,0.012007504690431547,0.36585365853658536,0.08013937282229966,-0.18970189701897022,0.10871080139372824,-0.10081300813008132,-0.6341463414634146,-0.6341463414634146,-0.6341463414634146,0.36585365853658536,-0.6341463414634146,-0.6341463414634146,0.03252032520325199,0.11585365853658536,-0.6341463414634146,-0.6341463414634146,-0.6341463414634146,-0.18970189701897022,-0.6341463414634146,0.07418699186991873,-0.10473457675753228,-0.01119552179128347,-21
d983b505-b842-5313-997c-72beb3206fbc,Madrid,family_weekend_exhibition,54,37,0.6851851851851852,6234.981481481481,8229.945945945947,3,6,4,0.0,0.0,12.62162162162162,47.43243243243243,45.0,68.82352941176471,0.09259259259259259,1.0,0,0.42857142857142855,0.0,0.625,0.7435897435897436,0.5,0.3333333333333333,0.0,0.0,0.0,0.0,0.0,0.0,0.3333333333333333,0.8,0.0,0.875,0.0,0.7096774193548387,0.0,0.813953488372093,0.18181818181818182,0.12962962962962962,0.0,0.14814814814814814,0.7222222222222222,0.07407407407407407,0.05555555555555555,0.0,0.0,0.0,0.0,0.0,0.0,0.05555555555555555,0.09259259259259259,0.0,0.14814814814814814,0.0,0.5740740740740741,0.0,0.7962962962962963,0.2037037037037037,0.08108108108108109,0.0,0.13513513513513514,0.7837837837837838,0.05405405405405406,0.02702702702702703,0.0,0.0,0.0,0.0,0.0,0.0,0.02702702702702703,0.10810810810810811,0.0,0.1891891891891892,0.0,0.5945945945945946,0.0,0.9459459459459459,0.05405405405405406,-0.2566137566137567,-0.6851851851851852,-0.06018518518518523,0.05840455840455838,-0.18518518518518523,-0.3518518518518519,-0.6851851851851852,-0.6851851851851852,-0.6851851851851852,-0.6851851851851852,-0.6851851851851852,-0.6851851851851852,-0.3518518518518519,0.11481481481481481,-0.6851851851851852,0.18981481481481477,-0.6851851851851852,0.024492234169653515,-0.6851851851851852,0.1287683031869078,-0.5033670033670035,68,40,0.5882352941176471,5536.294117647059,8144.875,3,6,4,0.0,0.0,15.724999999999998,49.5,45.0,64.28571428571429,0.07352941176470588,1.0,0,0.5,0.0,0.38461538461538464,0.6595744680851063,0.5,0.5,0.0,0.0,0.0,0.0,0.0,0.0,0.2,0.5714285714285714,0.0,0.7,0.0,0.6486486486486487,0.0,0.6923076923076923,0.25,0.11764705882352941,0.0,0.19117647058823528,0.6911764705882353,0.058823529411764705,0.058823529411764705,0.0,0.0,0.0,0.0,0.0,0.014705882352941176,0.07352941176470588,0.10294117647058823,0.0,0.14705882352941177,0.0,0.5441176470588235,0.0,0.7647058823529411,0.23529411764705882,0.1,0.0,0.125,0.775,0.05,0.05,0.0,0.0,0.0,0.0,0.0,0.0,0.025,0.1,0.0,0.175,0.0,0.6,0.0,0.9,0.1,-0.08823529411764708,-0.5882352941176471,-0.20361990950226244,0.07133917396745926,-0.08823529411764708,-0.08823529411764708,-0.5882352941176471,-0.5882352941176471,-0.5882352941176471,-0.5882352941176471,-0.5882352941176471,-0.5882352941176471,-0.38823529411764707,-0.01680672268907568,-0.5882352941176471,0.11176470588235288,-0.5882352941176471,0.060413354531001606,-0.5882352941176471,0.10407239819004521,-0.3382352941176471,0.09694989106753815,-14
da2279b2-5cef-592f-a7b8-39ba255e5465,Madrid,culture_theatre_explorer,59,30,0.5084745762711864,6138.576271186441,9750.766666666665,4,7,3,0.0,0.0,12.333333333333336,44.0,45.0,58.96551724137931,0.22033898305084745,0.5384615384615384,1,0.3,1.0,0.6060606060606061,0.4,0.5,0.0,0.0,0.0,0.0,1.0,0.0,0.4,0.6,0.6666666666666666,0.0,1.0,0.0,0.35714285714285715,1.0,0.5918367346938775,0.0,0.1694915254237288,0.01694915254237288,0.559322033898305,0.2542372881355932,0.1016949152542373,0.06779661016949153,0.0,0.0,0.0,0.01694915254237288,0.0,0.0847457627118644,0.1694915254237288,0.3050847457627119,0.0,0.01694915254237288,0.0,0.23728813559322035,0.01694915254237288,0.8305084745762712,0.15254237288135594,0.1,0.03333333333333333,0.6666666666666666,0.2,0.1,0.0,0.0,0.0,0.0,0.03333333333333333,0.0,0.06666666666666667,0.2,0.4,0.0,0.03333333333333333,0.0,0.16666666666666666,0.03333333333333333,0.9666666666666667,0.0,-0.20847457627118643,0.4915254237288136,0.09758602978941966,-0.1084745762711864,-0.008474576271186418,-0.5084745762711864,-0.5084745762711864,-0.5084745762711864,-0.5084745762711864,0.4915254237288136,-0.5084745762711864,-0.1084745762711864,0.09152542372881356,0.1581920903954802,-0.5084745762711864,0.4915254237288136,-0.5084745762711864,-0.15133171912832927,0.4915254237288136,0.08336215842269112,-0.5084745762711864,70,34,0.4857142857142857,5905.314285714287,9656.705882352942,4,7,3,0.0,0.0,18.5,46.76470588235295,45.0,59.99999999999999,0.2,0.5,1,0.3,1.0,0.5476190476190477,0.4117647058823529,0.5,0.0,0.0,0.0,0.0,1.0,0.0,0.4444444444444444,0.5,0.6190476190476191,0.0,1.0,0.0,0.375,1.0,0.5636363636363636,0.14285714285714285,0.14285714285714285,0.014285714285714285,0.6,0.24285714285714285,0.08571428571428572,0.05714285714285714,0.0,0.0,0.0,0.014285714285714285,0.0,0.12857142857142856,0.17142857142857143,0.3,0.0,0.014285714285714285,0.0,0.22857142857142856,0.014285714285714285,0.7857142857142857,0.2,0.08823529411764706,0.029411764705882353,0.6764705882352942,0.20588235294117646,0.08823529411764706,0.0,0.0,0.0,0.0,0.029411764705882353,0.0,0.11764705882352941,0.17647058823529413,0.38235294117647056,0.0,0.029411764705882353,0.0,0.17647058823529413,0.029411764705882353,0.9117647058823529,0.058823529411764705,-0.18571428571428572,0.5142857142857142,0.06190476190476196,-0.07394957983193279,0.01428571428571429,-0.4857142857142857,-0.4857142857142857,-0.4857142857142857,-0.4857142857142857,0.5142857142857142,-0.4857142857142857,-0.04126984126984129,0.01428571428571429,0.13333333333333336,-0.4857142857142857,0.5142857142857142,-0.4857142857142857,-0.11071428571428571,0.5142857142857142,0.07792207792207789,-0.34285714285714286,0.02276029055690071,-11
da7bfd20-eda4-5a98-ad11-12b65a145938,Valencia,music_pop_rock_local,55,24,0.43636363636363634,4877.1272727272735,8435.250000000002,3,6,3,0.0,0.0,11.125,61.875,45.0,62.41935483870967,0.12727272727272726,0.8571428571428571,0,0.4864864864864865,0.0,0.4,0.3333333333333333,0.52,0.4166666666666667,0.0,0.0,0.0,0.0,0.0,0.0,0.3333333333333333,0.5,0.0,1.0,0.0,0.2727272727272727,0.0,0.4411764705882353,0.42857142857142855,0.6727272727272727,0.01818181818181818,0.09090909090909091,0.21818181818181817,0.45454545454545453,0.21818181818181817,0.0,0.0,0.0,0.01818181818181818,0.0,0.0,0.05454545454545454,0.03636363636363636,0.0,0.01818181818181818,0.0,0.2,0.0,0.6181818181818182,0.38181818181818183,0.75,0.0,0.08333333333333333,0.16666666666666666,0.5416666666666666,0.20833333333333334,0.0,0.0,0.0,0.0,0.0,0.0,0.041666666666666664,0.041666666666666664,0.0,0.041666666666666664,0.0,0.125,0.0,0.625,0.375,0.05012285012285017,-0.43636363636363634,-0.03636363636363632,-0.10303030303030303,0.08363636363636368,-0.019696969696969657,-0.43636363636363634,-0.43636363636363634,-0.43636363636363634,-0.43636363636363634,-0.43636363636363634,-0.43636363636363634,-0.10303030303030303,0.06363636363636366,-0.43636363636363634,0.5636363636363637,-0.43636363636363634,-0.16363636363636364,-0.43636363636363634,0.004812834224598939,-0.007792207792207795,72,34,0.4722222222222222,5271.208333333332,8742.617647058825,3,6,5,0.0,0.0,25.23529411764707,62.647058823529406,45.0,65.13157894736842,0.125,0.6666666666666666,0,0.52,0.0,0.2857142857142857,0.42857142857142855,0.5625,0.4444444444444444,0.0,0.0,0.0,0.0,0.0,0.0,0.3333333333333333,0.25,0.0,1.0,0.0,0.38461538461538464,1.0,0.475,0.45161290322580644,0.6944444444444444,0.013888888888888888,0.09722222222222222,0.19444444444444445,0.4444444444444444,0.25,0.0,0.0,0.0,0.013888888888888888,0.0,0.0,0.041666666666666664,0.05555555555555555,0.0,0.013888888888888888,0.0,0.18055555555555555,0.013888888888888888,0.5555555555555556,0.4305555555555556,0.7647058823529411,0.0,0.058823529411764705,0.17647058823529413,0.5294117647058824,0.23529411764705882,0.0,0.0,0.0,0.0,0.0,0.0,0.029411764705882353,0.029411764705882353,0.0,0.029411764705882353,0.0,0.14705882352941177,0.029411764705882353,0.5588235294117647,0.4117647058823529,0.04777777777777781,-0.4722222222222222,-0.1865079365079365,-0.04365079365079366,0.09027777777777779,-0.02777777777777779,-0.4722222222222222,-0.4722222222222222,-0.4722222222222222,-0.4722222222222222,-0.4722222222222222,-0.4722222222222222,-0.1388888888888889,-0.2222222222222222,-0.4722222222222222,0.5277777777777778,-0.4722222222222222,-0.08760683760683757,0.5277777777777778,0.002777777777777768,-0.02060931899641577,-0.03585858585858587,-17
dab60dd1-8b8c-5461-89ba-66e219c2b682,Jerez de la Frontera,flamenco_world_madrid,67,41,0.6119402985074627,6366.283582089552,8910.78048780488,3,5,6,0.0,0.0,13.512195121951219,72.4390243902439,90.0,70.96153846153847,0.22388059701492538,0.7333333333333333,0,0.66,0.0,0.5,0.5,0.6842105263157895,0.6451612903225806,0.0,0.0,0.0,0.0,0.0,0.25,0.0,1.0,0.0,0.0,0.0,0.5,0.0,0.5925925925925926,0.625,0.746268656716418,0.014925373134328358,0.11940298507462686,0.11940298507462686,0.2835820895522388,0.4626865671641791,0.0,0.0,0.0,0.014925373134328358,0.0,0.05970149253731343,0.014925373134328358,0.04477611940298507,0.0,0.0,0.0,0.11940298507462686,0.0,0.40298507462686567,0.5970149253731343,0.8048780487804879,0.0,0.0975609756097561,0.0975609756097561,0.3170731707317073,0.4878048780487805,0.0,0.0,0.0,0.0,0.0,0.024390243902439025,0.0,0.07317073170731707,0.0,0.0,0.0,0.0975609756097561,0.0,0.3902439024390244,0.6097560975609756,0.048059701492537354,-0.6119402985074627,-0.11194029850746268,-0.11194029850746268,0.07227022780832681,0.03322099181511795,-0.6119402985074627,-0.6119402985074627,-0.6119402985074627,-0.6119402985074627,-0.6119402985074627,-0.3619402985074627,-0.6119402985074627,0.3880597014925373,-0.6119402985074627,-0.6119402985074627,-0.6119402985074627,-0.11194029850746268,-0.6119402985074627,-0.019347705914870117,0.013059701492537323,82,49,0.5975609756097561,6286.865853658537,8922.428571428572,3,5,6,0.0,0.0,21.244897959183675,73.46938775510206,90.0,75.00000000000001,0.1951219512195122,0.6875,0,0.640625,0.0,0.5,0.4444444444444444,0.65,0.6363636363636364,0.0,0.0,0.0,0.0,0.0,0.25,0.0,1.0,0.0,0.0,0.0,0.4444444444444444,0.0,0.6206896551724138,0.5849056603773585,0.7804878048780488,0.012195121951219513,0.0975609756097561,0.10975609756097561,0.24390243902439024,0.5365853658536586,0.0,0.0,0.0,0.012195121951219513,0.0,0.04878048780487805,0.012195121951219513,0.036585365853658534,0.0,0.0,0.0,0.10975609756097561,0.0,0.35365853658536583,0.6463414634146342,0.8367346938775511,0.0,0.08163265306122448,0.08163265306122448,0.2653061224489796,0.5714285714285714,0.0,0.0,0.0,0.0,0.0,0.02040816326530612,0.0,0.061224489795918366,0.0,0.0,0.0,0.08163265306122448,0.0,0.3673469387755102,0.6326530612244898,0.04306402439024393,-0.5975609756097561,-0.09756097560975607,-0.15311653116531165,0.05243902439024395,0.03880266075388028,-0.5975609756097561,-0.5975609756097561,-0.5975609756097561,-0.5975609756097561,-0.5975609756097561,-0.3475609756097561,-0.5975609756097561,0.4024390243902439,-0.5975609756097561,-0.5975609756097561,-0.5975609756097561,-0.15311653116531165,-0.5975609756097561,0.02312867956265774,-0.012655315232397601,0.014379322897706603,-15
db3319df-0f5e-5783-9aa9-aa7283eccbaf,Palma de Mallorca,sports_basketball_traveler,40,16,0.4,4734.974999999999,8644.812500000002,4,5,4,0.0,0.0,12.812500000000002,70.3125,90.0,71.25,0.2,0.375,1,0.38461538461538464,1.0,0.25,0.4090909090909091,0.3333333333333333,0.42857142857142855,0.0,0.0,0.0,1.0,0.0,0.0,0.0,0.3333333333333333,0.0,0.0,0.0,0.4090909090909091,0.0,0.4117647058823529,0.391304347826087,0.325,0.025,0.1,0.55,0.15,0.175,0.0,0.0,0.0,0.025,0.0,0.025,0.0,0.075,0.0,0.0,0.0,0.55,0.0,0.425,0.575,0.3125,0.0625,0.0625,0.5625,0.125,0.1875,0.0,0.0,0.0,0.0625,0.0,0.0,0.0,0.0625,0.0,0.0,0.0,0.5625,0.0,0.4375,0.5625,-0.015384615384615385,0.6,-0.15000000000000002,0.009090909090909094,-0.06666666666666671,0.028571428571428525,-0.4,-0.4,-0.4,0.6,-0.4,-0.4,-0.4,-0.06666666666666671,-0.4,-0.4,-0.4,0.009090909090909094,-0.4,0.0117647058823529,-0.008695652173913049,51,19,0.37254901960784315,4430.2156862745105,8308.368421052632,4,5,4,0.0,0.0,22.789473684210527,71.05263157894737,90.0,73.125,0.21568627450980393,0.2727272727272727,1,0.35294117647058826,1.0,0.3333333333333333,0.37037037037037035,0.3333333333333333,0.36363636363636365,0.0,0.0,0.0,1.0,0.0,0.0,0.0,0.4,0.0,0.0,0.0,0.37037037037037035,0.0,0.4,0.3548387096774194,0.3333333333333333,0.0196078431372549,0.11764705882352941,0.5294117647058824,0.11764705882352941,0.21568627450980393,0.0,0.0,0.0,0.0196078431372549,0.0,0.0196078431372549,0.0,0.09803921568627451,0.0,0.0,0.0,0.5294117647058824,0.0,0.39215686274509803,0.6078431372549019,0.3157894736842105,0.05263157894736842,0.10526315789473684,0.5263157894736842,0.10526315789473684,0.21052631578947367,0.0,0.0,0.0,0.05263157894736842,0.0,0.0,0.0,0.10526315789473684,0.0,0.0,0.0,0.5263157894736842,0.0,0.42105263157894735,0.5789473684210527,-0.019607843137254888,0.6274509803921569,-0.03921568627450983,-0.002178649237472796,-0.03921568627450983,-0.0089126559714795,-0.37254901960784315,-0.37254901960784315,-0.37254901960784315,0.6274509803921569,-0.37254901960784315,-0.37254901960784315,-0.37254901960784315,0.027450980392156876,-0.37254901960784315,-0.37254901960784315,-0.37254901960784315,-0.002178649237472796,-0.37254901960784315,0.027450980392156876,-0.017710309930423773,0.027450980392156876,-11
dba4420e-1616-585b-81fd-1c80ca2c0fd9,Madrid,family_weekend_exhibition,52,37,0.7115384615384616,5648.2307692307695,7077.540540540541,3,5,3,0.0,0.0,13.405405405405405,54.72972972972973,45.0,72.0,0.057692307692307696,1.0,0,0.3333333333333333,0.0,0.6,0.75,1.0,0.0,0.0,0.0,0.0,0.0,0.0,0.0,0.6666666666666666,0.5,0.0,0.7,0.0,0.7647058823529411,0.0,0.8285714285714286,0.47058823529411764,0.057692307692307696,0.0,0.09615384615384616,0.8461538461538461,0.019230769230769232,0.038461538461538464,0.0,0.0,0.0,0.0,0.0,0.0,0.057692307692307696,0.038461538461538464,0.0,0.19230769230769232,0.0,0.6538461538461539,0.0,0.6730769230769231,0.3269230769230769,0.02702702702702703,0.0,0.08108108108108109,0.8918918918918919,0.02702702702702703,0.0,0.0,0.0,0.0,0.0,0.0,0.0,0.05405405405405406,0.02702702702702703,0.0,0.1891891891891892,0.0,0.7027027027027027,0.0,0.7837837837837838,0.21621621621621623,-0.37820512820512825,-0.7115384615384616,-0.11153846153846159,0.038461538461538436,0.28846153846153844,-0.7115384615384616,-0.7115384615384616,-0.7115384615384616,-0.7115384615384616,-0.7115384615384616,-0.7115384615384616,-0.7115384615384616,-0.044871794871794934,-0.21153846153846156,-0.7115384615384616,-0.011538461538461608,-0.7115384615384616,0.05316742081447956,-0.7115384615384616,0.11703296703296706,-0.24095022624434392,66,47,0.7121212121212122,5705.833333333333,7186.382978723404,4,8,4,0.0,0.0,23.914893617021274,56.48936170212767,45.0,68.6842105263158,0.09090909090909091,1.0,0,0.3333333333333333,1.0,0.5714285714285714,0.7692307692307693,0.5,0.25,0.0,0.0,0.0,1.0,0.0,1.0,0.6666666666666666,0.3333333333333333,0.0,0.7272727272727273,0.0,0.7804878048780488,0.0,0.7954545454545454,0.5454545454545454,0.09090909090909091,0.015151515151515152,0.10606060606060606,0.7878787878787878,0.030303030303030304,0.06060606060606061,0.0,0.0,0.0,0.015151515151515152,0.0,0.015151515151515152,0.045454545454545456,0.045454545454545456,0.0,0.16666666666666666,0.0,0.6212121212121212,0.0,0.6666666666666666,0.3333333333333333,0.0425531914893617,0.02127659574468085,0.0851063829787234,0.851063829787234,0.02127659574468085,0.02127659574468085,0.0,0.0,0.0,0.02127659574468085,0.0,0.02127659574468085,0.0425531914893617,0.02127659574468085,0.0,0.1702127659574468,0.0,0.6808510638297872,0.0,0.7446808510638298,0.2553191489361702,-0.37878787878787884,0.28787878787878785,-0.14069264069264076,0.05710955710955712,-0.21212121212121215,-0.46212121212121215,-0.7121212121212122,-0.7121212121212122,-0.7121212121212122,0.28787878787878785,-0.7121212121212122,0.28787878787878785,-0.045454545454545525,-0.37878787878787884,-0.7121212121212122,0.015151515151515138,-0.7121212121212122,0.06836659275683665,-0.7121212121212122,0.08333333333333326,-0.16666666666666674,-5.827505827505908E-4,-14
dc8f07a0-13df-50cc-83b0-c9c972b0fe14,Barcelona,sports_basketball_traveler,36,16,0.4444444444444444,4132.611111111111,7065.249999999999,4,5,4,0.0,0.0,13.250000000000002,64.6875,45.0,72.0,0.16666666666666666,0.3333333333333333,0,0.3076923076923077,1.0,1.0,0.45,0.3333333333333333,0.2857142857142857,0.0,0.0,0.0,1.0,0.0,0.0,0.0,1.0,0.0,0.0,0.0,0.45,0.0,0.5294117647058824,0.3684210526315789,0.3611111111111111,0.027777777777777776,0.05555555555555555,0.5555555555555556,0.16666666666666666,0.19444444444444445,0.0,0.0,0.0,0.027777777777777776,0.0,0.0,0.0,0.05555555555555555,0.0,0.0,0.0,0.5555555555555556,0.0,0.4722222222222222,0.5277777777777778,0.25,0.0625,0.125,0.5625,0.125,0.125,0.0,0.0,0.0,0.0625,0.0,0.0,0.0,0.125,0.0,0.0,0.0,0.5625,0.0,0.5625,0.4375,-0.1367521367521367,0.5555555555555556,0.5555555555555556,0.005555555555555591,-0.1111111111111111,-0.15873015873015872,-0.4444444444444444,-0.4444444444444444,-0.4444444444444444,0.5555555555555556,-0.4444444444444444,-0.4444444444444444,-0.4444444444444444,0.5555555555555556,-0.4444444444444444,-0.4444444444444444,-0.4444444444444444,0.005555555555555591,-0.4444444444444444,0.08496732026143794,-0.07602339181286549,49,20,0.40816326530612246,3962.4897959183672,7102.2,4,5,4,0.0,0.0,22.95,67.5,45.0,74.48275862068965,0.16326530612244897,0.375,0,0.2631578947368421,1.0,1.0,0.4444444444444444,0.2857142857142857,0.25,0.0,0.0,0.0,1.0,0.0,0.0,0.0,1.0,0.0,0.0,0.0,0.4444444444444444,0.0,0.5,0.3448275862068966,0.3877551020408163,0.02040816326530612,0.04081632653061224,0.5510204081632653,0.14285714285714285,0.24489795918367346,0.0,0.0,0.0,0.02040816326530612,0.0,0.0,0.0,0.04081632653061224,0.0,0.0,0.0,0.5510204081632653,0.0,0.40816326530612246,0.5918367346938775,0.25,0.05,0.1,0.6,0.1,0.15,0.0,0.0,0.0,0.05,0.0,0.0,0.0,0.1,0.0,0.0,0.0,0.6,0.0,0.5,0.5,-0.14500537056928037,0.5918367346938775,0.5918367346938775,0.03628117913832196,-0.12244897959183676,-0.15816326530612246,-0.40816326530612246,-0.40816326530612246,-0.40816326530612246,0.5918367346938775,-0.40816326530612246,-0.40816326530612246,-0.40816326530612246,0.5918367346938775,-0.40816326530612246,-0.40816326530612246,-0.40816326530612246,0.03628117913832196,-0.40816326530612246,0.09183673469387754,-0.06333567909922588,0.03628117913832196,-13
de53f3e2-e103-5390-8783-c0a889b9a175,Valencia,broad_discovery_flexible,56,23,0.4107142857142857,4191.553571428572,7263.434782608696,4,6,5,0.0,0.0,19.130434782608692,61.30434782608695,45.0,61.36363636363637,0.14285714285714285,0.125,0,0.5,1.0,0.45454545454545453,0.34375,0.4,0.5714285714285714,0.0,0.0,0.0,1.0,0.0,1.0,0.0,0.5,0.0,0.0,0.0,0.3548387096774194,1.0,0.38235294117647056,0.42857142857142855,0.21428571428571427,0.017857142857142856,0.19642857142857142,0.5714285714285714,0.08928571428571429,0.125,0.0,0.0,0.0,0.017857142857142856,0.0,0.017857142857142856,0.03571428571428571,0.14285714285714285,0.0,0.017857142857142856,0.0,0.5535714285714286,0.017857142857142856,0.6071428571428571,0.375,0.2608695652173913,0.043478260869565216,0.21739130434782608,0.4782608695652174,0.08695652173913043,0.17391304347826086,0.0,0.0,0.0,0.043478260869565216,0.0,0.043478260869565216,0.0,0.17391304347826086,0.0,0.0,0.0,0.4782608695652174,0.043478260869565216,0.5652173913043478,0.391304347826087,0.0892857142857143,0.5892857142857143,0.04383116883116883,-0.0669642857142857,-0.010714285714285676,0.1607142857142857,-0.4107142857142857,-0.4107142857142857,-0.4107142857142857,0.5892857142857143,-0.4107142857142857,0.5892857142857143,-0.4107142857142857,0.0892857142857143,-0.4107142857142857,-0.4107142857142857,-0.4107142857142857,-0.055875576036866326,0.5892857142857143,-0.028361344537815136,0.01785714285714285,68,26,0.38235294117647056,4156.485294117646,7467.961538461538,4,6,5,0.0,0.0,23.15384615384616,62.88461538461538,45.0,62.14285714285715,0.1323529411764706,0.2222222222222222,0,0.47058823529411764,1.0,0.4166666666666667,0.3157894736842105,0.42857142857142855,0.5,0.0,0.0,0.0,1.0,0.0,1.0,0.0,0.4444444444444444,0.0,0.0,0.0,0.32432432432432434,1.0,0.35,0.4074074074074074,0.25,0.014705882352941176,0.17647058823529413,0.5588235294117647,0.10294117647058823,0.14705882352941177,0.0,0.0,0.0,0.014705882352941176,0.0,0.014705882352941176,0.029411764705882353,0.1323529411764706,0.0,0.014705882352941176,0.0,0.5441176470588235,0.014705882352941176,0.5882352941176471,0.39705882352941174,0.3076923076923077,0.038461538461538464,0.19230769230769232,0.46153846153846156,0.11538461538461539,0.19230769230769232,0.0,0.0,0.0,0.038461538461538464,0.0,0.038461538461538464,0.0,0.15384615384615385,0.0,0.0,0.0,0.46153846153846156,0.038461538461538464,0.5384615384615384,0.4230769230769231,0.08823529411764708,0.6176470588235294,0.03431372549019612,-0.06656346749226005,0.046218487394957986,0.11764705882352944,-0.38235294117647056,-0.38235294117647056,-0.38235294117647056,0.6176470588235294,-0.38235294117647056,0.6176470588235294,-0.38235294117647056,0.06209150326797386,-0.38235294117647056,-0.38235294117647056,-0.38235294117647056,-0.05802861685214622,0.6176470588235294,-0.032352941176470584,0.025054466230936823,0.028361344537815136,-12
dfbc0271-749e-548d-9eb2-f9a069427c84,Valencia,broad_discovery_flexible,70,30,0.42857142857142855,4985.0999999999985,8642.733333333334,4,7,7,0.0,0.0,12.333333333333332,60.0,45.0,56.25000000000001,0.2,0.7857142857142857,0,0.7222222222222222,1.0,0.13333333333333333,0.3888888888888889,0.8888888888888888,0.5555555555555556,0.0,0.0,0.0,1.0,0.0,0.25,0.25,0.0,0.0,0.3333333333333333,0.0,0.3939393939393939,0.0,0.4,0.5,0.2571428571428571,0.014285714285714285,0.21428571428571427,0.5142857142857142,0.12857142857142856,0.12857142857142856,0.0,0.0,0.0,0.014285714285714285,0.0,0.05714285714285714,0.05714285714285714,0.1,0.0,0.04285714285714286,0.0,0.4714285714285714,0.0,0.7142857142857143,0.2857142857142857,0.43333333333333335,0.03333333333333333,0.06666666666666667,0.4666666666666667,0.26666666666666666,0.16666666666666666,0.0,0.0,0.0,0.03333333333333333,0.0,0.03333333333333333,0.03333333333333333,0.0,0.0,0.03333333333333333,0.0,0.43333333333333335,0.0,0.6666666666666666,0.3333333333333333,0.29365079365079366,0.5714285714285714,-0.2952380952380952,-0.03968253968253965,0.4603174603174603,0.12698412698412703,-0.42857142857142855,-0.42857142857142855,-0.42857142857142855,0.5714285714285714,-0.42857142857142855,-0.17857142857142855,-0.17857142857142855,-0.42857142857142855,-0.42857142857142855,-0.09523809523809523,-0.42857142857142855,-0.034632034632034625,-0.42857142857142855,-0.028571428571428525,0.07142857142857145,86,35,0.4069767441860465,4811.244186046512,8564.342857142858,4,7,8,0.0,0.0,19.54285714285714,59.14285714285715,45.0,57.35294117647059,0.22093023255813954,0.6842105263157895,0,0.6818181818181818,1.0,0.11764705882352941,0.3695652173913043,0.8,0.5833333333333334,0.0,0.0,0.0,1.0,0.0,0.25,0.16666666666666666,0.0,0.0,0.25,0.0,0.38095238095238093,0.0,0.39344262295081966,0.44,0.2558139534883721,0.011627906976744186,0.19767441860465115,0.5348837209302325,0.11627906976744186,0.13953488372093023,0.0,0.0,0.0,0.011627906976744186,0.0,0.046511627906976744,0.06976744186046512,0.08139534883720931,0.0,0.046511627906976744,0.0,0.4883720930232558,0.0,0.7093023255813954,0.29069767441860467,0.42857142857142855,0.02857142857142857,0.05714285714285714,0.4857142857142857,0.22857142857142856,0.2,0.0,0.0,0.0,0.02857142857142857,0.0,0.02857142857142857,0.02857142857142857,0.0,0.0,0.02857142857142857,0.0,0.45714285714285713,0.0,0.6857142857142857,0.3142857142857143,0.27484143763213525,0.5930232558139534,-0.28932968536251713,-0.03741152679474219,0.39302325581395353,0.17635658914728686,-0.4069767441860465,-0.4069767441860465,-0.4069767441860465,0.5930232558139534,-0.4069767441860465,-0.1569767441860465,-0.24031007751937986,-0.4069767441860465,-0.4069767441860465,-0.1569767441860465,-0.4069767441860465,-0.02602436323366558,-0.4069767441860465,-0.013534121235226848,0.03302325581395349,0.021594684385382035,-16
e068ce34-e4e1-54b3-8846-2dd99e8bf993,Malaga,broad_discovery_flexible,51,19,0.37254901960784315,4420.117647058823,8069.421052631579,3,5,5,0.0,0.0,17.0,71.05263157894737,90.0,59.06250000000001,0.19607843137254902,0.6,0,0.375,0.0,0.18181818181818182,0.4782608695652174,0.2,0.45454545454545453,0.0,0.0,0.0,0.0,0.0,0.3333333333333333,0.2,0.0,0.0,0.0,0.0,0.5238095238095238,0.0,0.26666666666666666,0.5238095238095238,0.3137254901960784,0.0196078431372549,0.21568627450980393,0.45098039215686275,0.09803921568627451,0.21568627450980393,0.0,0.0,0.0,0.0196078431372549,0.0,0.058823529411764705,0.09803921568627451,0.058823529411764705,0.0,0.0392156862745098,0.0,0.4117647058823529,0.0,0.5882352941176471,0.4117647058823529,0.3157894736842105,0.0,0.10526315789473684,0.5789473684210527,0.05263157894736842,0.2631578947368421,0.0,0.0,0.0,0.0,0.0,0.05263157894736842,0.05263157894736842,0.0,0.0,0.0,0.0,0.5789473684210527,0.0,0.42105263157894735,0.5789473684210527,0.002450980392156854,-0.37254901960784315,-0.19073083778966132,0.10571184995737426,-0.17254901960784313,0.08199643493761138,-0.37254901960784315,-0.37254901960784315,-0.37254901960784315,-0.37254901960784315,-0.37254901960784315,-0.03921568627450983,-0.17254901960784313,-0.37254901960784315,-0.37254901960784315,-0.37254901960784315,-0.37254901960784315,0.1512605042016807,-0.37254901960784315,-0.10588235294117648,0.1512605042016807,73,28,0.3835616438356164,4305.602739726027,7789.714285714284,3,6,5,0.0,0.0,26.71428571428571,69.10714285714286,90.0,62.0,0.1643835616438356,0.5,0,0.48,0.0,0.2,0.40625,0.3333333333333333,0.5625,0.0,0.0,0.0,0.0,0.0,0.2,0.2,0.2,0.0,0.0,0.0,0.4482758620689655,0.0,0.3170731707317073,0.46875,0.3424657534246575,0.0136986301369863,0.2054794520547945,0.4383561643835616,0.1232876712328767,0.2191780821917808,0.0,0.0,0.0,0.0136986301369863,0.0,0.0684931506849315,0.0684931506849315,0.0684931506849315,0.0,0.0410958904109589,0.0,0.3972602739726027,0.0,0.5616438356164384,0.4383561643835616,0.42857142857142855,0.0,0.10714285714285714,0.4642857142857143,0.10714285714285714,0.32142857142857145,0.0,0.0,0.0,0.0,0.0,0.03571428571428571,0.03571428571428571,0.03571428571428571,0.0,0.0,0.0,0.4642857142857143,0.0,0.4642857142857143,0.5357142857142857,0.09643835616438357,-0.3835616438356164,-0.1835616438356164,0.022688356164383583,-0.0502283105022831,0.17893835616438358,-0.3835616438356164,-0.3835616438356164,-0.3835616438356164,-0.3835616438356164,-0.3835616438356164,-0.1835616438356164,-0.1835616438356164,-0.1835616438356164,-0.3835616438356164,-0.3835616438356164,-0.3835616438356164,0.06471421823334911,-0.3835616438356164,-0.0664884731039091,0.08518835616438358,-0.011012624227773271,-22
e08b2c81-7ab1-55d4-9703-6a714ec1c622,Barcelona,broad_discovery_flexible,59,16,0.2711864406779661,3873.288135593221,8157.312499999999,3,6,5,0.0,0.0,10.5625,61.875,45.0,62.09302325581394,0.1864406779661017,0.2727272727272727,1,0.36363636363636365,0.0,0.16666666666666666,0.25,0.45454545454545453,0.2727272727272727,0.0,0.0,0.0,0.0,0.0,0.0,0.5,0.125,0.0,1.0,0.0,0.21739130434782608,0.0,0.2857142857142857,0.2608695652173913,0.3728813559322034,0.01694915254237288,0.2033898305084746,0.4067796610169492,0.1864406779661017,0.1864406779661017,0.0,0.0,0.0,0.01694915254237288,0.0,0.03389830508474576,0.03389830508474576,0.13559322033898305,0.0,0.01694915254237288,0.0,0.3898305084745763,0.01694915254237288,0.5932203389830508,0.3898305084745763,0.5,0.0,0.125,0.375,0.3125,0.1875,0.0,0.0,0.0,0.0,0.0,0.0,0.0625,0.0625,0.0,0.0625,0.0,0.3125,0.0,0.625,0.375,0.09244992295839755,-0.2711864406779661,-0.10451977401129944,-0.0211864406779661,0.18335901386748843,0.0015408320493066063,-0.2711864406779661,-0.2711864406779661,-0.2711864406779661,-0.2711864406779661,-0.2711864406779661,-0.2711864406779661,0.2288135593220339,-0.1461864406779661,-0.2711864406779661,0.728813559322034,-0.2711864406779661,-0.05379513633014002,-0.2711864406779661,0.014527845036319598,-0.010316875460574804,81,27,0.3333333333333333,4247.14814814815,8364.37037037037,3,6,5,0.0,0.0,29.037037037037035,60.00000000000001,45.0,61.94444444444444,0.18518518518518517,0.26666666666666666,1,0.4,0.0,0.25,0.3235294117647059,0.5,0.2857142857142857,0.0,0.0,0.0,0.0,0.0,0.0,0.3333333333333333,0.2727272727272727,0.0,1.0,0.0,0.30303030303030304,0.0,0.36,0.3,0.37037037037037035,0.012345679012345678,0.19753086419753085,0.41975308641975306,0.19753086419753085,0.1728395061728395,0.0,0.0,0.0,0.012345679012345678,0.0,0.024691358024691357,0.037037037037037035,0.13580246913580246,0.0,0.012345679012345678,0.0,0.4074074074074074,0.012345679012345678,0.6172839506172839,0.37037037037037035,0.4444444444444444,0.0,0.14814814814814814,0.4074074074074074,0.2962962962962963,0.14814814814814814,0.0,0.0,0.0,0.0,0.0,0.0,0.037037037037037035,0.1111111111111111,0.0,0.037037037037037035,0.0,0.37037037037037035,0.0,0.6666666666666666,0.3333333333333333,0.06666666666666671,-0.3333333333333333,-0.08333333333333331,-0.009803921568627416,0.16666666666666669,-0.047619047619047616,-0.3333333333333333,-0.3333333333333333,-0.3333333333333333,-0.3333333333333333,-0.3333333333333333,-0.3333333333333333,0.0,-0.06060606060606061,-0.3333333333333333,0.6666666666666667,-0.3333333333333333,-0.030303030303030276,-0.3333333333333333,0.026666666666666672,-0.033333333333333326,-0.062146892655367214,-22
e1638b81-1646-5774-980a-81897697a2e1,Malaga,flamenco_world_madrid,50,23,0.46,5479.08,9119.782608695652,2,4,5,0.0,0.0,13.608695652173912,78.26086956521739,90.0,58.333333333333336,0.16,0.25,0,0.5675675675675675,0.0,0.25,0.0,0.35714285714285715,0.6956521739130435,0.0,0.0,0.0,0.0,0.0,0.0,0.5,0.25,0.0,0.0,0.0,0.0,0.0,0.24,0.68,0.74,0.02,0.16,0.08,0.28,0.46,0.0,0.0,0.0,0.02,0.0,0.04,0.04,0.08,0.0,0.0,0.0,0.08,0.0,0.5,0.5,0.9130434782608695,0.0,0.08695652173913043,0.0,0.21739130434782608,0.6956521739130435,0.0,0.0,0.0,0.0,0.0,0.0,0.043478260869565216,0.043478260869565216,0.0,0.0,0.0,0.0,0.0,0.2608695652173913,0.7391304347826086,0.10756756756756752,-0.46,-0.21000000000000002,-0.46,-0.10285714285714287,0.23565217391304344,-0.46,-0.46,-0.46,-0.46,-0.46,-0.46,0.03999999999999998,-0.21000000000000002,-0.46,-0.46,-0.46,-0.46,-0.46,-0.22000000000000003,0.22000000000000003,67,32,0.47761194029850745,5377.686567164179,8825.0,3,5,5,0.0,0.0,24.093750000000004,77.34375,90.0,64.28571428571428,0.16417910447761194,0.45454545454545453,0,0.5576923076923077,0.0,0.25,0.16666666666666666,0.4117647058823529,0.6285714285714286,0.0,0.0,0.0,0.0,0.0,0.0,0.5,0.25,0.0,0.0,0.0,0.16666666666666666,0.0,0.3103448275862069,0.6052631578947368,0.7761194029850746,0.014925373134328358,0.11940298507462686,0.08955223880597014,0.2537313432835821,0.5223880597014925,0.0,0.0,0.0,0.014925373134328358,0.0,0.029850746268656716,0.029850746268656716,0.05970149253731343,0.0,0.0,0.0,0.08955223880597014,0.0,0.43283582089552236,0.5671641791044776,0.90625,0.0,0.0625,0.03125,0.21875,0.6875,0.0,0.0,0.0,0.0,0.0,0.0,0.03125,0.03125,0.0,0.0,0.0,0.03125,0.0,0.28125,0.71875,0.08008036739380026,-0.47761194029850745,-0.22761194029850745,-0.31094527363184077,-0.06584723441615453,0.1509594882729211,-0.47761194029850745,-0.47761194029850745,-0.47761194029850745,-0.47761194029850745,-0.47761194029850745,-0.47761194029850745,0.022388059701492546,-0.22761194029850745,-0.47761194029850745,-0.47761194029850745,-0.47761194029850745,-0.31094527363184077,-0.47761194029850745,-0.16726711271230055,0.12765121759622938,-0.017611940298507434,-17
e2ab8268-53e5-5329-a7b1-37ff5499227c,Barcelona,sports_basketball_traveler,63,20,0.31746031746031744,3384.8571428571427,6511.8,4,5,3,0.0,0.0,16.15,72.0,90.0,64.88372093023256,0.12698412698412698,0.25,0,0.4,1.0,0.25,0.21428571428571427,0.38461538461538464,0.4117647058823529,0.0,0.0,0.0,1.0,0.0,0.0,0.0,0.25,0.0,0.0,0.0,0.21428571428571427,0.0,0.25,0.3870967741935484,0.47619047619047616,0.015873015873015872,0.06349206349206349,0.4444444444444444,0.20634920634920634,0.2698412698412698,0.0,0.0,0.0,0.015873015873015872,0.0,0.0,0.0,0.06349206349206349,0.0,0.0,0.0,0.4444444444444444,0.0,0.5079365079365079,0.49206349206349204,0.6,0.05,0.05,0.3,0.25,0.35,0.0,0.0,0.0,0.05,0.0,0.0,0.0,0.05,0.0,0.0,0.0,0.3,0.0,0.4,0.6,0.08253968253968258,0.6825396825396826,-0.06746031746031744,-0.10317460317460317,0.0671550671550672,0.09430438842203548,-0.31746031746031744,-0.31746031746031744,-0.31746031746031744,0.6825396825396826,-0.31746031746031744,-0.31746031746031744,-0.31746031746031744,-0.06746031746031744,-0.31746031746031744,-0.31746031746031744,-0.31746031746031744,-0.10317460317460317,-0.31746031746031744,-0.06746031746031744,0.06963645673323093,71,23,0.323943661971831,3517.0140845070423,6766.130434782608,4,5,4,0.0,0.0,22.26086956521739,70.43478260869564,90.0,64.68750000000001,0.1267605633802817,0.3333333333333333,0,0.3870967741935484,1.0,0.4,0.23529411764705882,0.35714285714285715,0.4117647058823529,0.0,0.0,0.0,1.0,0.0,0.0,0.0,0.4,0.0,0.0,0.0,0.23529411764705882,0.0,0.2702702702702703,0.38235294117647056,0.43661971830985913,0.014084507042253521,0.07042253521126761,0.4788732394366197,0.19718309859154928,0.23943661971830985,0.0,0.0,0.0,0.014084507042253521,0.0,0.0,0.0,0.07042253521126761,0.0,0.0,0.0,0.4788732394366197,0.0,0.5211267605633803,0.4788732394366197,0.5217391304347826,0.043478260869565216,0.08695652173913043,0.34782608695652173,0.21739130434782608,0.30434782608695654,0.0,0.0,0.0,0.043478260869565216,0.0,0.0,0.0,0.08695652173913043,0.0,0.0,0.0,0.34782608695652173,0.0,0.43478260869565216,0.5652173913043478,0.06315311222171738,0.676056338028169,0.07605633802816902,-0.08864954432477218,0.03319919517102615,0.08782104391052192,-0.323943661971831,-0.323943661971831,-0.323943661971831,0.676056338028169,-0.323943661971831,-0.323943661971831,-0.323943661971831,0.07605633802816902,-0.323943661971831,-0.323943661971831,-0.323943661971831,-0.08864954432477218,-0.323943661971831,-0.05367339170156071,0.058409279204639564,-0.006483344511513556,-8
e367cac9-2d73-59cf-b072-99f131bf4d66,Barcelona,music_pop_rock_local,52,30,0.5769230769230769,5839.480769230769,8444.333333333334,3,5,3,0.0,0.0,12.733333333333333,72.0,90.0,60.0,0.09615384615384616,0.6,1,0.6052631578947368,0.0,0.8,0.375,0.5,0.6818181818181818,0.0,0.0,0.0,0.0,0.0,0.0,1.0,1.0,0.0,0.0,0.0,0.375,0.0,0.48,0.6923076923076923,0.7307692307692307,0.019230769230769232,0.09615384615384616,0.15384615384615385,0.3076923076923077,0.4230769230769231,0.0,0.0,0.0,0.019230769230769232,0.0,0.019230769230769232,0.019230769230769232,0.057692307692307696,0.0,0.0,0.0,0.15384615384615385,0.019230769230769232,0.4807692307692308,0.5,0.7666666666666667,0.0,0.13333333333333333,0.1,0.26666666666666666,0.5,0.0,0.0,0.0,0.0,0.0,0.0,0.03333333333333333,0.1,0.0,0.0,0.0,0.1,0.0,0.4,0.6,0.028340080971659964,-0.5769230769230769,0.22307692307692317,-0.20192307692307687,-0.07692307692307687,0.1048951048951049,-0.5769230769230769,-0.5769230769230769,-0.5769230769230769,-0.5769230769230769,-0.5769230769230769,-0.5769230769230769,0.42307692307692313,0.42307692307692313,-0.5769230769230769,-0.5769230769230769,-0.5769230769230769,-0.20192307692307687,-0.5769230769230769,-0.09692307692307689,0.11538461538461542,61,35,0.5737704918032787,5692.147540983606,8341.771428571428,3,5,4,0.0,0.0,19.000000000000004,69.42857142857143,90.0,62.8846153846154,0.08196721311475409,0.6,1,0.5813953488372093,0.0,0.8571428571428571,0.4,0.5294117647058824,0.6153846153846154,0.0,0.0,0.0,0.0,0.0,0.0,1.0,1.0,0.0,0.0,0.0,0.4,0.0,0.5333333333333333,0.6333333333333333,0.7049180327868853,0.01639344262295082,0.11475409836065574,0.16393442622950818,0.2786885245901639,0.4262295081967213,0.0,0.0,0.0,0.01639344262295082,0.0,0.01639344262295082,0.01639344262295082,0.08196721311475409,0.0,0.0,0.0,0.16393442622950818,0.01639344262295082,0.4918032786885246,0.4918032786885246,0.7142857142857143,0.0,0.17142857142857143,0.11428571428571428,0.2571428571428571,0.45714285714285713,0.0,0.0,0.0,0.0,0.0,0.0,0.02857142857142857,0.14285714285714285,0.0,0.0,0.0,0.11428571428571428,0.0,0.45714285714285713,0.5428571428571428,0.0076248570339306765,-0.5737704918032787,0.28337236533957844,-0.17377049180327864,-0.0443587270973963,0.04161412358133676,-0.5737704918032787,-0.5737704918032787,-0.5737704918032787,-0.5737704918032787,-0.5737704918032787,-0.5737704918032787,0.42622950819672134,0.42622950819672134,-0.5737704918032787,-0.5737704918032787,-0.5737704918032787,-0.17377049180327864,-0.5737704918032787,-0.040437158469945333,0.059562841530054644,0.0031525851197982124,-9
e3e47834-cb33-5b12-9b79-f4922d6190e1,Valencia,music_pop_rock_local,56,28,0.5,5609.839285714284,8991.25,3,5,5,0.0,0.0,11.928571428571427,70.71428571428572,90.0,67.5,0.17857142857142858,0.6,0,0.5897435897435898,0.0,0.6,0.18181818181818182,0.6,0.5789473684210527,0.0,0.0,0.0,0.0,0.0,1.0,0.0,0.5,0.0,0.0,0.0,0.18181818181818182,0.0,0.46153846153846156,0.5333333333333333,0.6964285714285714,0.017857142857142856,0.08928571428571429,0.19642857142857142,0.35714285714285715,0.3392857142857143,0.0,0.0,0.0,0.017857142857142856,0.0,0.03571428571428571,0.017857142857142856,0.03571428571428571,0.0,0.0,0.0,0.19642857142857142,0.0,0.4642857142857143,0.5357142857142857,0.8214285714285714,0.0,0.10714285714285714,0.07142857142857142,0.42857142857142855,0.39285714285714285,0.0,0.0,0.0,0.0,0.0,0.07142857142857142,0.0,0.03571428571428571,0.0,0.0,0.0,0.07142857142857142,0.0,0.42857142857142855,0.5714285714285714,0.08974358974358976,-0.5,0.09999999999999998,-0.3181818181818182,0.09999999999999998,0.07894736842105265,-0.5,-0.5,-0.5,-0.5,-0.5,0.5,-0.5,0.0,-0.5,-0.5,-0.5,-0.3181818181818182,-0.5,-0.038461538461538436,0.033333333333333326,70,35,0.5,5633.828571428571,8985.485714285713,3,5,5,0.0,0.0,22.57142857142857,69.42857142857143,90.0,63.428571428571445,0.18571428571428572,0.6153846153846154,0,0.5918367346938775,0.0,0.5,0.21428571428571427,0.5925925925925926,0.5909090909090909,0.0,0.0,0.0,0.0,0.0,1.0,0.0,0.3333333333333333,0.0,0.0,0.0,0.21428571428571427,0.0,0.45714285714285713,0.5588235294117647,0.7,0.014285714285714285,0.08571428571428572,0.2,0.38571428571428573,0.3142857142857143,0.0,0.0,0.0,0.014285714285714285,0.0,0.02857142857142857,0.014285714285714285,0.04285714285714286,0.0,0.0,0.0,0.2,0.014285714285714285,0.5,0.4857142857142857,0.8285714285714286,0.0,0.08571428571428572,0.08571428571428572,0.45714285714285713,0.37142857142857144,0.0,0.0,0.0,0.0,0.0,0.05714285714285714,0.0,0.02857142857142857,0.0,0.0,0.0,0.08571428571428572,0.0,0.45714285714285713,0.5428571428571428,0.09183673469387754,-0.5,0.0,-0.2857142857142857,0.09259259259259256,0.09090909090909094,-0.5,-0.5,-0.5,-0.5,-0.5,0.5,-0.5,-0.16666666666666669,-0.5,-0.5,-0.5,-0.2857142857142857,-0.5,-0.04285714285714287,0.05882352941176472,0.0,-14
e46b7088-555c-569f-9045-1a61d850b03b,Valencia,family_weekend_exhibition,66,44,0.6666666666666666,5770.5,7607.840909090909,4,6,6,0.0,0.0,13.659090909090908,54.20454545454546,45.0,57.272727272727266,0.07575757575757576,0.6,0,0.25,1.0,0.42857142857142855,0.7222222222222222,0.0,0.3333333333333333,0.0,0.0,0.0,1.0,0.0,0.0,0.5,0.3333333333333333,0.0,0.6,0.0,0.7692307692307693,0.0,0.6862745098039216,0.6,0.06060606060606061,0.015151515151515152,0.10606060606060606,0.8181818181818182,0.015151515151515152,0.045454545454545456,0.0,0.0,0.0,0.015151515151515152,0.0,0.0,0.06060606060606061,0.045454545454545456,0.0,0.22727272727272727,0.0,0.5909090909090909,0.0,0.7727272727272727,0.22727272727272727,0.022727272727272728,0.022727272727272728,0.06818181818181818,0.8863636363636364,0.0,0.022727272727272728,0.0,0.0,0.0,0.022727272727272728,0.0,0.0,0.045454545454545456,0.022727272727272728,0.0,0.20454545454545456,0.0,0.6818181818181818,0.0,0.7954545454545454,0.20454545454545456,-0.41666666666666663,0.33333333333333337,-0.23809523809523808,0.05555555555555558,-0.6666666666666666,-0.3333333333333333,-0.6666666666666666,-0.6666666666666666,-0.6666666666666666,0.33333333333333337,-0.6666666666666666,-0.6666666666666666,-0.16666666666666663,-0.3333333333333333,-0.6666666666666666,-0.06666666666666665,-0.6666666666666666,0.10256410256410264,-0.6666666666666666,0.019607843137254943,-0.06666666666666665,81,49,0.6049382716049383,5409.246913580247,7646.163265306123,4,6,6,0.0,0.0,18.163265306122447,55.10204081632653,45.0,53.4375,0.08641975308641975,0.5714285714285714,0,0.25,1.0,0.375,0.6470588235294118,0.0,0.3333333333333333,0.0,0.0,0.0,1.0,0.0,0.0,0.5,0.25,0.0,0.5882352941176471,0.0,0.6666666666666666,0.0,0.59375,0.6470588235294118,0.04938271604938271,0.012345679012345678,0.09876543209876543,0.8395061728395061,0.012345679012345678,0.037037037037037035,0.0,0.0,0.0,0.012345679012345678,0.0,0.0,0.04938271604938271,0.04938271604938271,0.0,0.20987654320987653,0.0,0.6296296296296297,0.0,0.7901234567901234,0.20987654320987653,0.02040816326530612,0.02040816326530612,0.061224489795918366,0.8979591836734694,0.0,0.02040816326530612,0.0,0.0,0.0,0.02040816326530612,0.0,0.0,0.04081632653061224,0.02040816326530612,0.0,0.20408163265306123,0.0,0.6938775510204082,0.0,0.7755102040816326,0.22448979591836735,-0.3549382716049383,0.3950617283950617,-0.2299382716049383,0.042120551924473504,-0.6049382716049383,-0.271604938271605,-0.6049382716049383,-0.6049382716049383,-0.6049382716049383,0.3950617283950617,-0.6049382716049383,-0.6049382716049383,-0.1049382716049383,-0.3549382716049383,-0.6049382716049383,-0.016702977487291215,-0.6049382716049383,0.061728395061728336,-0.6049382716049383,-0.011188271604938294,0.042120551924473504,0.061728395061728336,-15
e473d428-d378-5b14-8aac-81389e10b470,Madrid,flamenco_world_madrid,56,34,0.6071428571428571,6170.946428571429,8828.882352941178,3,5,4,0.0,0.0,15.941176470588232,72.79411764705881,90.0,57.27272727272727,0.125,0.5714285714285714,0,0.7352941176470589,0.0,0.5,0.36363636363636365,0.5555555555555556,0.8,0.0,0.0,0.0,0.0,0.0,1.0,0.0,0.5,0.0,0.0,0.0,0.36363636363636365,0.0,0.4482758620689655,0.7777777777777778,0.6071428571428571,0.017857142857142856,0.17857142857142858,0.19642857142857142,0.16071428571428573,0.44642857142857145,0.0,0.0,0.0,0.017857142857142856,0.0,0.03571428571428571,0.03571428571428571,0.10714285714285714,0.0,0.0,0.0,0.19642857142857142,0.0,0.5178571428571429,0.48214285714285715,0.7352941176470589,0.0,0.14705882352941177,0.11764705882352941,0.14705882352941177,0.5882352941176471,0.0,0.0,0.0,0.0,0.0,0.058823529411764705,0.0,0.08823529411764706,0.0,0.0,0.0,0.11764705882352941,0.0,0.38235294117647056,0.6176470588235294,0.12815126050420178,-0.6071428571428571,-0.1071428571428571,-0.24350649350649345,-0.051587301587301515,0.19285714285714295,-0.6071428571428571,-0.6071428571428571,-0.6071428571428571,-0.6071428571428571,-0.6071428571428571,0.3928571428571429,-0.6071428571428571,-0.1071428571428571,-0.6071428571428571,-0.6071428571428571,-0.6071428571428571,-0.24350649350649345,-0.6071428571428571,-0.15886699507389157,0.1706349206349207,74,42,0.5675675675675675,6040.513513513513,9155.190476190477,3,5,4,0.0,0.0,23.97619047619048,73.92857142857143,90.0,66.09375,0.14864864864864866,0.45454545454545453,0,0.6470588235294118,0.0,0.5,0.3333333333333333,0.5833333333333334,0.6666666666666666,0.0,0.0,0.0,0.0,0.0,1.0,0.0,0.5,0.0,0.0,0.0,0.3333333333333333,0.0,0.46875,0.6428571428571429,0.6891891891891891,0.013513513513513514,0.13513513513513514,0.16216216216216217,0.16216216216216217,0.527027027027027,0.0,0.0,0.0,0.013513513513513514,0.0,0.02702702702702703,0.02702702702702703,0.08108108108108109,0.0,0.0,0.0,0.16216216216216217,0.0,0.43243243243243246,0.5675675675675675,0.7857142857142857,0.0,0.11904761904761904,0.09523809523809523,0.16666666666666666,0.6190476190476191,0.0,0.0,0.0,0.0,0.0,0.047619047619047616,0.0,0.07142857142857142,0.0,0.0,0.0,0.09523809523809523,0.0,0.35714285714285715,0.6428571428571429,0.07949125596184425,-0.5675675675675675,-0.06756756756756754,-0.23423423423423423,0.015765765765765827,0.09909909909909909,-0.5675675675675675,-0.5675675675675675,-0.5675675675675675,-0.5675675675675675,-0.5675675675675675,0.43243243243243246,-0.5675675675675675,-0.06756756756756754,-0.5675675675675675,-0.5675675675675675,-0.5675675675675675,-0.23423423423423423,-0.5675675675675675,-0.09881756756756754,0.07528957528957536,0.03957528957528955,-18
e51661bd-73c8-5ab5-bac4-3ed4c06b5091,Valencia,music_pop_rock_local,59,25,0.423728813559322,4487.2881355932195,7822.92,2,3,4,0.0,0.0,14.36,57.6,45.0,63.52941176470589,0.05084745762711865,0.3333333333333333,2,0.5106382978723404,0.0,0.2,0.0,0.5806451612903226,0.375,0.0,0.0,0.0,0.0,0.0,0.0,1.0,0.0,0.0,0.0,0.0,0.0,0.0,0.47368421052631576,0.3333333333333333,0.7966101694915254,0.01694915254237288,0.0847457627118644,0.1016949152542373,0.5254237288135594,0.2711864406779661,0.0,0.0,0.0,0.01694915254237288,0.0,0.0,0.01694915254237288,0.06779661016949153,0.0,0.0,0.0,0.1016949152542373,0.0,0.6440677966101694,0.3559322033898305,0.96,0.0,0.04,0.0,0.72,0.24,0.0,0.0,0.0,0.0,0.0,0.0,0.04,0.0,0.0,0.0,0.0,0.0,0.0,0.72,0.28,0.08690948431301837,-0.423728813559322,-0.223728813559322,-0.423728813559322,0.1569163477310006,-0.048728813559322015,-0.423728813559322,-0.423728813559322,-0.423728813559322,-0.423728813559322,-0.423728813559322,-0.423728813559322,0.576271186440678,-0.423728813559322,-0.423728813559322,-0.423728813559322,-0.423728813559322,-0.423728813559322,-0.423728813559322,0.04995539696699375,-0.0903954802259887,72,31,0.4305555555555556,4700.583333333334,8213.032258064515,2,4,4,0.0,0.0,26.516129032258064,60.96774193548387,45.0,64.7560975609756,0.06944444444444445,0.2,2,0.5,0.0,0.2857142857142857,0.0,0.5405405405405406,0.42857142857142855,0.0,0.0,0.0,0.0,0.0,0.0,1.0,0.16666666666666666,0.0,0.0,0.0,0.0,0.0,0.46511627906976744,0.3793103448275862,0.8055555555555556,0.013888888888888888,0.09722222222222222,0.08333333333333333,0.5138888888888888,0.2916666666666667,0.0,0.0,0.0,0.013888888888888888,0.0,0.0,0.013888888888888888,0.08333333333333333,0.0,0.0,0.0,0.08333333333333333,0.0,0.5972222222222222,0.4027777777777778,0.9354838709677419,0.0,0.06451612903225806,0.0,0.6451612903225806,0.2903225806451613,0.0,0.0,0.0,0.0,0.0,0.0,0.03225806451612903,0.03225806451612903,0.0,0.0,0.0,0.0,0.0,0.6451612903225806,0.3548387096774194,0.06944444444444442,-0.4305555555555556,-0.14484126984126988,-0.4305555555555556,0.10998498498498499,-0.0019841269841270326,-0.4305555555555556,-0.4305555555555556,-0.4305555555555556,-0.4305555555555556,-0.4305555555555556,-0.4305555555555556,0.5694444444444444,-0.26388888888888895,-0.4305555555555556,-0.4305555555555556,-0.4305555555555556,-0.4305555555555556,-0.4305555555555556,0.034560723514211855,-0.05124521072796939,-0.006826741996233565,-13
e743b8bb-9d29-50fd-b4e1-6238ba123b3f,Barcelona,music_pop_rock_local,59,37,0.6271186440677966,6198.016949152542,8490.135135135133,3,5,5,0.0,0.0,11.702702702702705,59.59459459459459,45.0,61.36363636363637,0.13559322033898305,0.625,0,0.6888888888888889,0.0,0.5,0.3333333333333333,0.7037037037037037,0.6666666666666666,0.0,0.0,0.0,0.0,0.0,0.0,0.3333333333333333,0.6,0.0,0.0,0.0,0.3333333333333333,0.0,0.6410256410256411,0.6,0.7627118644067796,0.0,0.13559322033898305,0.1016949152542373,0.4576271186440678,0.3050847457627119,0.0,0.0,0.0,0.0,0.0,0.0,0.05084745762711865,0.0847457627118644,0.0,0.0,0.0,0.1016949152542373,0.0,0.6610169491525424,0.3389830508474576,0.8378378378378378,0.0,0.10810810810810811,0.05405405405405406,0.5135135135135135,0.32432432432432434,0.0,0.0,0.0,0.0,0.0,0.0,0.02702702702702703,0.08108108108108109,0.0,0.0,0.0,0.05405405405405406,0.0,0.6756756756756757,0.32432432432432434,0.06177024482109228,-0.6271186440677966,-0.1271186440677966,-0.2937853107344633,0.07658505963590712,0.039548022598870025,-0.6271186440677966,-0.6271186440677966,-0.6271186440677966,-0.6271186440677966,-0.6271186440677966,-0.6271186440677966,-0.2937853107344633,-0.027118644067796627,-0.6271186440677966,-0.6271186440677966,-0.6271186440677966,-0.2937853107344633,-0.6271186440677966,0.013906996957844475,-0.027118644067796627,77,45,0.5844155844155844,5869.0,8378.333333333334,3,5,6,0.0,0.0,22.711111111111112,59.99999999999999,45.0,61.87499999999999,0.14285714285714285,0.6363636363636364,0,0.6101694915254238,0.0,0.5,0.5555555555555556,0.5897435897435898,0.65,0.0,0.0,0.0,0.0,0.0,0.0,0.3333333333333333,0.6,0.0,0.0,0.0,0.5555555555555556,0.0,0.6,0.5555555555555556,0.7662337662337663,0.012987012987012988,0.1038961038961039,0.11688311688311688,0.5064935064935064,0.2597402597402597,0.0,0.0,0.0,0.012987012987012988,0.0,0.0,0.03896103896103896,0.06493506493506493,0.0,0.0,0.0,0.11688311688311688,0.0,0.6493506493506493,0.35064935064935066,0.8,0.0,0.08888888888888889,0.1111111111111111,0.5111111111111111,0.28888888888888886,0.0,0.0,0.0,0.0,0.0,0.0,0.022222222222222223,0.06666666666666667,0.0,0.0,0.0,0.1111111111111111,0.0,0.6666666666666666,0.3333333333333333,0.02575390710983938,-0.5844155844155844,-0.08441558441558439,-0.028860028860028808,0.00532800532800537,0.06558441558441563,-0.5844155844155844,-0.5844155844155844,-0.5844155844155844,-0.5844155844155844,-0.5844155844155844,-0.5844155844155844,-0.2510822510822511,0.01558441558441559,-0.5844155844155844,-0.5844155844155844,-0.5844155844155844,-0.028860028860028808,-0.5844155844155844,0.01558441558441559,-0.028860028860028808,0.042703059652212216,-18
e8dbf3e3-6537-5ffe-8ab2-c89961bfc325,Madrid,culture_theatre_explorer,50,27,0.54,5974.099999999999,8848.370370370369,3,7,2,0.0,0.0,12.370370370370368,58.33333333333334,45.0,52.82608695652174,0.18,0.3333333333333333,0,0.42857142857142855,0.0,0.6451612903225806,0.36363636363636365,0.25,0.6666666666666666,0.0,0.0,0.0,0.0,0.0,0.625,0.6666666666666666,0.6428571428571429,0.0,1.0,0.0,0.3,0.0,0.5,0.6666666666666666,0.14,0.02,0.62,0.22,0.08,0.06,0.0,0.0,0.0,0.02,0.0,0.16,0.18,0.28,0.0,0.02,0.0,0.2,0.0,0.76,0.24,0.1111111111111111,0.0,0.7407407407407407,0.14814814814814814,0.037037037037037035,0.07407407407407407,0.0,0.0,0.0,0.0,0.0,0.18518518518518517,0.2222222222222222,0.3333333333333333,0.0,0.037037037037037035,0.0,0.1111111111111111,0.0,0.7037037037037037,0.2962962962962963,-0.11142857142857149,-0.54,0.10516129032258059,-0.1763636363636364,-0.29000000000000004,0.1266666666666666,-0.54,-0.54,-0.54,-0.54,-0.54,0.08499999999999996,0.1266666666666666,0.10285714285714287,-0.54,0.45999999999999996,-0.54,-0.24000000000000005,-0.54,-0.040000000000000036,0.1266666666666666,65,36,0.5538461538461539,6043.723076923077,8894.861111111111,3,7,4,0.0,0.0,26.500000000000004,56.25,45.0,51.20689655172414,0.23076923076923078,0.4,0,0.45454545454545453,0.0,0.6842105263157895,0.3333333333333333,0.42857142857142855,0.5,0.0,0.0,0.0,0.0,0.0,0.6666666666666666,0.75,0.6470588235294118,0.0,0.3333333333333333,0.0,0.3333333333333333,0.0,0.5192307692307693,0.6923076923076923,0.16923076923076924,0.015384615384615385,0.5846153846153846,0.23076923076923078,0.1076923076923077,0.06153846153846154,0.0,0.0,0.0,0.015384615384615385,0.0,0.13846153846153847,0.18461538461538463,0.26153846153846155,0.0,0.046153846153846156,0.0,0.18461538461538463,0.0,0.8,0.2,0.1388888888888889,0.0,0.7222222222222222,0.1388888888888889,0.08333333333333333,0.05555555555555555,0.0,0.0,0.0,0.0,0.0,0.16666666666666666,0.25,0.3055555555555556,0.0,0.027777777777777776,0.0,0.1111111111111111,0.0,0.75,0.25,-0.09930069930069935,-0.5538461538461539,0.13036437246963561,-0.22051282051282056,-0.12527472527472533,-0.05384615384615388,-0.5538461538461539,-0.5538461538461539,-0.5538461538461539,-0.5538461538461539,-0.5538461538461539,0.11282051282051275,0.19615384615384612,0.09321266968325792,-0.5538461538461539,-0.22051282051282056,-0.5538461538461539,-0.22051282051282056,-0.5538461538461539,-0.0346153846153846,0.1384615384615384,-0.013846153846153841,-15
e9c540a3-ff09-5d48-a995-9bf597249ffd,Valencia,music_pop_rock_local,67,29,0.43283582089552236,4791.179104477613,8414.689655172415,3,4,5,0.0,0.0,14.06896551724138,66.72413793103448,45.0,60.39473684210526,0.13432835820895522,0.3333333333333333,1,0.5,0.0,0.2,0.25,0.5862068965517241,0.38095238095238093,0.0,0.0,0.0,0.0,0.0,0.0,0.0,0.25,0.0,0.0,0.0,0.25,0.0,0.375,0.5185185185185185,0.746268656716418,0.0,0.07462686567164178,0.1791044776119403,0.43283582089552236,0.31343283582089554,0.0,0.0,0.0,0.0,0.0,0.0,0.014925373134328358,0.05970149253731343,0.0,0.0,0.0,0.1791044776119403,0.0,0.5970149253731343,0.40298507462686567,0.8620689655172413,0.0,0.034482758620689655,0.10344827586206896,0.5862068965517241,0.27586206896551724,0.0,0.0,0.0,0.0,0.0,0.0,0.0,0.034482758620689655,0.0,0.0,0.0,0.10344827586206896,0.0,0.5172413793103449,0.4827586206896552,0.06716417910447764,-0.43283582089552236,-0.23283582089552235,-0.18283582089552236,0.15337107565620173,-0.05188343994314143,-0.43283582089552236,-0.43283582089552236,-0.43283582089552236,-0.43283582089552236,-0.43283582089552236,-0.43283582089552236,-0.43283582089552236,-0.18283582089552236,-0.43283582089552236,-0.43283582089552236,-0.43283582089552236,-0.18283582089552236,-0.43283582089552236,-0.05783582089552236,0.08568269762299613,86,42,0.4883720930232558,5101.325581395349,8332.976190476189,4,5,7,0.0,0.0,27.071428571428573,65.35714285714286,45.0,60.68181818181818,0.12790697674418605,0.36363636363636365,1,0.546875,1.0,0.2,0.3125,0.6486486486486487,0.4074074074074074,0.0,0.0,0.0,1.0,0.0,0.0,0.0,0.25,0.0,0.0,0.0,0.3125,0.0,0.46,0.5428571428571428,0.7441860465116279,0.011627906976744186,0.05813953488372093,0.18604651162790697,0.43023255813953487,0.313953488372093,0.0,0.0,0.0,0.011627906976744186,0.0,0.0,0.011627906976744186,0.046511627906976744,0.0,0.0,0.0,0.18604651162790697,0.011627906976744186,0.5813953488372093,0.4069767441860465,0.8333333333333334,0.023809523809523808,0.023809523809523808,0.11904761904761904,0.5714285714285714,0.2619047619047619,0.0,0.0,0.0,0.023809523809523808,0.0,0.0,0.0,0.023809523809523808,0.0,0.0,0.0,0.11904761904761904,0.0,0.5476190476190477,0.4523809523809524,0.05850290697674421,0.5116279069767442,-0.2883720930232558,-0.1758720930232558,0.1602765556253929,-0.08096468561584841,-0.4883720930232558,-0.4883720930232558,-0.4883720930232558,0.5116279069767442,-0.4883720930232558,-0.4883720930232558,-0.4883720930232558,-0.2383720930232558,-0.4883720930232558,-0.4883720930232558,-0.4883720930232558,-0.1758720930232558,-0.4883720930232558,-0.028372093023255773,0.05448504983388702,-0.05553627212773343,-19
ec1e50ed-cc3d-56a2-8ce9-1c0930948181,Malaga,culture_theatre_explorer,41,24,0.5853658536585366,5925.195121951218,8656.29166666667,3,5,3,0.0,0.0,17.45833333333333,60.0,45.0,58.23529411764706,0.2682926829268293,0.5454545454545454,1,0.25,0.0,0.6538461538461539,0.6,0.3333333333333333,0.0,0.0,0.0,0.0,0.0,0.0,0.75,0.7777777777777778,0.4444444444444444,0.0,0.0,0.0,0.6,0.0,0.5714285714285714,0.6153846153846154,0.0975609756097561,0.024390243902439025,0.6341463414634146,0.24390243902439024,0.07317073170731707,0.024390243902439025,0.0,0.0,0.0,0.024390243902439025,0.0,0.1951219512195122,0.21951219512195122,0.21951219512195122,0.0,0.0,0.0,0.24390243902439024,0.0,0.6829268292682927,0.3170731707317073,0.041666666666666664,0.0,0.7083333333333334,0.25,0.041666666666666664,0.0,0.0,0.0,0.0,0.0,0.0,0.25,0.2916666666666667,0.16666666666666666,0.0,0.0,0.0,0.25,0.0,0.6666666666666666,0.3333333333333333,-0.33536585365853655,-0.5853658536585366,0.0684803001876173,0.014634146341463428,-0.25203252032520324,-0.5853658536585366,-0.5853658536585366,-0.5853658536585366,-0.5853658536585366,-0.5853658536585366,-0.5853658536585366,0.16463414634146345,0.19241192411924124,-0.14092140921409213,-0.5853658536585366,-0.5853658536585366,-0.5853658536585366,0.014634146341463428,-0.5853658536585366,-0.013937282229965153,0.03001876172607887,58,31,0.5344827586206896,5990.741379310345,9131.74193548387,3,5,4,0.0,0.0,30.838709677419356,56.61290322580645,45.0,55.555555555555564,0.22413793103448276,0.46153846153846156,1,0.2,0.0,0.6216216216216216,0.4666666666666667,0.25,0.0,0.0,0.0,0.0,0.0,0.0,0.6666666666666666,0.8181818181818182,0.47058823529411764,0.0,0.0,0.0,0.4666666666666667,0.0,0.5476190476190477,0.5333333333333333,0.08620689655172414,0.017241379310344827,0.6379310344827587,0.25862068965517243,0.06896551724137931,0.017241379310344827,0.0,0.0,0.0,0.017241379310344827,0.0,0.15517241379310345,0.1896551724137931,0.29310344827586204,0.0,0.0,0.0,0.25862068965517243,0.017241379310344827,0.7241379310344828,0.25862068965517243,0.03225806451612903,0.0,0.7419354838709677,0.22580645161290322,0.03225806451612903,0.0,0.0,0.0,0.0,0.0,0.0,0.1935483870967742,0.2903225806451613,0.25806451612903225,0.0,0.0,0.0,0.22580645161290322,0.0,0.7419354838709677,0.25806451612903225,-0.3344827586206896,-0.5344827586206896,0.08713886300093199,-0.06781609195402294,-0.2844827586206896,-0.5344827586206896,-0.5344827586206896,-0.5344827586206896,-0.5344827586206896,-0.5344827586206896,-0.5344827586206896,0.13218390804597702,0.2836990595611286,-0.06389452332657197,-0.5344827586206896,-0.5344827586206896,-0.5344827586206896,-0.06781609195402294,-0.5344827586206896,0.013136288998358059,-0.0011494252873562871,0.05088309503784694,-17
edda1bd1-8806-5075-ad16-4b0c83f4257d,Malaga,flamenco_world_madrid,55,23,0.41818181818181815,4863.563636363636,8490.13043478261,2,3,6,0.0,0.0,15.521739130434783,72.3913043478261,90.0,71.71875000000001,0.21818181818181817,0.3333333333333333,1,0.4888888888888889,0.0,0.2,0.0,0.4666666666666667,0.5,0.0,0.0,0.0,0.0,0.0,0.0,0.0,1.0,0.0,0.0,0.0,0.0,0.0,0.4090909090909091,0.42424242424242425,0.8181818181818182,0.01818181818181818,0.09090909090909091,0.07272727272727272,0.2727272727272727,0.5454545454545454,0.0,0.0,0.0,0.01818181818181818,0.0,0.05454545454545454,0.01818181818181818,0.01818181818181818,0.0,0.0,0.0,0.07272727272727272,0.0,0.4,0.6,0.9565217391304348,0.0,0.043478260869565216,0.0,0.30434782608695654,0.6521739130434783,0.0,0.0,0.0,0.0,0.0,0.0,0.0,0.043478260869565216,0.0,0.0,0.0,0.0,0.0,0.391304347826087,0.6086956521739131,0.07070707070707072,-0.41818181818181815,-0.21818181818181814,-0.41818181818181815,0.04848484848484852,0.08181818181818185,-0.41818181818181815,-0.41818181818181815,-0.41818181818181815,-0.41818181818181815,-0.41818181818181815,-0.41818181818181815,-0.41818181818181815,0.5818181818181818,-0.41818181818181815,-0.41818181818181815,-0.41818181818181815,-0.41818181818181815,-0.41818181818181815,-0.009090909090909038,0.0060606060606061,69,27,0.391304347826087,4679.115942028986,8408.037037037036,2,3,6,0.0,0.0,22.814814814814817,71.66666666666667,90.0,72.85714285714285,0.2463768115942029,0.29411764705882354,1,0.4727272727272727,0.0,0.125,0.0,0.5,0.4594594594594595,0.0,0.0,0.0,0.0,0.0,0.0,0.0,0.3333333333333333,0.0,0.0,0.0,0.0,0.0,0.4074074074074074,0.38095238095238093,0.7971014492753623,0.014492753623188406,0.11594202898550725,0.07246376811594203,0.2608695652173913,0.5362318840579711,0.0,0.0,0.0,0.014492753623188406,0.0,0.057971014492753624,0.014492753623188406,0.043478260869565216,0.0,0.0,0.0,0.07246376811594203,0.0,0.391304347826087,0.6086956521739131,0.9629629629629629,0.0,0.037037037037037035,0.0,0.3333333333333333,0.6296296296296297,0.0,0.0,0.0,0.0,0.0,0.0,0.0,0.037037037037037035,0.0,0.0,0.0,0.0,0.0,0.4074074074074074,0.5925925925925926,0.08142292490118574,-0.391304347826087,-0.266304347826087,-0.391304347826087,0.10869565217391303,0.06815511163337251,-0.391304347826087,-0.391304347826087,-0.391304347826087,-0.391304347826087,-0.391304347826087,-0.391304347826087,-0.391304347826087,-0.05797101449275366,-0.391304347826087,-0.391304347826087,-0.391304347826087,-0.391304347826087,-0.391304347826087,0.01610305958132041,-0.010351966873706042,0.02687747035573118,-14
edf86f2b-b6b7-5361-a35c-93f1976f9b22,Madrid,culture_theatre_explorer,50,31,0.62,6266.78,8577.580645161292,3,6,2,0.0,0.0,12.580645161290324,56.61290322580644,45.0,63.94736842105263,0.24,0.25,0,0.375,0.0,0.6875,0.6,0.3333333333333333,0.4,0.0,0.0,0.0,0.0,0.0,0.5714285714285714,0.8333333333333334,0.6842105263157895,0.0,0.0,0.0,0.6,0.0,0.6764705882352942,0.5,0.16,0.0,0.64,0.2,0.06,0.1,0.0,0.0,0.0,0.0,0.0,0.14,0.12,0.38,0.0,0.0,0.0,0.2,0.0,0.68,0.32,0.0967741935483871,0.0,0.7096774193548387,0.1935483870967742,0.03225806451612903,0.06451612903225806,0.0,0.0,0.0,0.0,0.0,0.12903225806451613,0.16129032258064516,0.41935483870967744,0.0,0.0,0.0,0.1935483870967742,0.0,0.7419354838709677,0.25806451612903225,-0.245,-0.62,0.0675,-0.020000000000000018,-0.2866666666666667,-0.21999999999999997,-0.62,-0.62,-0.62,-0.62,-0.62,-0.0485714285714286,0.21333333333333337,0.0642105263157895,-0.62,-0.62,-0.62,-0.020000000000000018,-0.62,0.05647058823529416,-0.12,64,40,0.625,6397.546875000002,8766.5,4,7,4,0.0,0.0,24.449999999999996,54.0,45.0,60.00000000000001,0.203125,0.3076923076923077,0,0.375,1.0,0.675,0.6,0.3333333333333333,0.4,0.0,0.0,0.0,1.0,0.0,0.6666666666666666,0.7777777777777778,0.6363636363636364,0.0,0.0,0.0,0.6,0.0,0.6666666666666666,0.5,0.125,0.015625,0.625,0.234375,0.046875,0.078125,0.0,0.0,0.0,0.015625,0.0,0.140625,0.140625,0.34375,0.0,0.0,0.0,0.234375,0.0,0.75,0.25,0.075,0.025,0.675,0.225,0.025,0.05,0.0,0.0,0.0,0.025,0.0,0.15,0.175,0.35,0.0,0.0,0.0,0.225,0.0,0.8,0.2,-0.25,0.375,0.050000000000000044,-0.025000000000000022,-0.2916666666666667,-0.22499999999999998,-0.625,-0.625,-0.625,0.375,-0.625,0.04166666666666663,0.1527777777777778,0.011363636363636354,-0.625,-0.625,-0.625,-0.025000000000000022,-0.625,0.04166666666666663,-0.125,-0.0050000000000000044,-14
f091e2ec-aaf3-54b7-940b-0e877ac8f77f,Malaga,culture_theatre_explorer,59,34,0.576271186440678,6156.084745762712,8716.470588235294,4,6,3,0.0,0.0,12.676470588235293,51.61764705882353,45.0,58.2,0.3220338983050847,0.3684210526315789,0,0.25,1.0,0.7297297297297297,0.3333333333333333,0.375,0.0,0.0,0.0,0.0,1.0,0.0,0.625,0.7272727272727273,0.7777777777777778,0.0,0.0,0.0,0.3333333333333333,0.0,0.6444444444444445,0.38461538461538464,0.2033898305084746,0.01694915254237288,0.6271186440677966,0.15254237288135594,0.13559322033898305,0.06779661016949153,0.0,0.0,0.0,0.01694915254237288,0.0,0.13559322033898305,0.1864406779661017,0.3050847457627119,0.0,0.0,0.0,0.15254237288135594,0.01694915254237288,0.7627118644067796,0.22033898305084745,0.08823529411764706,0.029411764705882353,0.7941176470588235,0.08823529411764706,0.08823529411764706,0.0,0.0,0.0,0.0,0.029411764705882353,0.0,0.14705882352941177,0.23529411764705882,0.4117647058823529,0.0,0.0,0.0,0.08823529411764706,0.0,0.8529411764705882,0.14705882352941177,-0.326271186440678,0.423728813559322,0.15345854328905173,-0.24293785310734467,-0.20127118644067798,-0.576271186440678,-0.576271186440678,-0.576271186440678,-0.576271186440678,0.423728813559322,-0.576271186440678,0.048728813559322015,0.1510015408320493,0.2015065913370998,-0.576271186440678,-0.576271186440678,-0.576271186440678,-0.24293785310734467,-0.576271186440678,0.0681732580037665,-0.19165580182529335,78,41,0.5256410256410257,5895.282051282051,8955.658536585364,4,6,4,0.0,0.0,22.46341463414634,51.58536585365854,45.0,56.351351351351354,0.2692307692307692,0.3333333333333333,0,0.23076923076923078,1.0,0.6875,0.25,0.3333333333333333,0.0,0.0,0.0,0.0,1.0,0.0,0.6,0.6666666666666666,0.7307692307692307,0.0,0.0,0.0,0.25,0.0,0.5737704918032787,0.375,0.16666666666666666,0.01282051282051282,0.6153846153846154,0.20512820512820512,0.11538461538461539,0.05128205128205128,0.0,0.0,0.0,0.01282051282051282,0.0,0.1282051282051282,0.15384615384615385,0.3333333333333333,0.0,0.0,0.0,0.20512820512820512,0.01282051282051282,0.782051282051282,0.20512820512820512,0.07317073170731707,0.024390243902439025,0.8048780487804879,0.0975609756097561,0.07317073170731707,0.0,0.0,0.0,0.0,0.024390243902439025,0.0,0.14634146341463414,0.1951219512195122,0.4634146341463415,0.0,0.0,0.0,0.0975609756097561,0.0,0.8536585365853658,0.14634146341463414,-0.2948717948717949,0.47435897435897434,0.16185897435897434,-0.27564102564102566,-0.19230769230769235,-0.5256410256410257,-0.5256410256410257,-0.5256410256410257,-0.5256410256410257,0.47435897435897434,-0.5256410256410257,0.07435897435897432,0.14102564102564097,0.20512820512820507,-0.5256410256410257,-0.5256410256410257,-0.5256410256410257,-0.27564102564102566,-0.5256410256410257,0.048129466162253,-0.15064102564102566,0.050630160799652324,-19
f10575ed-0860-5780-b445-94eb43595a33,Malaga,culture_theatre_explorer,65,28,0.4307692307692308,5186.03076923077,8780.357142857141,3,6,2,0.0,0.0,11.392857142857144,48.75000000000001,45.0,60.810810810810814,0.27692307692307694,0.5555555555555556,1,0.1111111111111111,0.0,0.5238095238095238,0.35714285714285715,0.3333333333333333,0.0,0.0,0.0,0.0,0.0,0.0,0.42857142857142855,0.36363636363636365,0.625,0.0,1.0,0.0,0.3076923076923077,1.0,0.5,0.1875,0.13846153846153847,0.0,0.6461538461538462,0.2153846153846154,0.046153846153846156,0.09230769230769231,0.0,0.0,0.0,0.0,0.0,0.1076923076923077,0.16923076923076924,0.36923076923076925,0.0,0.015384615384615385,0.0,0.2,0.015384615384615385,0.7384615384615385,0.24615384615384617,0.03571428571428571,0.0,0.7857142857142857,0.17857142857142858,0.03571428571428571,0.0,0.0,0.0,0.0,0.0,0.0,0.10714285714285714,0.14285714285714285,0.5357142857142857,0.0,0.03571428571428571,0.0,0.14285714285714285,0.03571428571428571,0.8571428571428571,0.10714285714285714,-0.3196581196581197,-0.4307692307692308,0.09304029304029304,-0.07362637362637364,-0.09743589743589748,-0.4307692307692308,-0.4307692307692308,-0.4307692307692308,-0.4307692307692308,-0.4307692307692308,-0.4307692307692308,-0.0021978021978022455,-0.06713286713286715,0.1942307692307692,-0.4307692307692308,0.5692307692307692,-0.4307692307692308,-0.12307692307692308,0.5692307692307692,0.0692307692307692,-0.2432692307692308,81,31,0.38271604938271603,4893.827160493827,8811.83870967742,3,6,2,0.0,0.0,17.064516129032253,49.83870967741936,45.0,59.4,0.2716049382716049,0.5454545454545454,1,0.15384615384615385,0.0,0.48,0.29411764705882354,0.3333333333333333,0.0,0.0,0.0,0.0,0.0,0.0,0.4,0.3333333333333333,0.5714285714285714,0.0,1.0,0.0,0.25,1.0,0.43333333333333335,0.2,0.16049382716049382,0.012345679012345678,0.6172839506172839,0.20987654320987653,0.07407407407407407,0.08641975308641975,0.0,0.0,0.0,0.012345679012345678,0.0,0.12345679012345678,0.14814814814814814,0.345679012345679,0.0,0.012345679012345678,0.0,0.19753086419753085,0.012345679012345678,0.7407407407407407,0.24691358024691357,0.06451612903225806,0.0,0.7741935483870968,0.16129032258064516,0.06451612903225806,0.0,0.0,0.0,0.0,0.0,0.0,0.12903225806451613,0.12903225806451613,0.5161290322580645,0.0,0.03225806451612903,0.0,0.12903225806451613,0.03225806451612903,0.8387096774193549,0.12903225806451613,-0.22886989553656217,-0.38271604938271603,0.09728395061728395,-0.08859840232389249,-0.04938271604938271,-0.38271604938271603,-0.38271604938271603,-0.38271604938271603,-0.38271604938271603,-0.38271604938271603,-0.38271604938271603,0.017283950617283994,-0.04938271604938271,0.18871252204585537,-0.38271604938271603,0.617283950617284,-0.38271604938271603,-0.13271604938271603,0.617283950617284,0.05061728395061732,-0.18271604938271602,0.048053181386514765,-16
f3189c55-d970-5035-a5aa-54e9172abeb1,Madrid,flamenco_world_madrid,51,27,0.5294117647058824,5925.607843137255,8966.925925925925,3,5,3,0.0,0.0,12.74074074074074,78.33333333333334,90.0,65.625,0.27450980392156865,0.6428571428571429,0,0.65625,0.0,0.25,0.4,0.3333333333333333,0.7307692307692307,0.0,0.0,0.0,0.0,0.0,0.0,1.0,0.16666666666666666,0.0,0.0,0.0,0.4,0.0,0.35,0.6451612903225806,0.6274509803921569,0.0196078431372549,0.1568627450980392,0.19607843137254902,0.11764705882352941,0.5098039215686274,0.0,0.0,0.0,0.0196078431372549,0.0,0.0196078431372549,0.0196078431372549,0.11764705882352941,0.0,0.0,0.0,0.19607843137254902,0.0,0.39215686274509803,0.6078431372549019,0.7777777777777778,0.0,0.07407407407407407,0.14814814814814814,0.07407407407407407,0.7037037037037037,0.0,0.0,0.0,0.0,0.0,0.0,0.037037037037037035,0.037037037037037035,0.0,0.0,0.0,0.14814814814814814,0.0,0.25925925925925924,0.7407407407407407,0.12683823529411764,-0.5294117647058824,-0.27941176470588236,-0.12941176470588234,-0.19607843137254904,0.20135746606334837,-0.5294117647058824,-0.5294117647058824,-0.5294117647058824,-0.5294117647058824,-0.5294117647058824,-0.5294117647058824,0.47058823529411764,-0.36274509803921573,-0.5294117647058824,-0.5294117647058824,-0.5294117647058824,-0.12941176470588234,-0.5294117647058824,-0.17941176470588238,0.11574952561669827,70,40,0.5714285714285714,6189.17142857143,8962.849999999999,3,5,3,0.0,0.0,33.49999999999999,77.625,90.0,62.99999999999999,0.2571428571428571,0.6666666666666666,0,0.6956521739130435,0.0,0.4,0.3076923076923077,0.36363636363636365,0.8,0.0,0.0,0.0,0.0,0.0,0.0,1.0,0.375,0.0,0.0,0.0,0.3076923076923077,0.0,0.3793103448275862,0.7073170731707317,0.6571428571428571,0.014285714285714285,0.14285714285714285,0.18571428571428572,0.15714285714285714,0.5,0.0,0.0,0.0,0.014285714285714285,0.0,0.014285714285714285,0.014285714285714285,0.11428571428571428,0.0,0.0,0.0,0.18571428571428572,0.0,0.4142857142857143,0.5857142857142857,0.8,0.0,0.1,0.1,0.1,0.7,0.0,0.0,0.0,0.0,0.0,0.0,0.025,0.075,0.0,0.0,0.0,0.1,0.0,0.275,0.725,0.12422360248447206,-0.5714285714285714,-0.17142857142857137,-0.2637362637362637,-0.20779220779220775,0.22857142857142865,-0.5714285714285714,-0.5714285714285714,-0.5714285714285714,-0.5714285714285714,-0.5714285714285714,-0.5714285714285714,0.4285714285714286,-0.1964285714285714,-0.5714285714285714,-0.5714285714285714,-0.5714285714285714,-0.2637362637362637,-0.5714285714285714,-0.1921182266009852,0.13588850174216027,-0.04201680672268904,-19
f4e7edf4-55e4-5faf-807e-50e99571310d,Madrid,flamenco_world_madrid,49,26,0.5306122448979592,6046.122448979591,9601.769230769232,3,5,3,0.0,0.0,13.538461538461538,72.6923076923077,90.0,62.608695652173914,0.1836734693877551,0.4444444444444444,0,0.5714285714285714,0.0,0.5,0.3333333333333333,0.36363636363636365,0.6666666666666666,0.0,0.0,0.0,0.0,0.0,0.0,0.5,0.6,0.0,0.0,0.0,0.3333333333333333,0.0,0.4166666666666667,0.64,0.7142857142857143,0.0,0.16326530612244897,0.12244897959183673,0.22448979591836735,0.4897959183673469,0.0,0.0,0.0,0.0,0.0,0.02040816326530612,0.04081632653061224,0.10204081632653061,0.0,0.0,0.0,0.12244897959183673,0.0,0.4897959183673469,0.5102040816326531,0.7692307692307693,0.0,0.15384615384615385,0.07692307692307693,0.15384615384615385,0.6153846153846154,0.0,0.0,0.0,0.0,0.0,0.0,0.038461538461538464,0.11538461538461539,0.0,0.0,0.0,0.07692307692307693,0.0,0.38461538461538464,0.6153846153846154,0.04081632653061218,-0.5306122448979592,-0.030612244897959218,-0.1972789115646259,-0.16697588126159557,0.1360544217687074,-0.5306122448979592,-0.5306122448979592,-0.5306122448979592,-0.5306122448979592,-0.5306122448979592,-0.5306122448979592,-0.030612244897959218,0.06938775510204076,-0.5306122448979592,-0.5306122448979592,-0.5306122448979592,-0.1972789115646259,-0.5306122448979592,-0.11394557823129253,0.1093877551020408,65,35,0.5384615384615384,5905.015384615385,9184.400000000001,3,5,3,0.0,0.0,27.000000000000004,74.57142857142857,90.0,61.49999999999999,0.18461538461538463,0.5,0,0.6170212765957447,0.0,0.5,0.2222222222222222,0.4,0.71875,0.0,0.0,0.0,0.0,0.0,0.0,0.5,0.6,0.0,0.0,0.0,0.2222222222222222,0.0,0.3870967741935484,0.6764705882352942,0.7230769230769231,0.015384615384615385,0.12307692307692308,0.13846153846153847,0.23076923076923078,0.49230769230769234,0.0,0.0,0.0,0.015384615384615385,0.0,0.015384615384615385,0.03076923076923077,0.07692307692307693,0.0,0.0,0.0,0.13846153846153847,0.0,0.47692307692307695,0.5230769230769231,0.8285714285714286,0.0,0.11428571428571428,0.05714285714285714,0.17142857142857143,0.6571428571428571,0.0,0.0,0.0,0.0,0.0,0.0,0.02857142857142857,0.08571428571428572,0.0,0.0,0.0,0.05714285714285714,0.0,0.34285714285714286,0.6571428571428571,0.07855973813420625,-0.5384615384615384,-0.038461538461538436,-0.3162393162393162,-0.1384615384615384,0.18028846153846156,-0.5384615384615384,-0.5384615384615384,-0.5384615384615384,-0.5384615384615384,-0.5384615384615384,-0.5384615384615384,-0.038461538461538436,0.06153846153846154,-0.5384615384615384,-0.5384615384615384,-0.5384615384615384,-0.3162393162393162,-0.5384615384615384,-0.15136476426799006,0.13800904977375572,-0.007849293563579218,-16
f68f7c6e-578d-5944-820a-74f786b845c9,Barcelona,culture_theatre_explorer,51,27,0.5294117647058824,5940.43137254902,8892.77777777778,4,6,4,0.0,0.0,12.814814814814813,56.66666666666666,45.0,55.0,0.29411764705882354,0.5333333333333333,0,0.16666666666666666,1.0,0.6774193548387096,0.3076923076923077,0.3333333333333333,0.0,0.0,0.0,0.0,1.0,0.0,0.625,0.6,0.7222222222222222,0.0,0.0,0.0,0.3333333333333333,0.0,0.5405405405405406,0.5384615384615384,0.11764705882352941,0.0196078431372549,0.6078431372549019,0.2549019607843137,0.058823529411764705,0.058823529411764705,0.0,0.0,0.0,0.0196078431372549,0.0,0.1568627450980392,0.09803921568627451,0.35294117647058826,0.0,0.0196078431372549,0.0,0.23529411764705882,0.0196078431372549,0.7254901960784313,0.2549019607843137,0.037037037037037035,0.037037037037037035,0.7777777777777778,0.14814814814814814,0.037037037037037035,0.0,0.0,0.0,0.0,0.037037037037037035,0.0,0.18518518518518517,0.1111111111111111,0.48148148148148145,0.0,0.0,0.0,0.14814814814814814,0.0,0.7407407407407407,0.25925925925925924,-0.36274509803921573,0.47058823529411764,0.14800759013282727,-0.22171945701357465,-0.19607843137254904,-0.5294117647058824,-0.5294117647058824,-0.5294117647058824,-0.5294117647058824,0.47058823529411764,-0.5294117647058824,0.09558823529411764,0.07058823529411762,0.19281045751633985,-0.5294117647058824,-0.5294117647058824,-0.5294117647058824,-0.19607843137254904,-0.5294117647058824,0.011128775834658211,0.009049773755656076,61,33,0.5409836065573771,5880.704918032788,8723.090909090912,4,6,4,0.0,0.0,21.424242424242422,54.54545454545455,45.0,55.17857142857143,0.26229508196721313,0.5625,0,0.2222222222222222,1.0,0.7027027027027027,0.2857142857142857,0.3333333333333333,0.0,0.0,0.0,0.0,1.0,0.0,0.625,0.6,0.75,0.0,0.0,0.0,0.3076923076923077,0.0,0.5652173913043478,0.5,0.14754098360655737,0.01639344262295082,0.6065573770491803,0.22950819672131148,0.09836065573770492,0.04918032786885246,0.0,0.0,0.0,0.01639344262295082,0.0,0.13114754098360656,0.08196721311475409,0.39344262295081966,0.0,0.01639344262295082,0.0,0.21311475409836064,0.01639344262295082,0.7540983606557377,0.22950819672131148,0.06060606060606061,0.030303030303030304,0.7878787878787878,0.12121212121212122,0.06060606060606061,0.0,0.0,0.0,0.0,0.030303030303030304,0.0,0.15151515151515152,0.09090909090909091,0.5454545454545454,0.0,0.0,0.0,0.12121212121212122,0.0,0.7878787878787878,0.21212121212121213,-0.3187613843351549,0.4590163934426229,0.16171909614532565,-0.2552693208430914,-0.20765027322404378,-0.5409836065573771,-0.5409836065573771,-0.5409836065573771,-0.5409836065573771,0.4590163934426229,-0.5409836065573771,0.0840163934426229,0.05901639344262288,0.2090163934426229,-0.5409836065573771,-0.5409836065573771,-0.5409836065573771,-0.23329129886506939,-0.5409836065573771,0.024233784746970688,-0.040983606557377095,-0.011571841851494735,-10
f6f2ee52-2cf2-5be4-9495-15993f7ae30e,Barcelona,sports_basketball_traveler,35,9,0.2571428571428571,3742.885714285715,8414.888888888889,2,3,2,0.0,0.0,10.444444444444445,70.0,90.0,62.30769230769231,0.2,0.2857142857142857,2,0.3076923076923077,0.0,0.0,0.29411764705882354,0.2,0.6666666666666666,0.0,0.0,0.0,0.0,0.0,0.0,0.0,0.0,0.0,0.0,0.0,0.29411764705882354,0.0,0.2,0.3333333333333333,0.37142857142857144,0.0,0.14285714285714285,0.4857142857142857,0.2857142857142857,0.08571428571428572,0.0,0.0,0.0,0.0,0.0,0.0,0.08571428571428572,0.05714285714285714,0.0,0.0,0.0,0.4857142857142857,0.0,0.5714285714285714,0.42857142857142855,0.4444444444444444,0.0,0.0,0.5555555555555556,0.2222222222222222,0.2222222222222222,0.0,0.0,0.0,0.0,0.0,0.0,0.0,0.0,0.0,0.0,0.0,0.5555555555555556,0.0,0.4444444444444444,0.5555555555555556,0.05054945054945059,-0.2571428571428571,-0.2571428571428571,0.03697478991596642,-0.057142857142857106,0.4095238095238095,-0.2571428571428571,-0.2571428571428571,-0.2571428571428571,-0.2571428571428571,-0.2571428571428571,-0.2571428571428571,-0.2571428571428571,-0.2571428571428571,-0.2571428571428571,-0.2571428571428571,-0.2571428571428571,0.03697478991596642,-0.2571428571428571,-0.057142857142857106,0.0761904761904762,52,13,0.25,3584.5576923076924,8276.46153846154,2,3,3,0.0,0.0,28.153846153846157,72.6923076923077,90.0,64.61538461538461,0.15384615384615385,0.25,2,0.3333333333333333,0.0,0.0,0.24,0.26666666666666666,0.5,0.0,0.0,0.0,0.0,0.0,0.0,0.0,0.0,0.0,0.0,0.0,0.24,0.0,0.18518518518518517,0.32,0.40384615384615385,0.019230769230769232,0.09615384615384616,0.4807692307692308,0.28846153846153844,0.11538461538461539,0.0,0.0,0.0,0.019230769230769232,0.0,0.0,0.057692307692307696,0.038461538461538464,0.0,0.0,0.0,0.4807692307692308,0.0,0.5192307692307693,0.4807692307692308,0.5384615384615384,0.0,0.0,0.46153846153846156,0.3076923076923077,0.23076923076923078,0.0,0.0,0.0,0.0,0.0,0.0,0.0,0.0,0.0,0.0,0.0,0.46153846153846156,0.0,0.38461538461538464,0.6153846153846154,0.08333333333333331,-0.25,-0.25,-0.010000000000000009,0.016666666666666663,0.25,-0.25,-0.25,-0.25,-0.25,-0.25,-0.25,-0.25,-0.25,-0.25,-0.25,-0.25,-0.010000000000000009,-0.25,-0.06481481481481483,0.07,0.0071428571428571175,-17
f6f6438e-9153-5d3b-be2c-b639d2a66410,Barcelona,family_weekend_exhibition,52,25,0.4807692307692308,4687.3076923076915,7607.36,3,4,3,0.0,0.0,12.4,61.2,45.0,63.33333333333333,0.11538461538461539,0.5,0,0.16666666666666666,0.0,0.125,0.6052631578947368,0.5,0.0,0.0,0.0,0.0,0.0,0.0,1.0,0.0,0.0,0.0,0.45454545454545453,0.0,0.6666666666666666,0.0,0.5,0.45,0.11538461538461539,0.0,0.15384615384615385,0.7307692307692307,0.038461538461538464,0.07692307692307693,0.0,0.0,0.0,0.0,0.0,0.019230769230769232,0.038461538461538464,0.09615384615384616,0.0,0.21153846153846154,0.0,0.5192307692307693,0.0,0.6153846153846154,0.38461538461538464,0.04,0.0,0.04,0.92,0.04,0.0,0.0,0.0,0.0,0.0,0.0,0.04,0.0,0.0,0.0,0.2,0.0,0.72,0.0,0.64,0.36,-0.3141025641025641,-0.4807692307692308,-0.3557692307692308,0.12449392712550605,0.019230769230769218,-0.4807692307692308,-0.4807692307692308,-0.4807692307692308,-0.4807692307692308,-0.4807692307692308,-0.4807692307692308,0.5192307692307692,-0.4807692307692308,-0.4807692307692308,-0.4807692307692308,-0.02622377622377625,-0.4807692307692308,0.18589743589743585,-0.4807692307692308,0.019230769230769218,-0.03076923076923077,64,31,0.484375,4773.562499999999,7655.193548387097,3,5,3,0.0,0.0,22.193548387096776,60.96774193548387,45.0,64.09090909090911,0.125,0.5,0,0.16666666666666666,0.0,0.2,0.5957446808510638,0.5,0.0,0.0,0.0,0.0,0.0,0.0,1.0,0.3333333333333333,0.0,0.0,0.5,0.0,0.6285714285714286,0.0,0.5128205128205128,0.44,0.09375,0.015625,0.15625,0.734375,0.03125,0.0625,0.0,0.0,0.0,0.015625,0.0,0.015625,0.046875,0.09375,0.0,0.1875,0.0,0.546875,0.0,0.609375,0.390625,0.03225806451612903,0.0,0.06451612903225806,0.9032258064516129,0.03225806451612903,0.0,0.0,0.0,0.0,0.0,0.0,0.03225806451612903,0.03225806451612903,0.0,0.0,0.1935483870967742,0.0,0.7096774193548387,0.0,0.6451612903225806,0.3548387096774194,-0.31770833333333337,-0.484375,-0.284375,0.1113696808510638,0.015625,-0.484375,-0.484375,-0.484375,-0.484375,-0.484375,-0.484375,0.515625,-0.15104166666666669,-0.484375,-0.484375,0.015625,-0.484375,0.14419642857142856,-0.484375,0.028445512820512775,-0.044375,-0.003605769230769218,-12
f7d1f013-9f6b-5cfe-80db-6ad48ab12944,Palma de Mallorca,sports_basketball_traveler,37,9,0.24324324324324326,3629.3783783783783,8543.666666666666,2,3,3,0.0,0.0,10.0,80.0,90.0,61.60714285714286,0.10810810810810811,0.0,1,0.2727272727272727,0.0,0.0,0.2608695652173913,0.16666666666666666,0.4,0.0,0.0,0.0,0.0,0.0,0.0,0.0,0.0,0.0,0.0,0.0,0.2608695652173913,0.0,0.1111111111111111,0.3888888888888889,0.2972972972972973,0.0,0.08108108108108109,0.6216216216216216,0.16216216216216217,0.13513513513513514,0.0,0.0,0.0,0.0,0.0,0.0,0.0,0.08108108108108109,0.0,0.0,0.0,0.6216216216216216,0.02702702702702703,0.4864864864864865,0.4864864864864865,0.3333333333333333,0.0,0.0,0.6666666666666666,0.1111111111111111,0.2222222222222222,0.0,0.0,0.0,0.0,0.0,0.0,0.0,0.0,0.0,0.0,0.0,0.6666666666666666,0.0,0.2222222222222222,0.7777777777777778,0.02948402948402945,-0.24324324324324326,-0.24324324324324326,0.01762632197414804,-0.0765765765765766,0.15675675675675677,-0.24324324324324326,-0.24324324324324326,-0.24324324324324326,-0.24324324324324326,-0.24324324324324326,-0.24324324324324326,-0.24324324324324326,-0.24324324324324326,-0.24324324324324326,-0.24324324324324326,-0.24324324324324326,0.01762632197414804,-0.24324324324324326,-0.13213213213213215,0.14564564564564564,58,13,0.22413793103448276,3413.5862068965516,8398.846153846154,3,4,4,0.0,0.0,24.153846153846153,79.61538461538461,90.0,62.333333333333336,0.08620689655172414,0.0,1,0.25,1.0,0.0,0.22580645161290322,0.1111111111111111,0.36363636363636365,0.0,0.0,0.0,1.0,0.0,0.0,0.0,0.0,0.0,0.0,0.0,0.22580645161290322,0.0,0.10344827586206896,0.35714285714285715,0.3448275862068966,0.017241379310344827,0.10344827586206896,0.5344827586206896,0.15517241379310345,0.1896551724137931,0.0,0.0,0.0,0.017241379310344827,0.0,0.0,0.017241379310344827,0.08620689655172414,0.0,0.0,0.0,0.5344827586206896,0.017241379310344827,0.5,0.4827586206896552,0.38461538461538464,0.07692307692307693,0.0,0.5384615384615384,0.07692307692307693,0.3076923076923077,0.0,0.0,0.0,0.07692307692307693,0.0,0.0,0.0,0.0,0.0,0.0,0.0,0.5384615384615384,0.0,0.23076923076923078,0.7692307692307693,0.025862068965517238,0.7758620689655172,-0.22413793103448276,0.001668520578420457,-0.11302681992337166,0.13949843260188088,-0.22413793103448276,-0.22413793103448276,-0.22413793103448276,0.7758620689655172,-0.22413793103448276,-0.22413793103448276,-0.22413793103448276,-0.22413793103448276,-0.22413793103448276,-0.22413793103448276,-0.22413793103448276,0.001668520578420457,-0.22413793103448276,-0.1206896551724138,0.1330049261083744,0.019105312208760494,-21
fa617e73-1865-5165-b911-e373b33b5ece,Valencia,music_pop_rock_local,49,26,0.5306122448979592,5993.0612244897975,9058.730769230768,3,5,5,0.0,0.0,14.346153846153843,57.11538461538461,45.0,68.47826086956522,0.20408163265306123,0.5,0,0.5714285714285714,0.0,0.2,0.5555555555555556,0.7142857142857143,0.35714285714285715,0.0,0.0,0.0,0.0,0.0,0.0,0.0,0.25,0.0,1.0,0.0,0.5,0.0,0.6333333333333333,0.3684210526315789,0.7142857142857143,0.0,0.10204081632653061,0.1836734693877551,0.42857142857142855,0.2857142857142857,0.0,0.0,0.0,0.0,0.0,0.0,0.02040816326530612,0.08163265306122448,0.0,0.02040816326530612,0.0,0.16326530612244897,0.0,0.6122448979591837,0.3877551020408163,0.7692307692307693,0.0,0.038461538461538464,0.19230769230769232,0.5769230769230769,0.19230769230769232,0.0,0.0,0.0,0.0,0.0,0.0,0.0,0.038461538461538464,0.0,0.038461538461538464,0.0,0.15384615384615385,0.0,0.7307692307692307,0.2692307692307692,0.04081632653061218,-0.5306122448979592,-0.3306122448979592,0.024943310657596363,0.18367346938775508,-0.17346938775510207,-0.5306122448979592,-0.5306122448979592,-0.5306122448979592,-0.5306122448979592,-0.5306122448979592,-0.5306122448979592,-0.5306122448979592,-0.2806122448979592,-0.5306122448979592,0.4693877551020408,-0.5306122448979592,-0.030612244897959218,-0.5306122448979592,0.10272108843537409,-0.1621911922663803,61,31,0.5081967213114754,5694.049180327869,8819.483870967746,3,5,5,0.0,0.0,22.419354838709673,60.967741935483886,45.0,70.5,0.19672131147540983,0.4166666666666667,0,0.5681818181818182,0.0,0.16666666666666666,0.5,0.625,0.5,0.0,0.0,0.0,0.0,0.0,0.0,0.0,0.2,0.0,1.0,0.0,0.4444444444444444,0.0,0.6060606060606061,0.39285714285714285,0.7213114754098361,0.01639344262295082,0.09836065573770492,0.16393442622950818,0.39344262295081966,0.32786885245901637,0.0,0.0,0.0,0.01639344262295082,0.0,0.0,0.01639344262295082,0.08196721311475409,0.0,0.01639344262295082,0.0,0.14754098360655737,0.0,0.5409836065573771,0.45901639344262296,0.8064516129032258,0.0,0.03225806451612903,0.16129032258064516,0.4838709677419355,0.3225806451612903,0.0,0.0,0.0,0.0,0.0,0.0,0.0,0.03225806451612903,0.0,0.03225806451612903,0.0,0.12903225806451613,0.0,0.6451612903225806,0.3548387096774194,0.05998509687034281,-0.5081967213114754,-0.3415300546448088,-0.008196721311475419,0.11680327868852458,-0.008196721311475419,-0.5081967213114754,-0.5081967213114754,-0.5081967213114754,-0.5081967213114754,-0.5081967213114754,-0.5081967213114754,-0.5081967213114754,-0.3081967213114754,-0.5081967213114754,0.4918032786885246,-0.5081967213114754,-0.063752276867031,-0.5081967213114754,0.09786388474913066,-0.11533957845433257,0.0224155235864838,-12
facce291-e797-5616-ae15-a75f85ec1093,Barcelona,family_weekend_exhibition,64,43,0.671875,5895.624999999999,7728.976744186047,3,6,3,0.0,0.0,12.790697674418604,57.558139534883715,45.0,53.57142857142857,0.09375,0.5,0,0.5,0.0,0.7,0.7021276595744681,0.5,0.5,0.0,0.0,0.0,0.0,0.0,0.0,1.0,0.4,0.0,0.7272727272727273,0.0,0.6944444444444444,0.0,0.6458333333333334,0.75,0.09375,0.015625,0.15625,0.734375,0.03125,0.0625,0.0,0.0,0.0,0.015625,0.0,0.0,0.078125,0.078125,0.0,0.171875,0.0,0.5625,0.0,0.75,0.25,0.06976744186046512,0.0,0.16279069767441862,0.7674418604651163,0.023255813953488372,0.046511627906976744,0.0,0.0,0.0,0.0,0.0,0.0,0.11627906976744186,0.046511627906976744,0.0,0.18604651162790697,0.0,0.5813953488372093,0.0,0.7209302325581395,0.27906976744186046,-0.171875,-0.671875,0.028124999999999956,0.0302526595744681,-0.171875,-0.171875,-0.671875,-0.671875,-0.671875,-0.671875,-0.671875,-0.671875,0.328125,-0.271875,-0.671875,0.05539772727272729,-0.671875,0.02256944444444442,-0.671875,-0.02604166666666663,0.078125,82,50,0.6097560975609756,5582.219512195121,7887.4400000000005,3,6,3,0.0,0.0,22.400000000000002,58.5,45.0,53.43750000000001,0.0975609756097561,0.625,0,0.3333333333333333,0.0,0.7272727272727273,0.639344262295082,0.3333333333333333,0.3333333333333333,0.0,0.0,0.0,0.0,0.0,0.0,1.0,0.5,0.0,0.625,0.0,0.6444444444444445,0.0,0.5737704918032787,0.7142857142857143,0.10975609756097561,0.012195121951219513,0.13414634146341464,0.7439024390243902,0.036585365853658534,0.07317073170731707,0.0,0.0,0.0,0.012195121951219513,0.0,0.0,0.06097560975609756,0.07317073170731707,0.0,0.1951219512195122,0.0,0.5487804878048781,0.0,0.7439024390243902,0.25609756097560976,0.06,0.0,0.16,0.78,0.02,0.04,0.0,0.0,0.0,0.0,0.0,0.0,0.1,0.06,0.0,0.2,0.0,0.58,0.0,0.7,0.3,-0.2764227642276423,-0.6097560975609756,0.1175166297117517,0.029588164734106415,-0.2764227642276423,-0.2764227642276423,-0.6097560975609756,-0.6097560975609756,-0.6097560975609756,-0.6097560975609756,-0.6097560975609756,-0.6097560975609756,0.3902439024390244,-0.1097560975609756,-0.6097560975609756,0.015243902439024404,-0.6097560975609756,0.03468834688346889,-0.6097560975609756,-0.03598560575769694,0.1045296167247387,0.062118902439024404,-18
fb27d5d9-9ebe-5154-8c74-9056781a3894,Palma de Mallorca,sports_basketball_traveler,36,11,0.3055555555555556,4025.222222222222,7893.272727272727,4,4,4,0.0,0.0,14.818181818181818,73.63636363636364,90.0,65.4,0.19444444444444445,0.2857142857142857,0,0.42857142857142855,1.0,0.16666666666666666,0.2,0.0,0.6,0.0,0.0,0.0,1.0,0.0,0.0,1.0,0.0,0.0,0.0,0.0,0.2,0.0,0.25,0.3684210526315789,0.3888888888888889,0.027777777777777776,0.16666666666666666,0.4166666666666667,0.1111111111111111,0.2777777777777778,0.0,0.0,0.0,0.027777777777777776,0.0,0.027777777777777776,0.027777777777777776,0.1111111111111111,0.0,0.0,0.0,0.4166666666666667,0.027777777777777776,0.4444444444444444,0.5277777777777778,0.5454545454545454,0.09090909090909091,0.09090909090909091,0.2727272727272727,0.0,0.5454545454545454,0.0,0.0,0.0,0.09090909090909091,0.0,0.0,0.09090909090909091,0.0,0.0,0.0,0.0,0.2727272727272727,0.0,0.36363636363636365,0.6363636363636364,0.12301587301587297,0.6944444444444444,-0.13888888888888892,-0.10555555555555557,-0.3055555555555556,0.2944444444444444,-0.3055555555555556,-0.3055555555555556,-0.3055555555555556,0.6944444444444444,-0.3055555555555556,-0.3055555555555556,0.6944444444444444,-0.3055555555555556,-0.3055555555555556,-0.3055555555555556,-0.3055555555555556,-0.10555555555555557,-0.3055555555555556,-0.05555555555555558,0.06286549707602335,47,15,0.3191489361702128,3960.7659574468084,7593.333333333334,4,4,4,0.0,0.0,28.06666666666667,75.00000000000001,90.0,66.5625,0.14893617021276595,0.2857142857142857,0,0.47058823529411764,1.0,0.16666666666666666,0.21739130434782608,0.0,0.6153846153846154,0.0,0.0,0.0,1.0,0.0,0.0,1.0,0.0,0.0,0.0,0.0,0.21739130434782608,0.0,0.25,0.38461538461538464,0.3617021276595745,0.02127659574468085,0.1276595744680851,0.48936170212765956,0.0851063829787234,0.2765957446808511,0.0,0.0,0.0,0.02127659574468085,0.0,0.02127659574468085,0.02127659574468085,0.0851063829787234,0.0,0.0,0.0,0.48936170212765956,0.02127659574468085,0.425531914893617,0.5531914893617021,0.5333333333333333,0.06666666666666667,0.06666666666666667,0.3333333333333333,0.0,0.5333333333333333,0.0,0.0,0.0,0.06666666666666667,0.0,0.0,0.06666666666666667,0.0,0.0,0.0,0.0,0.3333333333333333,0.0,0.3333333333333333,0.6666666666666666,0.15143929912390486,0.6808510638297872,-0.15248226950354613,-0.1017576318223867,-0.3191489361702128,0.29623567921440264,-0.3191489361702128,-0.3191489361702128,-0.3191489361702128,0.6808510638297872,-0.3191489361702128,-0.3191489361702128,0.6808510638297872,-0.3191489361702128,-0.3191489361702128,-0.3191489361702128,-0.3191489361702128,-0.1017576318223867,-0.3191489361702128,-0.06914893617021278,0.06546644844517185,-0.013593380614657202,-11
fb432e64-f4d1-5030-ba78-040595cbb9c2,Valencia,family_weekend_exhibition,60,37,0.6166666666666667,5491.266666666667,7706.594594594593,3,4,5,0.0,0.0,10.891891891891891,53.513513513513516,45.0,56.73913043478261,0.11666666666666667,0.5714285714285714,0,0.2857142857142857,0.0,0.3333333333333333,0.717391304347826,0.4,0.0,0.0,0.0,0.0,0.0,0.0,0.0,1.0,0.0,0.0,0.75,0.0,0.7105263157894737,0.0,0.6382978723404256,0.5384615384615384,0.11666666666666667,0.016666666666666666,0.1,0.7666666666666667,0.08333333333333333,0.03333333333333333,0.0,0.0,0.0,0.016666666666666666,0.0,0.0,0.03333333333333333,0.06666666666666667,0.0,0.13333333333333333,0.0,0.6333333333333333,0.0,0.7833333333333333,0.21666666666666667,0.05405405405405406,0.0,0.05405405405405406,0.8918918918918919,0.05405405405405406,0.0,0.0,0.0,0.0,0.0,0.0,0.0,0.05405405405405406,0.0,0.0,0.16216216216216217,0.0,0.7297297297297297,0.0,0.8108108108108109,0.1891891891891892,-0.330952380952381,-0.6166666666666667,-0.2833333333333334,0.10072463768115936,-0.21666666666666667,-0.6166666666666667,-0.6166666666666667,-0.6166666666666667,-0.6166666666666667,-0.6166666666666667,-0.6166666666666667,-0.6166666666666667,0.3833333333333333,-0.6166666666666667,-0.6166666666666667,0.1333333333333333,-0.6166666666666667,0.09385964912280698,-0.6166666666666667,0.02163120567375887,-0.07820512820512826,72,43,0.5972222222222222,5303.805555555556,7650.372093023256,3,4,5,0.0,0.0,19.441860465116278,52.32558139534884,45.0,57.413793103448285,0.1111111111111111,0.5,0,0.25,0.0,0.25,0.7090909090909091,0.4,0.0,0.0,0.0,0.0,0.0,0.0,0.0,0.6666666666666666,0.0,0.0,0.7272727272727273,0.0,0.7045454545454546,0.0,0.631578947368421,0.4666666666666667,0.1111111111111111,0.013888888888888888,0.1111111111111111,0.7638888888888888,0.06944444444444445,0.041666666666666664,0.0,0.0,0.0,0.013888888888888888,0.0,0.013888888888888888,0.041666666666666664,0.05555555555555555,0.0,0.1527777777777778,0.0,0.6111111111111112,0.0,0.7916666666666666,0.20833333333333334,0.046511627906976744,0.0,0.046511627906976744,0.9069767441860465,0.046511627906976744,0.0,0.0,0.0,0.0,0.0,0.0,0.0,0.046511627906976744,0.0,0.0,0.18604651162790697,0.0,0.7209302325581395,0.0,0.8372093023255814,0.16279069767441862,-0.3472222222222222,-0.5972222222222222,-0.3472222222222222,0.1118686868686869,-0.1972222222222222,-0.5972222222222222,-0.5972222222222222,-0.5972222222222222,-0.5972222222222222,-0.5972222222222222,-0.5972222222222222,-0.5972222222222222,0.06944444444444442,-0.5972222222222222,-0.5972222222222222,0.13005050505050508,-0.5972222222222222,0.10732323232323238,-0.5972222222222222,0.03435672514619881,-0.13055555555555554,0.019444444444444486,-12
fd15b90b-bca0-5dc0-8d0c-0c8cd64276ed,Barcelona,music_pop_rock_local,65,40,0.6153846153846154,6066.276923076924,8600.35,3,5,6,0.0,0.0,11.599999999999998,64.12499999999999,45.0,64.8,0.1076923076923077,0.8571428571428571,0,0.7142857142857143,0.0,0.6,0.2,0.782608695652174,0.6538461538461539,0.0,0.0,0.0,0.0,0.0,0.0,0.5,0.6666666666666666,0.0,0.0,0.0,0.2,0.0,0.6216216216216216,0.6071428571428571,0.7538461538461538,0.015384615384615385,0.07692307692307693,0.15384615384615385,0.35384615384615387,0.4,0.0,0.0,0.0,0.015384615384615385,0.0,0.0,0.03076923076923077,0.046153846153846156,0.0,0.0,0.0,0.15384615384615385,0.0,0.5692307692307692,0.4307692307692308,0.875,0.0,0.075,0.05,0.45,0.425,0.0,0.0,0.0,0.0,0.0,0.0,0.025,0.05,0.0,0.0,0.0,0.05,0.0,0.575,0.425,0.09890109890109888,-0.6153846153846154,-0.015384615384615441,-0.4153846153846154,0.16722408026755853,0.038461538461538436,-0.6153846153846154,-0.6153846153846154,-0.6153846153846154,-0.6153846153846154,-0.6153846153846154,-0.6153846153846154,-0.11538461538461542,0.05128205128205121,-0.6153846153846154,-0.6153846153846154,-0.6153846153846154,-0.4153846153846154,-0.6153846153846154,0.006237006237006182,-0.008241758241758323,86,49,0.5697674418604651,5831.151162790698,8691.979591836733,3,6,6,0.0,0.0,21.591836734693878,65.20408163265306,45.0,63.24324324324324,0.11627906976744186,0.7,0,0.6507936507936508,0.0,0.5,0.3125,0.6875,0.6129032258064516,0.0,0.0,0.0,0.0,0.0,0.0,0.5,0.5,0.0,1.0,0.0,0.26666666666666666,0.0,0.5510204081632653,0.5945945945945946,0.7325581395348837,0.011627906976744186,0.06976744186046512,0.18604651162790697,0.37209302325581395,0.36046511627906974,0.0,0.0,0.0,0.011627906976744186,0.0,0.0,0.023255813953488372,0.046511627906976744,0.0,0.011627906976744186,0.0,0.1744186046511628,0.0,0.5697674418604651,0.43023255813953487,0.8367346938775511,0.0,0.061224489795918366,0.10204081632653061,0.4489795918367347,0.3877551020408163,0.0,0.0,0.0,0.0,0.0,0.0,0.02040816326530612,0.04081632653061224,0.0,0.02040816326530612,0.0,0.08163265306122448,0.0,0.5510204081632653,0.4489795918367347,0.08102620893318568,-0.5697674418604651,-0.06976744186046513,-0.25726744186046513,0.11773255813953487,0.043135783945986494,-0.5697674418604651,-0.5697674418604651,-0.5697674418604651,-0.5697674418604651,-0.5697674418604651,-0.5697674418604651,-0.06976744186046513,-0.06976744186046513,-0.5697674418604651,0.43023255813953487,-0.5697674418604651,-0.30310077519379847,-0.5697674418604651,-0.018747033697199877,0.0248271527341295,0.04561717352415029,-21
