id,nombre,fecha,segmento,genero,subgenero,recinto_id,ciudad,categoria,subcategoria,banda_precio
LvZ18Q3HOZOf1kOZvUsiB,Museo Banksy Madrid,2026-04-27,Arts & Theatre,Cultural,Cultural,Z598xZ2qZF111,Madrid,Familia y otros,Visitas Guiadas/Exposiciones,medio
LvZ18Q3HOZOf1kOZvUsiD,Museo Banksy Madrid,2026-04-27,Arts & Theatre,Cultural,Cultural,Z598xZ2qZF111,Madrid,Familia y otros,Visitas Guiadas/Exposiciones,medio
LvZ18Q3HOZOf1kOZvUsiM,Museo Banksy Madrid,2026-04-27,Arts & Theatre,Cultural,Cultural,Z598xZ2qZF111,Madrid,Familia y otros,Visitas Guiadas/Exposiciones,medio
LvZ18Q3HOZOf1kOZvUsiU,Museo Banksy Madrid,2026-04-27,Arts & Theatre,Cultural,Cultural,Z598xZ2qZF111,Madrid,Familia y otros,Visitas Guiadas/Exposiciones,medio
LvZ18Q3HOZOf1kOZvUsig,Museo Banksy Madrid,2026-04-27,Arts & Theatre,Cultural,Cultural,Z598xZ2qZF111,Madrid,Familia y otros,Visitas Guiadas/Exposiciones,medio
LvZ18Q3HOZOf1kOZvUsiy,Museo Banksy Madrid,2026-04-27,Arts & Theatre,Cultural,Cultural,Z598xZ2qZF111,Madrid,Familia y otros,Visitas Guiadas/Exposiciones,medio
LvZ18Q3HOZOf1kOZvUsiz,Museo Banksy Madrid,2026-04-27,Arts & Theatre,Cultural,Cultural,Z598xZ2qZF111,Madrid,Familia y otros,Visitas Guiadas/Exposiciones,medio
LvZ18QKTxr84RtOZv8E5C,Museo Banksy Madrid,2026-04-27,Arts & Theatre,Cultural,Cultural,Z598xZ2qZF111,Madrid,Familia y otros,Visitas Guiadas/Exposiciones,medio
LvZ18Qbc8EkDV-ZZv9oi9,Tablao Flamenco 1911: El Tablao Más Antiguo del Mundo,2026-04-27,Music,World,Flamenco,Z598xZ2qZav1k,Madrid,Música,Flamenco/Rumba,alto
LvZ18Qbc8EkDV-ZZv9oiQ,Tablao Flamenco 1911: El Tablao Más Antiguo del Mundo,2026-04-27,Music,World,Flamenco,Z598xZ2qZav1k,Madrid,Música,Flamenco/Rumba,alto
LvZ18Qbc8EkDV-ZZv9oi_,Tablao Flamenco 1911: El Tablao Más Antiguo del Mundo,2026-04-27,Music,World,Flamenco,Z598xZ2qZav1k,Madrid,Música,Flamenco/Rumba,alto
LvZ18Qbc8EkDV-ZZv9oib,Tablao Flamenco 1911: El Tablao Más Antiguo del Mundo,2026-04-27,Music,World,Flamenco,Z598xZ2qZav1k,Madrid,Música,Flamenco/Rumba,alto
LvZ18QbcdqblQFYZvhUKS,DINOLANDIA Y EL BOSQUE ENCANTADO: 2 PARQUES EN UNO,2026-04-27,Miscellaneous,Family,Other,Z598xZ2qZae6F,Madrid,Familia y otros,Parques temáticos,medio
Z698xZ2qZ1kbPpk-N,Snor,2026-04-27,Music,Rock,Pop,Z598xZ2qZFd7k,Madrid,Música,Pop/Rock,medio
LvZ18Q_UxbZJU0OZvVEE1,Antarctica Experience,2026-04-28,Miscellaneous,Family,Other,Z598xZ2qZkFee,Barcelona,Familia y otros,Visitas Guiadas/Exposiciones,alto
LvZ18Q_UxbZJU0OZvVEE2,Antarctica Experience,2026-04-28,Miscellaneous,Family,Other,Z598xZ2qZkFee,Barcelona,Familia y otros,Visitas Guiadas/Exposiciones,alto
LvZ18Q_UxbZJU0OZvVEE5,Antarctica Experience,2026-04-28,Miscellaneous,Family,Other,Z598xZ2qZkFee,Barcelona,Familia y otros,Visitas Guiadas/Exposiciones,alto
LvZ18Q_UxbZJU0OZvVEE7,Antarctica Experience,2026-04-28,Miscellaneous,Family,Other,Z598xZ2qZkFee,Barcelona,Familia y otros,Visitas Guiadas/Exposiciones,alto
LvZ18Q_UxbZJU0OZvVEE8,Antarctica Experience,2026-04-28,Miscellaneous,Family,Other,Z598xZ2qZkFee,Barcelona,Familia y otros,Visitas Guiadas/Exposiciones,alto
LvZ18Q_UxbZJU0OZvVEEA,Antarctica Experience,2026-04-28,Miscellaneous,Family,Other,Z598xZ2qZkFee,Barcelona,Familia y otros,Visitas Guiadas/Exposiciones,alto
LvZ18Q_UxbZJU0OZvVEEC,Antarctica Experience,2026-04-28,Miscellaneous,Family,Other,Z598xZ2qZkFee,Barcelona,Familia y otros,Visitas Guiadas/Exposiciones,alto
LvZ18Q_UxbZJU0OZvVEEF,Antarctica Experience,2026-04-28,Miscellaneous,Family,Other,Z598xZ2qZkFee,Barcelona,Familia y otros,Visitas Guiadas/Exposiciones,alto
LvZ18Q_UxbZJU0OZvVEEG,Antarctica Experience,2026-04-28,Miscellaneous,Family,Other,Z598xZ2qZkFee,Barcelona,Familia y otros,Visitas Guiadas/Exposiciones,alto
LvZ18Q_UxbZJU0OZvVEEa,Antarctica Experience,2026-04-28,Miscellaneous,Family,Other,Z598xZ2qZkFee,Barcelona,Familia y otros,Visitas Guiadas/Exposiciones,alto
LvZ18Q_UxbZJU0OZvVEEk,Antarctica Experience,2026-04-28,Miscellaneous,Family,Other,Z598xZ2qZkFee,Barcelona,Familia y otros,Visitas Guiadas/Exposiciones,alto
LvZ18Q_UxbZJU0OZvVEEu,Antarctica Experience,2026-04-28,Miscellaneous,Family,Other,Z598xZ2qZkFee,Barcelona,Familia y otros,Visitas Guiadas/Exposiciones,alto
Z698xZ2qZ1k0I4d0o,Snor,2026-04-28,Music,Rock,Pop,Z598xZ2qZdvF1,Barcelona,Música,Pop/Rock,medio
LvZ18Q_s1OxjMJOZv7w5q,Visita Audioguiada Palacio Domecq,2026-04-28,Undefined,,,Z598xZ2qZavF7,Jerez de la Frontera,Familia y otros,Visitas Guiadas/Exposiciones,medio
LvZ18Q_s675Yfv8ZvRshq,Visita Audioguiada Palacio Domecq,2026-04-28,Undefined,,,Z598xZ2qZavF7,Jerez de la Frontera,Familia y otros,Visitas Guiadas/Exposiciones,medio
LvZ18Q_s678ayc8Zv0bBk,Visita Audioguiada Palacio Domecq,2026-04-28,Undefined,,,Z598xZ2qZavF7,Jerez de la Frontera,Familia y otros,Visitas Guiadas/Exposiciones,medio
LvZ18Q_s67C5UHOZvu3iK,Visita Audioguiada Palacio Domecq,2026-04-28,Undefined,,,Z598xZ2qZavF7,Jerez de la Frontera,Familia y otros,Visitas Guiadas/Exposiciones,medio
LvZ18Q_s67QAjOYZvfGZZ,Visita Audioguiada Palacio Domecq,2026-04-28,Undefined,,,Z598xZ2qZavF7,Jerez de la Frontera,Familia y otros,Visitas Guiadas/Exposiciones,medio
LvZ18Q_s67bW3uYZvUxvm,Visita Audioguiada Palacio Domecq,2026-04-28,Undefined,,,Z598xZ2qZavF7,Jerez de la Frontera,Familia y otros,Visitas Guiadas/Exposiciones,medio
LvZ18Q_s67eeVSYZv83-z,Visita Audioguiada Palacio Domecq,2026-04-28,Undefined,,,Z598xZ2qZavF7,Jerez de la Frontera,Familia y otros,Visitas Guiadas/Exposiciones,medio
LvZ18Q_s67hYfv8ZvRsLg,Visita Audioguiada Palacio Domecq,2026-04-28,Undefined,,,Z598xZ2qZavF7,Jerez de la Frontera,Familia y otros,Visitas Guiadas/Exposiciones,medio
LvZ18Q_s67jvsY8ZvZ_Y1,Visita Audioguiada Palacio Domecq,2026-04-28,Undefined,,,Z598xZ2qZavF7,Jerez de la Frontera,Familia y otros,Visitas Guiadas/Exposiciones,medio
LvZ18Q3HOZOf1kOZvUsc7,Museo Banksy Madrid,2026-04-28,Arts & Theatre,Cultural,Cultural,Z598xZ2qZF111,Madrid,Familia y otros,Visitas Guiadas/Exposiciones,medio
LvZ18Q3HOZOf1kOZvUscA,Museo Banksy Madrid,2026-04-28,Arts & Theatre,Cultural,Cultural,Z598xZ2qZF111,Madrid,Familia y otros,Visitas Guiadas/Exposiciones,medio
LvZ18Q3HOZOf1kOZvUscZ,Museo Banksy Madrid,2026-04-28,Arts & Theatre,Cultural,Cultural,Z598xZ2qZF111,Madrid,Familia y otros,Visitas Guiadas/Exposiciones,medio
LvZ18Q3HOZOf1kOZvUscd,Museo Banksy Madrid,2026-04-28,Arts & Theatre,Cultural,Cultural,Z598xZ2qZF111,Madrid,Familia y otros,Visitas Guiadas/Exposiciones,medio
LvZ18Q3HOZOf1kOZvUsce,Museo Banksy Madrid,2026-04-28,Arts & Theatre,Cultural,Cultural,Z598xZ2qZF111,Madrid,Familia y otros,Visitas Guiadas/Exposiciones,medio
LvZ18Q3HOZOf1kOZvUscv,Museo Banksy Madrid,2026-04-28,Arts & Theatre,Cultural,Cultural,Z598xZ2qZF111,Madrid,Familia y otros,Visitas Guiadas/Exposiciones,medio
LvZ18Q3HOZOf1kOZvUsiH,Museo Banksy Madrid,2026-04-28,Arts & Theatre,Cultural,Cultural,Z598xZ2qZF111,Madrid,Familia y otros,Visitas Guiadas/Exposiciones,medio
LvZ18Q3HOZOf1kOZvUsiT,Museo Banksy Madrid,2026-04-28,Arts & Theatre,Cultural,Cultural,Z598xZ2qZF111,Madrid,Familia y otros,Visitas Guiadas/Exposiciones,medio
LvZ18Q3HOZOf1kOZvUsiW,Museo Banksy Madrid,2026-04-28,Arts & Theatre,Cultural,Cultural,Z598xZ2qZF111,Madrid,Familia y otros,Visitas Guiadas/Exposiciones,medio
LvZ18QKTxr84RtOZv8E52,Museo Banksy Madrid,2026-04-28,Arts & Theatre,Cultural,Cultural,Z598xZ2qZF111,Madrid,Familia y otros,Visitas Guiadas/Exposiciones,medio
LvZ18Qbc8EkDV-ZZv9oih,Tablao Flamenco 1911: El Tablao Más Antiguo del Mundo,2026-04-28,Music,World,Flamenco,Z598xZ2qZav1k,Madrid,Música,Flamenco/Rumba,alto
LvZ18Qbc8EkDV-ZZv9oij,Tablao Flamenco 1911: El Tablao Más Antiguo del Mundo,2026-04-28,Music,World,Flamenco,Z598xZ2qZav1k,Madrid,Música,Flamenco/Rumba,alto
LvZ18Qbc8EkDV-ZZv9oiq,Tablao Flamenco 1911: El Tablao Más Antiguo del Mundo,2026-04-28,Music,World,Flamenco,Z598xZ2qZav1k,Madrid,Música,Flamenco/Rumba,alto
LvZ18Qbc8EkDV-ZZv9oir,Tablao Flamenco 1911: El Tablao Más Antiguo del Mundo,2026-04-28,Music,World,Flamenco,Z598xZ2qZav1k,Madrid,Música,Flamenco/Rumba,alto
LvZ18QbcdqblQFYZvhUKV,DINOLANDIA Y EL BOSQUE ENCANTADO: 2 PARQUES EN UNO,2026-04-28,Miscellaneous,Family,Other,Z598xZ2qZae6F,Madrid,Familia y otros,Parques temáticos,medio
LvZ18QriM0WfVjYZvtYtM,Museo Carmen Thyssen Málaga,2026-04-28,Arts & Theatre,Cultural,Cultural,Z598xZ2qZk76e,Málaga,Familia y otros,Visitas Guiadas/Exposiciones,medio
LvZ18Q_gT3GpfgYZvOS3-,Antarctica Experience,2026-04-29,Miscellaneous,Family,Other,Z598xZ2qZkFee,Barcelona,Familia y otros,Visitas Guiadas/Exposiciones,alto
LvZ18Q_gT3GpfgYZvOS3N,Antarctica Experience,2026-04-29,Miscellaneous,Family,Other,Z598xZ2qZkFee,Barcelona,Familia y otros,Visitas Guiadas/Exposiciones,alto
LvZ18Q_gT3GpfgYZvOS3R,Antarctica Experience,2026-04-29,Miscellaneous,Family,Other,Z598xZ2qZkFee,Barcelona,Familia y otros,Visitas Guiadas/Exposiciones,alto
LvZ18Q_gT3GpfgYZvOS3Y,Antarctica Experience,2026-04-29,Miscellaneous,Family,Other,Z598xZ2qZkFee,Barcelona,Familia y otros,Visitas Guiadas/Exposiciones,alto
LvZ18Q_gT3GpfgYZvOS3c,Antarctica Experience,2026-04-29,Miscellaneous,Family,Other,Z598xZ2qZkFee,Barcelona,Familia y otros,Visitas Guiadas/Exposiciones,alto
LvZ18Q_gT3GpfgYZvOS3i,Antarctica Experience,2026-04-29,Miscellaneous,Family,Other,Z598xZ2qZkFee,Barcelona,Familia y otros,Visitas Guiadas/Exposiciones,alto
LvZ18Q_gT3GpfgYZvOS3l,Antarctica Experience,2026-04-29,Miscellaneous,Family,Other,Z598xZ2qZkFee,Barcelona,Familia y otros,Visitas Guiadas/Exposiciones,alto
LvZ18Q_gT3GpfgYZvOS3m,Antarctica Experience,2026-04-29,Miscellaneous,Family,Other,Z598xZ2qZkFee,Barcelona,Familia y otros,Visitas Guiadas/Exposiciones,alto
LvZ18Q_gT3GpfgYZvOS3n,Antarctica Experience,2026-04-29,Miscellaneous,Family,Other,Z598xZ2qZkFee,Barcelona,Familia y otros,Visitas Guiadas/Exposiciones,alto
LvZ18Q_gT3GpfgYZvOS3t,Antarctica Experience,2026-04-29,Miscellaneous,Family,Other,Z598xZ2qZkFee,Barcelona,Familia y otros,Visitas Guiadas/Exposiciones,alto
LvZ18Q_gT3GpfgYZvOS3x,Antarctica Experience,2026-04-29,Miscellaneous,Family,Other,Z598xZ2qZkFee,Barcelona,Familia y otros,Visitas Guiadas/Exposiciones,alto
Z698xZ2qZ16vGx0EPx,Marlon Magnée - World Tour Part 1,2026-04-29,Music,Alternative,Alternative Rock,Z598xZ2qZdvF1,Barcelona,Música,Indie/Alternativo,medio
LvZ18Q_s1OxjMJOZv7w5r,Visita Audioguiada Palacio Domecq,2026-04-29,Undefined,,,Z598xZ2qZavF7,Jerez de la Frontera,Familia y otros,Visitas Guiadas/Exposiciones,medio
LvZ18Q_s675Yfv8ZvRshr,Visita Audioguiada Palacio Domecq,2026-04-29,Undefined,,,Z598xZ2qZavF7,Jerez de la Frontera,Familia y otros,Visitas Guiadas/Exposiciones,medio
LvZ18Q_s678ayc8Zv0bB6,Visita Audioguiada Palacio Domecq,2026-04-29,Undefined,,,Z598xZ2qZavF7,Jerez de la Frontera,Familia y otros,Visitas Guiadas/Exposiciones,medio
LvZ18Q_s67C5UHOZvu3if,Visita Audioguiada Palacio Domecq,2026-04-29,Undefined,,,Z598xZ2qZavF7,Jerez de la Frontera,Familia y otros,Visitas Guiadas/Exposiciones,medio
LvZ18Q_s67QAjOYZvfGZv,Visita Audioguiada Palacio Domecq,2026-04-29,Undefined,,,Z598xZ2qZavF7,Jerez de la Frontera,Familia y otros,Visitas Guiadas/Exposiciones,medio
LvZ18Q_s67bW3uYZvUxvR,Visita Audioguiada Palacio Domecq,2026-04-29,Undefined,,,Z598xZ2qZavF7,Jerez de la Frontera,Familia y otros,Visitas Guiadas/Exposiciones,medio
LvZ18Q_s67eeVSYZv83-y,Visita Audioguiada Palacio Domecq,2026-04-29,Undefined,,,Z598xZ2qZavF7,Jerez de la Frontera,Familia y otros,Visitas Guiadas/Exposiciones,medio
LvZ18Q_s67hYfv8ZvRsLU,Visita Audioguiada Palacio Domecq,2026-04-29,Undefined,,,Z598xZ2qZavF7,Jerez de la Frontera,Familia y otros,Visitas Guiadas/Exposiciones,medio
LvZ18Q_s67jvsY8ZvZ_Y5,Visita Audioguiada Palacio Domecq,2026-04-29,Undefined,,,Z598xZ2qZavF7,Jerez de la Frontera,Familia y otros,Visitas Guiadas/Exposiciones,medio
LvZ18Q3HOZOf1kOZvUsc1,Museo Banksy Madrid,2026-04-29,Arts & Theatre,Cultural,Cultural,Z598xZ2qZF111,Madrid,Familia y otros,Visitas Guiadas/Exposiciones,medio
LvZ18Q3HOZOf1kOZvUsc2,Museo Banksy Madrid,2026-04-29,Arts & Theatre,Cultural,Cultural,Z598xZ2qZF111,Madrid,Familia y otros,Visitas Guiadas/Exposiciones,medio
LvZ18Q3HOZOf1kOZvUsc5,Museo Banksy Madrid,2026-04-29,Arts & Theatre,Cultural,Cultural,Z598xZ2qZF111,Madrid,Familia y otros,Visitas Guiadas/Exposiciones,medio
LvZ18Q3HOZOf1kOZvUsc6,Museo Banksy Madrid,2026-04-29,Arts & Theatre,Cultural,Cultural,Z598xZ2qZF111,Madrid,Familia y otros,Visitas Guiadas/Exposiciones,medio
LvZ18Q3HOZOf1kOZvUscC,Museo Banksy Madrid,2026-04-29,Arts & Theatre,Cultural,Cultural,Z598xZ2qZF111,Madrid,Familia y otros,Visitas Guiadas/Exposiciones,medio
LvZ18Q3HOZOf1kOZvUscF,Museo Banksy Madrid,2026-04-29,Arts & Theatre,Cultural,Cultural,Z598xZ2qZF111,Madrid,Familia y otros,Visitas Guiadas/Exposiciones,medio
LvZ18Q3HOZOf1kOZvUscG,Museo Banksy Madrid,2026-04-29,Arts & Theatre,Cultural,Cultural,Z598xZ2qZF111,Madrid,Familia y otros,Visitas Guiadas/Exposiciones,medio
LvZ18Q3HOZOf1kOZvUsca,Museo Banksy Madrid,2026-04-29,Arts & Theatre,Cultural,Cultural,Z598xZ2qZF111,Madrid,Familia y otros,Visitas Guiadas/Exposiciones,medio
LvZ18Q3HOZOf1kOZvUsck,Museo Banksy Madrid,2026-04-29,Arts & Theatre,Cultural,Cultural,Z598xZ2qZF111,Madrid,Familia y otros,Visitas Guiadas/Exposiciones,medio
LvZ18Q3HOZOf1kOZvUscu,Museo Banksy Madrid,2026-04-29,Arts & Theatre,Cultural,Cultural,Z598xZ2qZF111,Madrid,Familia y otros,Visitas Guiadas/Exposiciones,medio
LvZ18QKTxr84RtOZv8E58,Museo Banksy Madrid,2026-04-29,Arts & Theatre,Cultural,Cultural,Z598xZ2qZF111,Madrid,Familia y otros,Visitas Guiadas/Exposiciones,medio
LvZ18Qbc8EkDV-ZZv9oi-,Tablao Flamenco 1911: El Tablao Más Antiguo del Mundo,2026-04-29,Music,World,Flamenco,Z598xZ2qZav1k,Madrid,Música,Flamenco/Rumba,alto
LvZ18Qbc8EkDV-ZZv9oiL,Tablao Flamenco 1911: El Tablao Más Antiguo del Mundo,2026-04-29,Music,World,Flamenco,Z598xZ2qZav1k,Madrid,Música,Flamenco/Rumba,alto
LvZ18Qbc8EkDV-ZZv9oiO,Tablao Flamenco 1911: El Tablao Más Antiguo del Mundo,2026-04-29,Music,World,Flamenco,Z598xZ2qZav1k,Madrid,Música,Flamenco/Rumba,alto
LvZ18Qbc8EkDV-ZZv9oix,Tablao Flamenco 1911: El Tablao Más Antiguo del Mundo,2026-04-29,Music,World,Flamenco,Z598xZ2qZav1k,Madrid,Música,Flamenco/Rumba,alto
LvZ18QbcdqblQFYZvhUKg,DINOLANDIA Y EL BOSQUE ENCANTADO: 2 PARQUES EN UNO,2026-04-29,Miscellaneous,Family,Other,Z598xZ2qZae6F,Madrid,Familia y otros,Parques temáticos,medio
LvZ18QriM0WfVjYZvtYtz,Museo Carmen Thyssen Málaga,2026-04-29,Arts & Theatre,Cultural,Cultural,Z598xZ2qZk76e,Málaga,Familia y otros,Visitas Guiadas/Exposiciones,medio
LvZ18Q_U-wZxlWZZvGhmB,Antarctica Experience,2026-04-30,Miscellaneous,Family,Other,Z598xZ2qZkFee,Barcelona,Familia y otros,Visitas Guiadas/Exposiciones,alto
LvZ18Q_U-wZxlWZZvGhmD,Antarctica Experience,2026-04-30,Miscellaneous,Family,Other,Z598xZ2qZkFee,Barcelona,Familia y otros,Visitas Guiadas/Exposiciones,alto
LvZ18Q_U-wZxlWZZvGhmH,Antarctica Experience,2026-04-30,Miscellaneous,Family,Other,Z598xZ2qZkFee,Barcelona,Familia y otros,Visitas Guiadas/Exposiciones,alto
LvZ18Q_U-wZxlWZZvGhmM,Antarctica Experience,2026-04-30,Miscellaneous,Family,Other,Z598xZ2qZkFee,Barcelona,Familia y otros,Visitas Guiadas/Exposiciones,alto
LvZ18Q_U-wZxlWZZvGhmS,Antarctica Experience,2026-04-30,Miscellaneous,Family,Other,Z598xZ2qZkFee,Barcelona,Familia y otros,Visitas Guiadas/Exposiciones,alto
LvZ18Q_U-wZxlWZZvGhmU,Antarctica Experience,2026-04-30,Miscellaneous,Family,Other,Z598xZ2qZkFee,Barcelona,Familia y otros,Visitas Guiadas/Exposiciones,alto
LvZ18Q_U-wZxlWZZvGhmV,Antarctica Experience,2026-04-30,Miscellaneous,Family,Other,Z598xZ2qZkFee,Barcelona,Familia y otros,Visitas Guiadas/Exposiciones,alto
LvZ18Q_U-wZxlWZZvGhmW,Antarctica Experience,2026-04-30,Miscellaneous,Family,Other,Z598xZ2qZkFee,Barcelona,Familia y otros,Visitas Guiadas/Exposiciones,alto
LvZ18Q_U-wZxlWZZvGhmX,Antarctica Experience,2026-04-30,Miscellaneous,Family,Other,Z598xZ2qZkFee,Barcelona,Familia y otros,Visitas Guiadas/Exposiciones,alto
LvZ18Q_U-wZxlWZZvGhmw,Antarctica Experience,2026-04-30,Miscellaneous,Family,Other,Z598xZ2qZkFee,Barcelona,Familia y otros,Visitas Guiadas/Exposiciones,alto
LvZ18Q_U-wZxlWZZvGhmy,Antarctica Experience,2026-04-30,Miscellaneous,Family,Other,Z598xZ2qZkFee,Barcelona,Familia y otros,Visitas Guiadas/Exposiciones,alto
LvZ18Q_U-wZxlWZZvGhmz,Antarctica Experience,2026-04-30,Miscellaneous,Family,Other,Z598xZ2qZkFee,Barcelona,Familia y otros,Visitas Guiadas/Exposiciones,alto
LvZ18Q_s1OxjMJOZv7w5L,Visita Audioguiada Palacio Domecq,2026-04-30,Undefined,,,Z598xZ2qZavF7,Jerez de la Frontera,Familia y otros,Visitas Guiadas/Exposiciones,medio
LvZ18Q_s675Yfv8ZvRshL,Visita Audioguiada Palacio Domecq,2026-04-30,Undefined,,,Z598xZ2qZavF7,Jerez de la Frontera,Familia y otros,Visitas Guiadas/Exposiciones,medio
LvZ18Q_s678ayc8Zv0bBF,Visita Audioguiada Palacio Domecq,2026-04-30,Undefined,,,Z598xZ2qZavF7,Jerez de la Frontera,Familia y otros,Visitas Guiadas/Exposiciones,medio
LvZ18Q_s67C5UHOZvu3i4,Visita Audioguiada Palacio Domecq,2026-04-30,Undefined,,,Z598xZ2qZavF7,Jerez de la Frontera,Familia y otros,Visitas Guiadas/Exposiciones,medio
LvZ18Q_s67QAjOYZvfGZe,Visita Audioguiada Palacio Domecq,2026-04-30,Undefined,,,Z598xZ2qZavF7,Jerez de la Frontera,Familia y otros,Visitas Guiadas/Exposiciones,medio
LvZ18Q_s67bW3uYZvUxvY,Visita Audioguiada Palacio Domecq,2026-04-30,Undefined,,,Z598xZ2qZavF7,Jerez de la Frontera,Familia y otros,Visitas Guiadas/Exposiciones,medio
LvZ18Q_s67eeVSYZv83-B,Visita Audioguiada Palacio Domecq,2026-04-30,Undefined,,,Z598xZ2qZavF7,Jerez de la Frontera,Familia y otros,Visitas Guiadas/Exposiciones,medio
LvZ18Q_s67hYfv8ZvRsLM,Visita Audioguiada Palacio Domecq,2026-04-30,Undefined,,,Z598xZ2qZavF7,Jerez de la Frontera,Familia y otros,Visitas Guiadas/Exposiciones,medio
LvZ18Q_s67jvsY8ZvZ_YG,Visita Audioguiada Palacio Domecq,2026-04-30,Undefined,,,Z598xZ2qZavF7,Jerez de la Frontera,Familia y otros,Visitas Guiadas/Exposiciones,medio
LvZ18Q3HOZOf1kOZvUsc4,Museo Banksy Madrid,2026-04-30,Arts & Theatre,Cultural,Cultural,Z598xZ2qZF111,Madrid,Familia y otros,Visitas Guiadas/Exposiciones,medio
LvZ18Q3HOZOf1kOZvUsc8,Museo Banksy Madrid,2026-04-30,Arts & Theatre,Cultural,Cultural,Z598xZ2qZF111,Madrid,Familia y otros,Visitas Guiadas/Exposiciones,medio
LvZ18Q3HOZOf1kOZvUsc9,Museo Banksy Madrid,2026-04-30,Arts & Theatre,Cultural,Cultural,Z598xZ2qZF111,Madrid,Familia y otros,Visitas Guiadas/Exposiciones,medio
LvZ18Q3HOZOf1kOZvUscK,Museo Banksy Madrid,2026-04-30,Arts & Theatre,Cultural,Cultural,Z598xZ2qZF111,Madrid,Familia y otros,Visitas Guiadas/Exposiciones,medio
LvZ18Q3HOZOf1kOZvUsc_,Museo Banksy Madrid,2026-04-30,Arts & Theatre,Cultural,Cultural,Z598xZ2qZF111,Madrid,Familia y otros,Visitas Guiadas/Exposiciones,medio
LvZ18Q3HOZOf1kOZvUscb,Museo Banksy Madrid,2026-04-30,Arts & Theatre,Cultural,Cultural,Z598xZ2qZF111,Madrid,Familia y otros,Visitas Guiadas/Exposiciones,medio
LvZ18Q3HOZOf1kOZvUscf,Museo Banksy Madrid,2026-04-30,Arts & Theatre,Cultural,Cultural,Z598xZ2qZF111,Madrid,Familia y otros,Visitas Guiadas/Exposiciones,medio
LvZ18Q3HOZOf1kOZvUsco,Museo Banksy Madrid,2026-04-30,Arts & Theatre,Cultural,Cultural,Z598xZ2qZF111,Madrid,Familia y otros,Visitas Guiadas/Exposiciones,medio
LvZ18Q3HOZOf1kOZvUscp,Museo Banksy Madrid,2026-04-30,Arts & Theatre,Cultural,Cultural,Z598xZ2qZF111,Madrid,Familia y otros,Visitas Guiadas/Exposiciones,medio
LvZ18QKTxr84RtOZv8E5o,Museo Banksy Madrid,2026-04-30,Arts & Theatre,Cultural,Cultural,Z598xZ2qZF111,Madrid,Familia y otros,Visitas Guiadas/Exposiciones,medio
LvZ18Q_gm58JU0OZvSAC_,Broadway Comedy Club,2026-04-30,Undefined,,,Z598xZ2qZavd1,Madrid,Arte y Teatro,Comedia,medio
LvZ18Qbc8EkDV-ZZv9oi0,Tablao Flamenco 1911: El Tablao Más Antiguo del Mundo,2026-04-30,Music,World,Flamenco,Z598xZ2qZav1k,Madrid,Música,Flamenco/Rumba,alto
LvZ18Qbc8EkDV-ZZv9oiJ,Tablao Flamenco 1911: El Tablao Más Antiguo del Mundo,2026-04-30,Music,World,Flamenco,Z598xZ2qZav1k,Madrid,Música,Flamenco/Rumba,alto
LvZ18Qbc8EkDV-ZZv9oiN,Tablao Flamenco 1911: El Tablao Más Antiguo del Mundo,2026-04-30,Music,World,Flamenco,Z598xZ2qZav1k,Madrid,Música,Flamenco/Rumba,alto
LvZ18Qbc8EkDV-ZZv9oiP,Tablao Flamenco 1911: El Tablao Más Antiguo del Mundo,2026-04-30,Music,World,Flamenco,Z598xZ2qZav1k,Madrid,Música,Flamenco/Rumba,alto
LvZ18QbcdqblQFYZvhUKU,DINOLANDIA Y EL BOSQUE ENCANTADO: 2 PARQUES EN UNO,2026-04-30,Miscellaneous,Family,Other,Z598xZ2qZae6F,Madrid,Familia y otros,Parques temáticos,medio
LvZ18QqWUAzB32YZv-fdV,IMPRO IMPAR SHOW,2026-04-30,Undefined,,,Z598xZ2qZavd1,Madrid,Arte y Teatro,Comedia,medio
Z698xZ2qZ16eZNFePs,5 Seconds of Summer - Everyone's Star! World Tour,2026-04-30,Music,Rock,Pop,Z598xZ2qZe7v1,Madrid,Música,Pop/Rock,alto
Z698xZ2qZ16vjJuKbz,5 Seconds of Summer - Everyone's Star! World Tour | VIP Packages,2026-04-30,Music,Rock,Pop,Z598xZ2qZe7v1,Madrid,Música,Pop/Rock,alto
Z698xZ2qZ16vqpkFAk,5 Seconds of Summer - UPGRADE ‘BITE THE APPLE’ (entrada no incluida),2026-04-30,Music,Rock,Pop,Z598xZ2qZe7v1,Madrid,Música,Pop/Rock,medio
Z698xZ2qZ1k-zvz_O,5 Seconds of Summer - PIT UPGRADE (entrada no incluida),2026-04-30,Music,Rock,Pop,Z598xZ2qZe7v1,Madrid,Música,Pop/Rock,alto
Z698xZ2qZ1k0k-ex_,Marlon Magnée - World Tour Part 1,2026-04-30,Music,Alternative,Alternative Rock,Z198xZ2qZa67,Madrid,Música,Indie/Alternativo,medio
LvZ18QriM0WfVjYZvtYty,Museo Carmen Thyssen Málaga,2026-04-30,Arts & Theatre,Cultural,Cultural,Z598xZ2qZk76e,Málaga,Familia y otros,Visitas Guiadas/Exposiciones,medio
LvZ18Q_UxpTD1yZZvZs31,Antarctica Experience,2026-05-01,Miscellaneous,Family,Other,Z598xZ2qZkFee,Barcelona,Familia y otros,Visitas Guiadas/Exposiciones,alto
LvZ18Q_UxpTD1yZZvZs32,Antarctica Experience,2026-05-01,Miscellaneous,Family,Other,Z598xZ2qZkFee,Barcelona,Familia y otros,Visitas Guiadas/Exposiciones,alto
LvZ18Q_UxpTD1yZZvZs35,Antarctica Experience,2026-05-01,Miscellaneous,Family,Other,Z598xZ2qZkFee,Barcelona,Familia y otros,Visitas Guiadas/Exposiciones,alto
LvZ18Q_UxpTD1yZZvZs36,Antarctica Experience,2026-05-01,Miscellaneous,Family,Other,Z598xZ2qZkFee,Barcelona,Familia y otros,Visitas Guiadas/Exposiciones,alto
LvZ18Q_UxpTD1yZZvZs38,Antarctica Experience,2026-05-01,Miscellaneous,Family,Other,Z598xZ2qZkFee,Barcelona,Familia y otros,Visitas Guiadas/Exposiciones,alto
LvZ18Q_UxpTD1yZZvZs3A,Antarctica Experience,2026-05-01,Miscellaneous,Family,Other,Z598xZ2qZkFee,Barcelona,Familia y otros,Visitas Guiadas/Exposiciones,alto
LvZ18Q_UxpTD1yZZvZs3C,Antarctica Experience,2026-05-01,Miscellaneous,Family,Other,Z598xZ2qZkFee,Barcelona,Familia y otros,Visitas Guiadas/Exposiciones,alto
LvZ18Q_UxpTD1yZZvZs3G,Antarctica Experience,2026-05-01,Miscellaneous,Family,Other,Z598xZ2qZkFee,Barcelona,Familia y otros,Visitas Guiadas/Exposiciones,alto
LvZ18Q_UxpTD1yZZvZs3a,Antarctica Experience,2026-05-01,Miscellaneous,Family,Other,Z598xZ2qZkFee,Barcelona,Familia y otros,Visitas Guiadas/Exposiciones,alto
LvZ18Q_UxpTD1yZZvZs3k,Antarctica Experience,2026-05-01,Miscellaneous,Family,Other,Z598xZ2qZkFee,Barcelona,Familia y otros,Visitas Guiadas/Exposiciones,alto
LvZ18Q_UxpTD1yZZvZs3o,Antarctica Experience,2026-05-01,Miscellaneous,Family,Other,Z598xZ2qZkFee,Barcelona,Familia y otros,Visitas Guiadas/Exposiciones,alto
LvZ18Q_UxpTD1yZZvZs3u,Antarctica Experience,2026-05-01,Miscellaneous,Family,Other,Z598xZ2qZkFee,Barcelona,Familia y otros,Visitas Guiadas/Exposiciones,alto
Z698xZ2qZ16vOko6F-,Solar Fake,2026-05-01,Music,Alternative,Alternative Rock,Z598xZ2qZkdk1,Barcelona,Música,Indie/Alternativo,medio
Z698xZ2qZ16vq-87pa,Fito & Fitipaldis - Aullidos Tour 25/26,2026-05-01,Music,Rock,Pop,Z598xZ2qZFF6F,Cádiz,Música,Pop/Rock,medio
LvZ18Q_s675Yfv8ZvRshO,Visita Audioguiada Palacio Domecq,2026-05-01,Undefined,,,Z598xZ2qZavF7,Jerez de la Frontera,Familia y otros,Visitas Guiadas/Exposiciones,medio
LvZ18Q_s678ayc8Zv0bBa,Visita Audioguiada Palacio Domecq,2026-05-01,Undefined,,,Z598xZ2qZavF7,Jerez de la Frontera,Familia y otros,Visitas Guiadas/Exposiciones,medio
LvZ18Q_s67C5UHOZvu3ip,Visita Audioguiada Palacio Domecq,2026-05-01,Undefined,,,Z598xZ2qZavF7,Jerez de la Frontera,Familia y otros,Visitas Guiadas/Exposiciones,medio
LvZ18Q_s67eeVSYZv83-D,Visita Audioguiada Palacio Domecq,2026-05-01,Undefined,,,Z598xZ2qZavF7,Jerez de la Frontera,Familia y otros,Visitas Guiadas/Exposiciones,medio
LvZ18Q3HOZOf1kOZvUsc-,Museo Banksy Madrid,2026-05-01,Arts & Theatre,Cultural,Cultural,Z598xZ2qZF111,Madrid,Familia y otros,Visitas Guiadas/Exposiciones,medio
LvZ18Q3HOZOf1kOZvUscL,Museo Banksy Madrid,2026-05-01,Arts & Theatre,Cultural,Cultural,Z598xZ2qZF111,Madrid,Familia y otros,Visitas Guiadas/Exposiciones,medio
LvZ18Q3HOZOf1kOZvUscN,Museo Banksy Madrid,2026-05-01,Arts & Theatre,Cultural,Cultural,Z598xZ2qZF111,Madrid,Familia y otros,Visitas Guiadas/Exposiciones,medio
LvZ18Q3HOZOf1kOZvUscO,Museo Banksy Madrid,2026-05-01,Arts & Theatre,Cultural,Cultural,Z598xZ2qZF111,Madrid,Familia y otros,Visitas Guiadas/Exposiciones,medio
LvZ18Q3HOZOf1kOZvUscQ,Museo Banksy Madrid,2026-05-01,Arts & Theatre,Cultural,Cultural,Z598xZ2qZF111,Madrid,Familia y otros,Visitas Guiadas/Exposiciones,medio
LvZ18Q3HOZOf1kOZvUsch,Museo Banksy Madrid,2026-05-01,Arts & Theatre,Cultural,Cultural,Z598xZ2qZF111,Madrid,Familia y otros,Visitas Guiadas/Exposiciones,medio
LvZ18Q3HOZOf1kOZvUscq,Museo Banksy Madrid,2026-05-01,Arts & Theatre,Cultural,Cultural,Z598xZ2qZF111,Madrid,Familia y otros,Visitas Guiadas/Exposiciones,medio
LvZ18Q3HOZOf1kOZvUscr,Museo Banksy Madrid,2026-05-01,Arts & Theatre,Cultural,Cultural,Z598xZ2qZF111,Madrid,Familia y otros,Visitas Guiadas/Exposiciones,medio
LvZ18Q3HOZOf1kOZvUscx,Museo Banksy Madrid,2026-05-01,Arts & Theatre,Cultural,Cultural,Z598xZ2qZF111,Madrid,Familia y otros,Visitas Guiadas/Exposiciones,medio
LvZ18QKTxr84RtOZv8E53,Museo Banksy Madrid,2026-05-01,Arts & Theatre,Cultural,Cultural,Z598xZ2qZF111,Madrid,Familia y otros,Visitas Guiadas/Exposiciones,medio
LvZ18QQBqu02p58ZvuHXW,Las Guerreras del Pop Specials: TRIBUTO AL K-POP,2026-05-01,Undefined,,,Z598xZ2qZavFk,Madrid,Música,Pop/Rock,medio
LvZ18QQQTifLx4OZvpS_e,"NOCHES ENCENDIDAS, la música de cerca",2026-05-01,Undefined,,,Z598xZ2qZavFk,Madrid,Música,Pop/Rock,medio
LvZ18QQp1ABeW-YZvSmkL,"BIENVENIDOS,  el musical de los 80 y los 90",2026-05-01,Undefined,,,Z598xZ2qZavFk,Madrid,Arte y Teatro,Musical,medio
LvZ18Qbc8EkDV-ZZv9oiE,Tablao Flamenco 1911: El Tablao Más Antiguo del Mundo,2026-05-01,Music,World,Flamenco,Z598xZ2qZav1k,Madrid,Música,Flamenco/Rumba,alto
LvZ18Qbc8EkDV-ZZv9oiI,Tablao Flamenco 1911: El Tablao Más Antiguo del Mundo,2026-05-01,Music,World,Flamenco,Z598xZ2qZav1k,Madrid,Música,Flamenco/Rumba,alto
LvZ18Qbc8EkDV-ZZv9oin,Tablao Flamenco 1911: El Tablao Más Antiguo del Mundo,2026-05-01,Music,World,Flamenco,Z598xZ2qZav1k,Madrid,Música,Flamenco/Rumba,alto
LvZ18Qbc8EkDV-ZZv9oit,Tablao Flamenco 1911: El Tablao Más Antiguo del Mundo,2026-05-01,Music,World,Flamenco,Z598xZ2qZav1k,Madrid,Música,Flamenco/Rumba,alto
LvZ18QbcdqblQFYZvhUKM,DINOLANDIA Y EL BOSQUE ENCANTADO: 2 PARQUES EN UNO,2026-05-01,Miscellaneous,Family,Other,Z598xZ2qZae6F,Madrid,Familia y otros,Parques temáticos,medio
LvZ18Qr2r172s9YZvhe3S,"Puzzle, el show que te hará cuestionarte la realidad",2026-05-01,Undefined,,,Z598xZ2qZavd1,Madrid,Arte y Teatro,Magia,medio
LvZ18Qr2rIcPWFYZv4hVr,Un paseo por Madrid,2026-05-01,Undefined,,,Z598xZ2qZavd1,Madrid,Arte y Teatro,Musical,medio
LvZ18Qr2rga6LGZZv5pfl,Noche de pitos,2026-05-01,Undefined,,,Z598xZ2qZavd1,Madrid,Arte y Teatro,Comedia,medio
LvZ18Qr2xx-QUoZZv88PP,Legado del Mediterráneo: Tributo a Nino Bravo y Camilo Sesto,2026-05-01,Undefined,,,Z598xZ2qZavd1,Madrid,Música,Pop/Rock,medio
LvZ18Qre-zllad8Zvr0Yv,IncoModa de Euge Ruiz,2026-05-01,Undefined,,,Z598xZ2qZav7k,Madrid,Arte y Teatro,Comedia,medio
LvZ18Qre0bLbMiOZv74sV,Canta y Gana Party,2026-05-01,Undefined,,,Z598xZ2qZae67,Madrid,Música,Pop/Rock,medio
LvZ18QreNCxJilOZvH4Il,La Piruleta Club,2026-05-01,Undefined,,,Z598xZ2qZae67,Madrid,Arte y Teatro,Comedia,medio
LvZ18QrepPixDUZZvohHb,"VESPERA, cabaret erótico",2026-05-01,Undefined,,,Z598xZ2qZavdk,Madrid,Arte y Teatro,Circo,alto
LvZ18Qrxgu3u0KOZv7fQA,ROCK & ROLL IBERICO,2026-05-01,Undefined,,,Z598xZ2qZav77,Madrid,Música,Pop/Rock,bajo
LvZ18QrxhKEQvpZZvget0,Aquelarre de humor,2026-05-01,Undefined,,,Z598xZ2qZae67,Madrid,Arte y Teatro,Comedia,medio
LvZ18QrWS3vGu0OZvBFgX,Museo Carmen Thyssen Málaga,2026-05-01,Arts & Theatre,Cultural,Cultural,Z598xZ2qZk76e,Málaga,Familia y otros,Visitas Guiadas/Exposiciones,medio
Z698xZ2qZ16vfJo78g,5 Seconds of Summer - UPGRADE ‘BITE THE APPLE’ (entrada no incluida),2026-05-01,Music,Rock,Pop,Z598xZ2qZFk67,Valencia,Música,Pop/Rock,medio
Z698xZ2qZ16vpajYFz,5 Seconds of Summer - Everyone's Star! World Tour,2026-05-01,Music,Rock,Pop,Z598xZ2qZFk67,Valencia,Música,Pop/Rock,alto
Z698xZ2qZ1koFb4uS,5 Seconds of Summer - PIT UPGRADE (entrada no incluida),2026-05-01,Music,Rock,Pop,Z598xZ2qZFk67,Valencia,Música,Pop/Rock,alto
Z698xZ2qZ1kxouEod,5 Seconds of Summer - Everyone's Star! World Tour | VIP Packages,2026-05-01,Music,Rock,Pop,Z598xZ2qZFk67,Valencia,Música,Pop/Rock,alto
LvZ18Q_Ux91CIa8Zvu6u-,Antarctica Experience,2026-05-02,Miscellaneous,Family,Other,Z598xZ2qZkFee,Barcelona,Familia y otros,Visitas Guiadas/Exposiciones,alto
LvZ18Q_Ux91CIa8Zvu6u0,Antarctica Experience,2026-05-02,Miscellaneous,Family,Other,Z598xZ2qZkFee,Barcelona,Familia y otros,Visitas Guiadas/Exposiciones,alto
LvZ18Q_Ux91CIa8Zvu6u9,Antarctica Experience,2026-05-02,Miscellaneous,Family,Other,Z598xZ2qZkFee,Barcelona,Familia y otros,Visitas Guiadas/Exposiciones,alto
LvZ18Q_Ux91CIa8Zvu6uE,Antarctica Experience,2026-05-02,Miscellaneous,Family,Other,Z598xZ2qZkFee,Barcelona,Familia y otros,Visitas Guiadas/Exposiciones,alto
LvZ18Q_Ux91CIa8Zvu6uI,Antarctica Experience,2026-05-02,Miscellaneous,Family,Other,Z598xZ2qZkFee,Barcelona,Familia y otros,Visitas Guiadas/Exposiciones,alto
LvZ18Q_Ux91CIa8Zvu6uJ,Antarctica Experience,2026-05-02,Miscellaneous,Family,Other,Z598xZ2qZkFee,Barcelona,Familia y otros,Visitas Guiadas/Exposiciones,alto
LvZ18Q_Ux91CIa8Zvu6uL,Antarctica Experience,2026-05-02,Miscellaneous,Family,Other,Z598xZ2qZkFee,Barcelona,Familia y otros,Visitas Guiadas/Exposiciones,alto
LvZ18Q_Ux91CIa8Zvu6uN,Antarctica Experience,2026-05-02,Miscellaneous,Family,Other,Z598xZ2qZkFee,Barcelona,Familia y otros,Visitas Guiadas/Exposiciones,alto
LvZ18Q_Ux91CIa8Zvu6uO,Antarctica Experience,2026-05-02,Miscellaneous,Family,Other,Z598xZ2qZkFee,Barcelona,Familia y otros,Visitas Guiadas/Exposiciones,alto
LvZ18Q_Ux91CIa8Zvu6uP,Antarctica Experience,2026-05-02,Miscellaneous,Family,Other,Z598xZ2qZkFee,Barcelona,Familia y otros,Visitas Guiadas/Exposiciones,alto
LvZ18Q_Ux91CIa8Zvu6uQ,Antarctica Experience,2026-05-02,Miscellaneous,Family,Other,Z598xZ2qZkFee,Barcelona,Familia y otros,Visitas Guiadas/Exposiciones,alto
LvZ18Q_Ux91CIa8Zvu6u_,Antarctica Experience,2026-05-02,Miscellaneous,Family,Other,Z598xZ2qZkFee,Barcelona,Familia y otros,Visitas Guiadas/Exposiciones,alto
LvZ18Q_Ux91CIa8Zvu6ub,Antarctica Experience,2026-05-02,Miscellaneous,Family,Other,Z598xZ2qZkFee,Barcelona,Familia y otros,Visitas Guiadas/Exposiciones,alto
LvZ18Q_Ux91CIa8Zvu6uh,Antarctica Experience,2026-05-02,Miscellaneous,Family,Other,Z598xZ2qZkFee,Barcelona,Familia y otros,Visitas Guiadas/Exposiciones,alto
LvZ18Q_Ux91CIa8Zvu6uj,Antarctica Experience,2026-05-02,Miscellaneous,Family,Other,Z598xZ2qZkFee,Barcelona,Familia y otros,Visitas Guiadas/Exposiciones,alto
LvZ18Q_Ux91CIa8Zvu6up,Antarctica Experience,2026-05-02,Miscellaneous,Family,Other,Z598xZ2qZkFee,Barcelona,Familia y otros,Visitas Guiadas/Exposiciones,alto
LvZ18Q_Ux91CIa8Zvu6uq,Antarctica Experience,2026-05-02,Miscellaneous,Family,Other,Z598xZ2qZkFee,Barcelona,Familia y otros,Visitas Guiadas/Exposiciones,alto
LvZ18Q_Ux91CIa8Zvu6ur,Antarctica Experience,2026-05-02,Miscellaneous,Family,Other,Z598xZ2qZkFee,Barcelona,Familia y otros,Visitas Guiadas/Exposiciones,alto
LvZ18Q_Ux91CIa8Zvu6ux,Antarctica Experience,2026-05-02,Miscellaneous,Family,Other,Z598xZ2qZkFee,Barcelona,Familia y otros,Visitas Guiadas/Exposiciones,alto
Z698xZ2qZ1k-ErKr_,Fito & Fitipaldis - Aullidos Tour 25/26,2026-05-02,Music,Rock,Pop,Z598xZ2qZ761F,Fuengirola,Música,Pop/Rock,medio
Z698xZ2qZ16v4tGdaK,Camela,2026-05-02,Music,World,Flamenco,Z598xZ2qZFAdk,Girona,Música,Flamenco/Rumba,medio
LvZ18Q_s1OxjMJOZv7w5-,Visita Audioguiada Palacio Domecq,2026-05-02,Undefined,,,Z598xZ2qZavF7,Jerez de la Frontera,Familia y otros,Visitas Guiadas/Exposiciones,medio
LvZ18Q_s675Yfv8ZvRsh-,Visita Audioguiada Palacio Domecq,2026-05-02,Undefined,,,Z598xZ2qZavF7,Jerez de la Frontera,Familia y otros,Visitas Guiadas/Exposiciones,medio
LvZ18Q_s678ayc8Zv0bB1,Visita Audioguiada Palacio Domecq,2026-05-02,Undefined,,,Z598xZ2qZavF7,Jerez de la Frontera,Familia y otros,Visitas Guiadas/Exposiciones,medio
LvZ18Q_s67C5UHOZvu3i9,Visita Audioguiada Palacio Domecq,2026-05-02,Undefined,,,Z598xZ2qZavF7,Jerez de la Frontera,Familia y otros,Visitas Guiadas/Exposiciones,medio
LvZ18Q_s67QAjOYZvfGZ7,Visita Audioguiada Palacio Domecq,2026-05-02,Undefined,,,Z598xZ2qZavF7,Jerez de la Frontera,Familia y otros,Visitas Guiadas/Exposiciones,medio
LvZ18Q_s67bW3uYZvUxvw,Visita Audioguiada Palacio Domecq,2026-05-02,Undefined,,,Z598xZ2qZavF7,Jerez de la Frontera,Familia y otros,Visitas Guiadas/Exposiciones,medio
LvZ18Q_s67hYfv8ZvRsLy,Visita Audioguiada Palacio Domecq,2026-05-02,Undefined,,,Z598xZ2qZavF7,Jerez de la Frontera,Familia y otros,Visitas Guiadas/Exposiciones,medio
LvZ18Q_s67jvsY8ZvZ_YC,Visita Audioguiada Palacio Domecq,2026-05-02,Undefined,,,Z598xZ2qZavF7,Jerez de la Frontera,Familia y otros,Visitas Guiadas/Exposiciones,medio
LvZ18Q3HOZOf1kOZvUsc0,Museo Banksy Madrid,2026-05-02,Arts & Theatre,Cultural,Cultural,Z598xZ2qZF111,Madrid,Familia y otros,Visitas Guiadas/Exposiciones,medio
LvZ18Q3HOZOf1kOZvUscE,Museo Banksy Madrid,2026-05-02,Arts & Theatre,Cultural,Cultural,Z598xZ2qZF111,Madrid,Familia y otros,Visitas Guiadas/Exposiciones,medio
LvZ18Q3HOZOf1kOZvUscI,Museo Banksy Madrid,2026-05-02,Arts & Theatre,Cultural,Cultural,Z598xZ2qZF111,Madrid,Familia y otros,Visitas Guiadas/Exposiciones,medio
LvZ18Q3HOZOf1kOZvUscP,Museo Banksy Madrid,2026-05-02,Arts & Theatre,Cultural,Cultural,Z598xZ2qZF111,Madrid,Familia y otros,Visitas Guiadas/Exposiciones,medio
LvZ18Q3HOZOf1kOZvUscc,Museo Banksy Madrid,2026-05-02,Arts & Theatre,Cultural,Cultural,Z598xZ2qZF111,Madrid,Familia y otros,Visitas Guiadas/Exposiciones,medio
LvZ18Q3HOZOf1kOZvUsci,Museo Banksy Madrid,2026-05-02,Arts & Theatre,Cultural,Cultural,Z598xZ2qZF111,Madrid,Familia y otros,Visitas Guiadas/Exposiciones,medio
LvZ18Q3HOZOf1kOZvUscl,Museo Banksy Madrid,2026-05-02,Arts & Theatre,Cultural,Cultural,Z598xZ2qZF111,Madrid,Familia y otros,Visitas Guiadas/Exposiciones,medio
LvZ18Q3HOZOf1kOZvUscn,Museo Banksy Madrid,2026-05-02,Arts & Theatre,Cultural,Cultural,Z598xZ2qZF111,Madrid,Familia y otros,Visitas Guiadas/Exposiciones,medio
LvZ18Q3HOZOf1kOZvUsct,Museo Banksy Madrid,2026-05-02,Arts & Theatre,Cultural,Cultural,Z598xZ2qZF111,Madrid,Familia y otros,Visitas Guiadas/Exposiciones,medio
LvZ18QKTxr84RtOZv8E5K,Museo Banksy Madrid,2026-05-02,Arts & Theatre,Cultural,Cultural,Z598xZ2qZF111,Madrid,Familia y otros,Visitas Guiadas/Exposiciones,medio
LvZ18QQBqu02p58ZvuHXX,Las Guerreras del Pop Specials: TRIBUTO AL K-POP,2026-05-02,Undefined,,,Z598xZ2qZavFk,Madrid,Música,Pop/Rock,medio
LvZ18QQQTifLx4OZvpS_d,"NOCHES ENCENDIDAS, la música de cerca",2026-05-02,Undefined,,,Z598xZ2qZavFk,Madrid,Música,Pop/Rock,medio
LvZ18QQp1ABeW-YZvSmkO,"BIENVENIDOS,  el musical de los 80 y los 90",2026-05-02,Undefined,,,Z598xZ2qZavFk,Madrid,Arte y Teatro,Musical,medio
LvZ18Qbc8EkDV-ZZv9oic,Tablao Flamenco 1911: El Tablao Más Antiguo del Mundo,2026-05-02,Music,World,Flamenco,Z598xZ2qZav1k,Madrid,Música,Flamenco/Rumba,alto
LvZ18Qbc8EkDV-ZZv9oii,Tablao Flamenco 1911: El Tablao Más Antiguo del Mundo,2026-05-02,Music,World,Flamenco,Z598xZ2qZav1k,Madrid,Música,Flamenco/Rumba,alto
LvZ18Qbc8EkDV-ZZv9oil,Tablao Flamenco 1911: El Tablao Más Antiguo del Mundo,2026-05-02,Music,World,Flamenco,Z598xZ2qZav1k,Madrid,Música,Flamenco/Rumba,alto
LvZ18Qbc8EkDV-ZZv9oim,Tablao Flamenco 1911: El Tablao Más Antiguo del Mundo,2026-05-02,Music,World,Flamenco,Z598xZ2qZav1k,Madrid,Música,Flamenco/Rumba,alto
LvZ18QbsfmnwCUOZvlWCv,DINOLANDIA Y EL BOSQUE ENCANTADO: 2 PARQUES EN UNO,2026-05-02,Miscellaneous,Family,Other,Z598xZ2qZae6F,Madrid,Familia y otros,Parques temáticos,medio
LvZ18QjmSzi54iOZvPzCi,EL GRAN BINGO DRAG,2026-05-02,Undefined,,,Z598xZ2qZav77,Madrid,Arte y Teatro,Comedia,medio
LvZ18Qr2L6Eo8xZZvoOfK,El psicólogo del Humor,2026-05-02,Undefined,,,Z598xZ2qZavd1,Madrid,Arte y Teatro,Comedia,medio
LvZ18Qr2Lp02s9YZvheKI,¡A todo ritmo! Una comedia musical,2026-05-02,Undefined,,,Z598xZ2qZavd1,Madrid,Arte y Teatro,Musical,medio
LvZ18Qr2Lx72s9YZvhef7,Noche de coños,2026-05-02,Undefined,,,Z598xZ2qZavd1,Madrid,Arte y Teatro,Comedia,medio
LvZ18QreJ2AOpcYZvRq6Y,"Radio Fórmula, la fiesta con los éxitos de los 60 a 00",2026-05-02,Undefined,,,Z598xZ2qZav7k,Madrid,Música,Pop/Rock,medio
LvZ18QrePr6UIOOZvzrlp,CANTA BINGO,2026-05-02,Undefined,,,Z598xZ2qZav7k,Madrid,Música,Pop/Rock,medio
LvZ18QrehnpUpqZZvvifU,"Extasis, Erotic Cabaret Show",2026-05-02,Undefined,,,Z598xZ2qZavdk,Madrid,Arte y Teatro,Ballet/Danza,alto
LvZ18QrepPixDUZZvohH_,"VESPERA, cabaret erótico",2026-05-02,Undefined,,,Z598xZ2qZavdk,Madrid,Arte y Teatro,Circo,alto
LvZ18QrxQb4vtlOZvKl3y,Tarot Comedy,2026-05-02,Undefined,,,Z598xZ2qZae67,Madrid,Arte y Teatro,Comedia,medio
LvZ18QrxTdgTvhZZvVJtP,EL SOL DE MEXICO: TRIBUTO A LUIS MIGUEL,2026-05-02,Undefined,,,Z598xZ2qZav77,Madrid,Música,Latin,medio
LvZ18QrxbCABqq8Zv97AU,Spanish Horror Story,2026-05-02,Undefined,,,Z598xZ2qZae67,Madrid,Arte y Teatro,Comedia,medio
Z698xZ2qZ1kpf_Pbd,Solar Fake,2026-05-02,Music,Alternative,Alternative Rock,Z598xZ2qZe1aF,Madrid,Música,Indie/Alternativo,medio
LvZ18QrWS3vGu0OZvBFgT,Museo Carmen Thyssen Málaga,2026-05-02,Arts & Theatre,Cultural,Cultural,Z598xZ2qZk76e,Málaga,Familia y otros,Visitas Guiadas/Exposiciones,medio
LvZ18Q_Ux9MkT9ZZvwbK1,Antarctica Experience,2026-05-03,Miscellaneous,Family,Other,Z598xZ2qZkFee,Barcelona,Familia y otros,Visitas Guiadas/Exposiciones,alto
LvZ18Q_Ux9MkT9ZZvwbK2,Antarctica Experience,2026-05-03,Miscellaneous,Family,Other,Z598xZ2qZkFee,Barcelona,Familia y otros,Visitas Guiadas/Exposiciones,alto
LvZ18Q_Ux9MkT9ZZvwbK3,Antarctica Experience,2026-05-03,Miscellaneous,Family,Other,Z598xZ2qZkFee,Barcelona,Familia y otros,Visitas Guiadas/Exposiciones,alto
LvZ18Q_Ux9MkT9ZZvwbK5,Antarctica Experience,2026-05-03,Miscellaneous,Family,Other,Z598xZ2qZkFee,Barcelona,Familia y otros,Visitas Guiadas/Exposiciones,alto
LvZ18Q_Ux9MkT9ZZvwbK6,Antarctica Experience,2026-05-03,Miscellaneous,Family,Other,Z598xZ2qZkFee,Barcelona,Familia y otros,Visitas Guiadas/Exposiciones,alto
LvZ18Q_Ux9MkT9ZZvwbK7,Antarctica Experience,2026-05-03,Miscellaneous,Family,Other,Z598xZ2qZkFee,Barcelona,Familia y otros,Visitas Guiadas/Exposiciones,alto
LvZ18Q_Ux9MkT9ZZvwbK8,Antarctica Experience,2026-05-03,Miscellaneous,Family,Other,Z598xZ2qZkFee,Barcelona,Familia y otros,Visitas Guiadas/Exposiciones,alto
LvZ18Q_Ux9MkT9ZZvwbKA,Antarctica Experience,2026-05-03,Miscellaneous,Family,Other,Z598xZ2qZkFee,Barcelona,Familia y otros,Visitas Guiadas/Exposiciones,alto
LvZ18Q_Ux9MkT9ZZvwbKC,Antarctica Experience,2026-05-03,Miscellaneous,Family,Other,Z598xZ2qZkFee,Barcelona,Familia y otros,Visitas Guiadas/Exposiciones,alto
LvZ18Q_Ux9MkT9ZZvwbKF,Antarctica Experience,2026-05-03,Miscellaneous,Family,Other,Z598xZ2qZkFee,Barcelona,Familia y otros,Visitas Guiadas/Exposiciones,alto
LvZ18Q_Ux9MkT9ZZvwbKG,Antarctica Experience,2026-05-03,Miscellaneous,Family,Other,Z598xZ2qZkFee,Barcelona,Familia y otros,Visitas Guiadas/Exposiciones,alto
LvZ18Q_Ux9MkT9ZZvwbKK,Antarctica Experience,2026-05-03,Miscellaneous,Family,Other,Z598xZ2qZkFee,Barcelona,Familia y otros,Visitas Guiadas/Exposiciones,alto
LvZ18Q_Ux9MkT9ZZvwbKZ,Antarctica Experience,2026-05-03,Miscellaneous,Family,Other,Z598xZ2qZkFee,Barcelona,Familia y otros,Visitas Guiadas/Exposiciones,alto
LvZ18Q_Ux9MkT9ZZvwbKa,Antarctica Experience,2026-05-03,Miscellaneous,Family,Other,Z598xZ2qZkFee,Barcelona,Familia y otros,Visitas Guiadas/Exposiciones,alto
LvZ18Q_Ux9MkT9ZZvwbKd,Antarctica Experience,2026-05-03,Miscellaneous,Family,Other,Z598xZ2qZkFee,Barcelona,Familia y otros,Visitas Guiadas/Exposiciones,alto
LvZ18Q_Ux9MkT9ZZvwbKe,Antarctica Experience,2026-05-03,Miscellaneous,Family,Other,Z598xZ2qZkFee,Barcelona,Familia y otros,Visitas Guiadas/Exposiciones,alto
LvZ18Q_Ux9MkT9ZZvwbKk,Antarctica Experience,2026-05-03,Miscellaneous,Family,Other,Z598xZ2qZkFee,Barcelona,Familia y otros,Visitas Guiadas/Exposiciones,alto
LvZ18Q_Ux9MkT9ZZvwbKo,Antarctica Experience,2026-05-03,Miscellaneous,Family,Other,Z598xZ2qZkFee,Barcelona,Familia y otros,Visitas Guiadas/Exposiciones,alto
LvZ18Q_Ux9MkT9ZZvwbKu,Antarctica Experience,2026-05-03,Miscellaneous,Family,Other,Z598xZ2qZkFee,Barcelona,Familia y otros,Visitas Guiadas/Exposiciones,alto
LvZ18Q_Ux9MkT9ZZvwbKv,Antarctica Experience,2026-05-03,Miscellaneous,Family,Other,Z598xZ2qZkFee,Barcelona,Familia y otros,Visitas Guiadas/Exposiciones,alto
LvZ18Q_s675Yfv8ZvRshx,Visita Audioguiada Palacio Domecq,2026-05-03,Undefined,,,Z598xZ2qZavF7,Jerez de la Frontera,Familia y otros,Visitas Guiadas/Exposiciones,medio
LvZ18Q_s678ayc8Zv0bB5,Visita Audioguiada Palacio Domecq,2026-05-03,Undefined,,,Z598xZ2qZavF7,Jerez de la Frontera,Familia y otros,Visitas Guiadas/Exposiciones,medio
LvZ18Q_s67C5UHOZvu3ib,Visita Audioguiada Palacio Domecq,2026-05-03,Undefined,,,Z598xZ2qZavF7,Jerez de la Frontera,Familia y otros,Visitas Guiadas/Exposiciones,medio
LvZ18Q_s67eeVSYZv83-W,Visita Audioguiada Palacio Domecq,2026-05-03,Undefined,,,Z598xZ2qZavF7,Jerez de la Frontera,Familia y otros,Visitas Guiadas/Exposiciones,medio
LvZ18Q3HOZOf1kOZvUscM,Museo Banksy Madrid,2026-05-03,Arts & Theatre,Cultural,Cultural,Z598xZ2qZF111,Madrid,Familia y otros,Visitas Guiadas/Exposiciones,medio
LvZ18Q3HOZOf1kOZvUscR,Museo Banksy Madrid,2026-05-03,Arts & Theatre,Cultural,Cultural,Z598xZ2qZF111,Madrid,Familia y otros,Visitas Guiadas/Exposiciones,medio
LvZ18Q3HOZOf1kOZvUscS,Museo Banksy Madrid,2026-05-03,Arts & Theatre,Cultural,Cultural,Z598xZ2qZF111,Madrid,Familia y otros,Visitas Guiadas/Exposiciones,medio
LvZ18Q3HOZOf1kOZvUscU,Museo Banksy Madrid,2026-05-03,Arts & Theatre,Cultural,Cultural,Z598xZ2qZF111,Madrid,Familia y otros,Visitas Guiadas/Exposiciones,medio
LvZ18Q3HOZOf1kOZvUscV,Museo Banksy Madrid,2026-05-03,Arts & Theatre,Cultural,Cultural,Z598xZ2qZF111,Madrid,Familia y otros,Visitas Guiadas/Exposiciones,medio
LvZ18Q3HOZOf1kOZvUscg,Museo Banksy Madrid,2026-05-03,Arts & Theatre,Cultural,Cultural,Z598xZ2qZF111,Madrid,Familia y otros,Visitas Guiadas/Exposiciones,medio
LvZ18Q3HOZOf1kOZvUscm,Museo Banksy Madrid,2026-05-03,Arts & Theatre,Cultural,Cultural,Z598xZ2qZF111,Madrid,Familia y otros,Visitas Guiadas/Exposiciones,medio
LvZ18Q3HOZOf1kOZvUscs,Museo Banksy Madrid,2026-05-03,Arts & Theatre,Cultural,Cultural,Z598xZ2qZF111,Madrid,Familia y otros,Visitas Guiadas/Exposiciones,medio
LvZ18Q3HOZOf1kOZvUscw,Museo Banksy Madrid,2026-05-03,Arts & Theatre,Cultural,Cultural,Z598xZ2qZF111,Madrid,Familia y otros,Visitas Guiadas/Exposiciones,medio
LvZ18Q9eyWd1yIZZvLGSG,OLIMPIADRAGS,2026-05-03,Undefined,,,Z598xZ2qZav77,Madrid,Arte y Teatro,Comedia,medio
LvZ18QKTxr84RtOZv8E5f,Museo Banksy Madrid,2026-05-03,Arts & Theatre,Cultural,Cultural,Z598xZ2qZF111,Madrid,Familia y otros,Visitas Guiadas/Exposiciones,medio
LvZ18QQBqu02p58ZvuHXT,Las Guerreras del Pop Specials: TRIBUTO AL K-POP,2026-05-03,Undefined,,,Z598xZ2qZavFk,Madrid,Música,Pop/Rock,medio
LvZ18QQQTifLx4OZvpS_7,"NOCHES ENCENDIDAS, la música de cerca",2026-05-03,Undefined,,,Z598xZ2qZavFk,Madrid,Música,Pop/Rock,medio
LvZ18QQp1ABeW-YZvSmk-,"BIENVENIDOS,  el musical de los 80 y los 90",2026-05-03,Undefined,,,Z598xZ2qZavFk,Madrid,Arte y Teatro,Musical,medio
LvZ18Qbc8EkDV-ZZv9oiR,Tablao Flamenco 1911: El Tablao Más Antiguo del Mundo,2026-05-03,Music,World,Flamenco,Z598xZ2qZav1k,Madrid,Música,Flamenco/Rumba,alto
LvZ18Qbc8EkDV-ZZv9oiY,Tablao Flamenco 1911: El Tablao Más Antiguo del Mundo,2026-05-03,Music,World,Flamenco,Z598xZ2qZav1k,Madrid,Música,Flamenco/Rumba,alto
LvZ18Qbc8EkDV-ZZv9ois,Tablao Flamenco 1911: El Tablao Más Antiguo del Mundo,2026-05-03,Music,World,Flamenco,Z598xZ2qZav1k,Madrid,Música,Flamenco/Rumba,alto
LvZ18Qbc8EkDV-ZZv9oiw,Tablao Flamenco 1911: El Tablao Más Antiguo del Mundo,2026-05-03,Music,World,Flamenco,Z598xZ2qZav1k,Madrid,Música,Flamenco/Rumba,alto
LvZ18QbsfmnwCUOZvlWCe,DINOLANDIA Y EL BOSQUE ENCANTADO: 2 PARQUES EN UNO,2026-05-03,Miscellaneous,Family,Other,Z598xZ2qZae6F,Madrid,Familia y otros,Parques temáticos,medio
LvZ18Qr2W-pZlbOZv-Vmz,"New York, New York... Los éxitos de Broadway",2026-05-03,Undefined,,,Z598xZ2qZavd1,Madrid,Arte y Teatro,Musical,medio
LvZ18Qr2WZazdwZZv2oOf,"Comedia barata, un monólogo de Tulum Bayúgar",2026-05-03,Undefined,,,Z598xZ2qZavd1,Madrid,Arte y Teatro,Comedia,bajo
LvZ18Qr2WlsQUoZZv8oeW,"Miguel Bosé, tributo a una leyenda",2026-05-03,Undefined,,,Z598xZ2qZavd1,Madrid,Música,Pop/Rock,medio
LvZ18QrepPixDUZZvohHQ,"VESPERA, cabaret erótico",2026-05-03,Undefined,,,Z598xZ2qZavdk,Madrid,Arte y Teatro,Circo,alto
LvZ18Qreqs3P5DZZvmkDk,Servicio de habitaciones,2026-05-03,Undefined,,,Z598xZ2qZavdk,Madrid,Arte y Teatro,Comedia,medio
LvZ18QrxOrw9M6YZvMdIC,"Hannah Montana, el tributo",2026-05-03,Undefined,,,Z598xZ2qZae67,Madrid,Música,Pop/Rock,medio
LvZ18Qrx_GPvtlOZvKloF,La Voz de Nueva York,2026-05-03,Undefined,,,Z598xZ2qZae67,Madrid,Música,Jazz/Blues,alto
LvZ18QrxjFP8C78ZvswHi,Rocío Dúrcal: tributo a una leyenda,2026-05-03,Undefined,,,Z598xZ2qZae67,Madrid,Música,Latin,medio
LvZ18QrWS3vGu0OZvBFUp,Museo Carmen Thyssen Málaga,2026-05-03,Arts & Theatre,Cultural,Cultural,Z598xZ2qZk76e,Málaga,Familia y otros,Visitas Guiadas/Exposiciones,medio
LvZ18Q3HOZOf1kOZvUscD,Museo Banksy Madrid,2026-05-04,Arts & Theatre,Cultural,Cultural,Z598xZ2qZF111,Madrid,Familia y otros,Visitas Guiadas/Exposiciones,medio
LvZ18Q3HOZOf1kOZvUscH,Museo Banksy Madrid,2026-05-04,Arts & Theatre,Cultural,Cultural,Z598xZ2qZF111,Madrid,Familia y otros,Visitas Guiadas/Exposiciones,medio
LvZ18Q3HOZOf1kOZvUscT,Museo Banksy Madrid,2026-05-04,Arts & Theatre,Cultural,Cultural,Z598xZ2qZF111,Madrid,Familia y otros,Visitas Guiadas/Exposiciones,medio
LvZ18Q3HOZOf1kOZvUscW,Museo Banksy Madrid,2026-05-04,Arts & Theatre,Cultural,Cultural,Z598xZ2qZF111,Madrid,Familia y otros,Visitas Guiadas/Exposiciones,medio
LvZ18Q3HOZOf1kOZvUscX,Museo Banksy Madrid,2026-05-04,Arts & Theatre,Cultural,Cultural,Z598xZ2qZF111,Madrid,Familia y otros,Visitas Guiadas/Exposiciones,medio
LvZ18Q3HOZOf1kOZvUscy,Museo Banksy Madrid,2026-05-04,Arts & Theatre,Cultural,Cultural,Z598xZ2qZF111,Madrid,Familia y otros,Visitas Guiadas/Exposiciones,medio
LvZ18Q3HOZOf1kOZvUscz,Museo Banksy Madrid,2026-05-04,Arts & Theatre,Cultural,Cultural,Z598xZ2qZF111,Madrid,Familia y otros,Visitas Guiadas/Exposiciones,medio
LvZ18Q3HOZOf1kOZvUsmZ,Museo Banksy Madrid,2026-05-04,Arts & Theatre,Cultural,Cultural,Z598xZ2qZF111,Madrid,Familia y otros,Visitas Guiadas/Exposiciones,medio
LvZ18Q3HOZOf1kOZvUsmv,Museo Banksy Madrid,2026-05-04,Arts & Theatre,Cultural,Cultural,Z598xZ2qZF111,Madrid,Familia y otros,Visitas Guiadas/Exposiciones,medio
LvZ18QKTxr84RtOZv8E54,Museo Banksy Madrid,2026-05-04,Arts & Theatre,Cultural,Cultural,Z598xZ2qZF111,Madrid,Familia y otros,Visitas Guiadas/Exposiciones,medio
LvZ18Qbc8EkDV-ZZv9oiS,Tablao Flamenco 1911: El Tablao Más Antiguo del Mundo,2026-05-04,Music,World,Flamenco,Z598xZ2qZav1k,Madrid,Música,Flamenco/Rumba,alto
LvZ18Qbc8EkDV-ZZv9oiU,Tablao Flamenco 1911: El Tablao Más Antiguo del Mundo,2026-05-04,Music,World,Flamenco,Z598xZ2qZav1k,Madrid,Música,Flamenco/Rumba,alto
LvZ18Qbc8EkDV-ZZv9oiV,Tablao Flamenco 1911: El Tablao Más Antiguo del Mundo,2026-05-04,Music,World,Flamenco,Z598xZ2qZav1k,Madrid,Música,Flamenco/Rumba,alto
LvZ18Qbc8EkDV-ZZv9oig,Tablao Flamenco 1911: El Tablao Más Antiguo del Mundo,2026-05-04,Music,World,Flamenco,Z598xZ2qZav1k,Madrid,Música,Flamenco/Rumba,alto
LvZ18QbcdqblQFYZvhUKB,DINOLANDIA Y EL BOSQUE ENCANTADO: 2 PARQUES EN UNO,2026-05-04,Miscellaneous,Family,Other,Z598xZ2qZae6F,Madrid,Familia y otros,Parques temáticos,medio
LvZ18QrdYBfEe38Zv0al6,Tributo a Dani Martín,2026-05-04,Undefined,,,Z598xZ2qZae67,Madrid,Música,Pop/Rock,medio
Z698xZ2qZ16vJdrdFF,Miguel - CAOS Tour,2026-05-04,Music,Rock,Pop,Z198xZ2qZAde,Madrid,Música,Pop/Rock,medio
Z698xZ2qZ1k_efE4b,Miguel - CAOS Tour | VIP Packages,2026-05-04,Music,Rock,Pop,Z198xZ2qZAde,Madrid,Música,Pop/Rock,alto
LvZ18Q_UxbZJU0OZvVEE3,Antarctica Experience,2026-05-05,Miscellaneous,Family,Other,Z598xZ2qZkFee,Barcelona,Familia y otros,Visitas Guiadas/Exposiciones,alto
LvZ18Q_UxbZJU0OZvVEE9,Antarctica Experience,2026-05-05,Miscellaneous,Family,Other,Z598xZ2qZkFee,Barcelona,Familia y otros,Visitas Guiadas/Exposiciones,alto
LvZ18Q_UxbZJU0OZvVEEK,Antarctica Experience,2026-05-05,Miscellaneous,Family,Other,Z598xZ2qZkFee,Barcelona,Familia y otros,Visitas Guiadas/Exposiciones,alto
LvZ18Q_UxbZJU0OZvVEEQ,Antarctica Experience,2026-05-05,Miscellaneous,Family,Other,Z598xZ2qZkFee,Barcelona,Familia y otros,Visitas Guiadas/Exposiciones,alto
LvZ18Q_UxbZJU0OZvVEE_,Antarctica Experience,2026-05-05,Miscellaneous,Family,Other,Z598xZ2qZkFee,Barcelona,Familia y otros,Visitas Guiadas/Exposiciones,alto
LvZ18Q_UxbZJU0OZvVEEb,Antarctica Experience,2026-05-05,Miscellaneous,Family,Other,Z598xZ2qZkFee,Barcelona,Familia y otros,Visitas Guiadas/Exposiciones,alto
LvZ18Q_UxbZJU0OZvVEEf,Antarctica Experience,2026-05-05,Miscellaneous,Family,Other,Z598xZ2qZkFee,Barcelona,Familia y otros,Visitas Guiadas/Exposiciones,alto
LvZ18Q_UxbZJU0OZvVEEh,Antarctica Experience,2026-05-05,Miscellaneous,Family,Other,Z598xZ2qZkFee,Barcelona,Familia y otros,Visitas Guiadas/Exposiciones,alto
LvZ18Q_UxbZJU0OZvVEEj,Antarctica Experience,2026-05-05,Miscellaneous,Family,Other,Z598xZ2qZkFee,Barcelona,Familia y otros,Visitas Guiadas/Exposiciones,alto
LvZ18Q_UxbZJU0OZvVEEp,Antarctica Experience,2026-05-05,Miscellaneous,Family,Other,Z598xZ2qZkFee,Barcelona,Familia y otros,Visitas Guiadas/Exposiciones,alto
LvZ18Q_UxbZJU0OZvVEEq,Antarctica Experience,2026-05-05,Miscellaneous,Family,Other,Z598xZ2qZkFee,Barcelona,Familia y otros,Visitas Guiadas/Exposiciones,alto
LvZ18Q_UxbZJU0OZvVEEr,Antarctica Experience,2026-05-05,Miscellaneous,Family,Other,Z598xZ2qZkFee,Barcelona,Familia y otros,Visitas Guiadas/Exposiciones,alto
Z698xZ2qZ16vu6ZV_S,Miguel - CAOS Tour | VIP Packages,2026-05-05,Music,Rock,Pop,Z198xZ2qZkeF,Barcelona,Música,Pop/Rock,alto
Z698xZ2qZ1kok-xq9,Miguel - CAOS Tour,2026-05-05,Music,Rock,Pop,Z198xZ2qZkeF,Barcelona,Música,Pop/Rock,medio
LvZ18Q_s1OxjMJOZv7w5x,Visita Audioguiada Palacio Domecq,2026-05-05,Undefined,,,Z598xZ2qZavF7,Jerez de la Frontera,Familia y otros,Visitas Guiadas/Exposiciones,medio
LvZ18Q_s675Yfv8ZvRshN,Visita Audioguiada Palacio Domecq,2026-05-05,Undefined,,,Z598xZ2qZavF7,Jerez de la Frontera,Familia y otros,Visitas Guiadas/Exposiciones,medio
LvZ18Q_s678ayc8Zv0bBG,Visita Audioguiada Palacio Domecq,2026-05-05,Undefined,,,Z598xZ2qZavF7,Jerez de la Frontera,Familia y otros,Visitas Guiadas/Exposiciones,medio
LvZ18Q_s67C5UHOZvu3i_,Visita Audioguiada Palacio Domecq,2026-05-05,Undefined,,,Z598xZ2qZavF7,Jerez de la Frontera,Familia y otros,Visitas Guiadas/Exposiciones,medio
LvZ18Q_s67QAjOYZvfGZA,Visita Audioguiada Palacio Domecq,2026-05-05,Undefined,,,Z598xZ2qZavF7,Jerez de la Frontera,Familia y otros,Visitas Guiadas/Exposiciones,medio
LvZ18Q_s67bW3uYZvUxvS,Visita Audioguiada Palacio Domecq,2026-05-05,Undefined,,,Z598xZ2qZavF7,Jerez de la Frontera,Familia y otros,Visitas Guiadas/Exposiciones,medio
LvZ18Q_s67eeVSYZv83-X,Visita Audioguiada Palacio Domecq,2026-05-05,Undefined,,,Z598xZ2qZavF7,Jerez de la Frontera,Familia y otros,Visitas Guiadas/Exposiciones,medio
LvZ18Q_s67hYfv8ZvRsLB,Visita Audioguiada Palacio Domecq,2026-05-05,Undefined,,,Z598xZ2qZavF7,Jerez de la Frontera,Familia y otros,Visitas Guiadas/Exposiciones,medio
LvZ18Q_s67jvsY8ZvZ_Y2,Visita Audioguiada Palacio Domecq,2026-05-05,Undefined,,,Z598xZ2qZavF7,Jerez de la Frontera,Familia y otros,Visitas Guiadas/Exposiciones,medio
LvZ18Q3HOZOf1kOZvUsm1,Museo Banksy Madrid,2026-05-05,Arts & Theatre,Cultural,Cultural,Z598xZ2qZF111,Madrid,Familia y otros,Visitas Guiadas/Exposiciones,medio
LvZ18Q3HOZOf1kOZvUsm5,Museo Banksy Madrid,2026-05-05,Arts & Theatre,Cultural,Cultural,Z598xZ2qZF111,Madrid,Familia y otros,Visitas Guiadas/Exposiciones,medio
LvZ18Q3HOZOf1kOZvUsm6,Museo Banksy Madrid,2026-05-05,Arts & Theatre,Cultural,Cultural,Z598xZ2qZF111,Madrid,Familia y otros,Visitas Guiadas/Exposiciones,medio
LvZ18Q3HOZOf1kOZvUsmA,Museo Banksy Madrid,2026-05-05,Arts & Theatre,Cultural,Cultural,Z598xZ2qZF111,Madrid,Familia y otros,Visitas Guiadas/Exposiciones,medio
LvZ18Q3HOZOf1kOZvUsmF,Museo Banksy Madrid,2026-05-05,Arts & Theatre,Cultural,Cultural,Z598xZ2qZF111,Madrid,Familia y otros,Visitas Guiadas/Exposiciones,medio
LvZ18Q3HOZOf1kOZvUsma,Museo Banksy Madrid,2026-05-05,Arts & Theatre,Cultural,Cultural,Z598xZ2qZF111,Madrid,Familia y otros,Visitas Guiadas/Exposiciones,medio
LvZ18Q3HOZOf1kOZvUsmd,Museo Banksy Madrid,2026-05-05,Arts & Theatre,Cultural,Cultural,Z598xZ2qZF111,Madrid,Familia y otros,Visitas Guiadas/Exposiciones,medio
LvZ18Q3HOZOf1kOZvUsme,Museo Banksy Madrid,2026-05-05,Arts & Theatre,Cultural,Cultural,Z598xZ2qZF111,Madrid,Familia y otros,Visitas Guiadas/Exposiciones,medio
LvZ18Q3HOZOf1kOZvUsmk,Museo Banksy Madrid,2026-05-05,Arts & Theatre,Cultural,Cultural,Z598xZ2qZF111,Madrid,Familia y otros,Visitas Guiadas/Exposiciones,medio
LvZ18QKTxr84RtOZv8E5p,Museo Banksy Madrid,2026-05-05,Arts & Theatre,Cultural,Cultural,Z598xZ2qZF111,Madrid,Familia y otros,Visitas Guiadas/Exposiciones,medio
LvZ18QL671DVvfYZvSbx5,Becario: un monólogo en prácticas,2026-05-05,Undefined,,,Z598xZ2qZae67,Madrid,Arte y Teatro,Comedia,medio
LvZ18Qbc8EkDV-ZZv9oiB,Tablao Flamenco 1911: El Tablao Más Antiguo del Mundo,2026-05-05,Music,World,Flamenco,Z598xZ2qZav1k,Madrid,Música,Flamenco/Rumba,alto
LvZ18Qbc8EkDV-ZZv9oiM,Tablao Flamenco 1911: El Tablao Más Antiguo del Mundo,2026-05-05,Music,World,Flamenco,Z598xZ2qZav1k,Madrid,Música,Flamenco/Rumba,alto
LvZ18Qbc8EkDV-ZZv9oiy,Tablao Flamenco 1911: El Tablao Más Antiguo del Mundo,2026-05-05,Music,World,Flamenco,Z598xZ2qZav1k,Madrid,Música,Flamenco/Rumba,alto
LvZ18Qbc8EkDV-ZZv9oiz,Tablao Flamenco 1911: El Tablao Más Antiguo del Mundo,2026-05-05,Music,World,Flamenco,Z598xZ2qZav1k,Madrid,Música,Flamenco/Rumba,alto
LvZ18QbcdqblQFYZvhUKD,DINOLANDIA Y EL BOSQUE ENCANTADO: 2 PARQUES EN UNO,2026-05-05,Miscellaneous,Family,Other,Z598xZ2qZae6F,Madrid,Familia y otros,Parques temáticos,medio
LvZ18QrdsV0Ee38Zv0amI,Eternos Tributo a Camilo Sesto y Raphael,2026-05-05,Undefined,,,Z598xZ2qZae67,Madrid,Música,Pop/Rock,medio
LvZ18QrWS3vGu0OZvBFUZ,Museo Carmen Thyssen Málaga,2026-05-05,Arts & Theatre,Cultural,Cultural,Z598xZ2qZk76e,Málaga,Familia y otros,Visitas Guiadas/Exposiciones,medio
LvZ18Q_gT3GpfgYZvOS3D,Antarctica Experience,2026-05-06,Miscellaneous,Family,Other,Z598xZ2qZkFee,Barcelona,Familia y otros,Visitas Guiadas/Exposiciones,alto
LvZ18Q_gT3GpfgYZvOS3H,Antarctica Experience,2026-05-06,Miscellaneous,Family,Other,Z598xZ2qZkFee,Barcelona,Familia y otros,Visitas Guiadas/Exposiciones,alto
LvZ18Q_gT3GpfgYZvOS3S,Antarctica Experience,2026-05-06,Miscellaneous,Family,Other,Z598xZ2qZkFee,Barcelona,Familia y otros,Visitas Guiadas/Exposiciones,alto
LvZ18Q_gT3GpfgYZvOS3T,Antarctica Experience,2026-05-06,Miscellaneous,Family,Other,Z598xZ2qZkFee,Barcelona,Familia y otros,Visitas Guiadas/Exposiciones,alto
LvZ18Q_gT3GpfgYZvOS3V,Antarctica Experience,2026-05-06,Miscellaneous,Family,Other,Z598xZ2qZkFee,Barcelona,Familia y otros,Visitas Guiadas/Exposiciones,alto
LvZ18Q_gT3GpfgYZvOS3W,Antarctica Experience,2026-05-06,Miscellaneous,Family,Other,Z598xZ2qZkFee,Barcelona,Familia y otros,Visitas Guiadas/Exposiciones,alto
LvZ18Q_gT3GpfgYZvOS3X,Antarctica Experience,2026-05-06,Miscellaneous,Family,Other,Z598xZ2qZkFee,Barcelona,Familia y otros,Visitas Guiadas/Exposiciones,alto
LvZ18Q_gT3GpfgYZvOS3g,Antarctica Experience,2026-05-06,Miscellaneous,Family,Other,Z598xZ2qZkFee,Barcelona,Familia y otros,Visitas Guiadas/Exposiciones,alto
LvZ18Q_gT3GpfgYZvOSKZ,Antarctica Experience,2026-05-06,Miscellaneous,Family,Other,Z598xZ2qZkFee,Barcelona,Familia y otros,Visitas Guiadas/Exposiciones,alto
LvZ18Q_gT3GpfgYZvOSKe,Antarctica Experience,2026-05-06,Miscellaneous,Family,Other,Z598xZ2qZkFee,Barcelona,Familia y otros,Visitas Guiadas/Exposiciones,alto
LvZ18Q_gT3GpfgYZvOSKv,Antarctica Experience,2026-05-06,Miscellaneous,Family,Other,Z598xZ2qZkFee,Barcelona,Familia y otros,Visitas Guiadas/Exposiciones,alto
LvZ18Q_s1OxjMJOZv7w5N,Visita Audioguiada Palacio Domecq,2026-05-06,Undefined,,,Z598xZ2qZavF7,Jerez de la Frontera,Familia y otros,Visitas Guiadas/Exposiciones,medio
LvZ18Q_s675Yfv8ZvRsh0,Visita Audioguiada Palacio Domecq,2026-05-06,Undefined,,,Z598xZ2qZavF7,Jerez de la Frontera,Familia y otros,Visitas Guiadas/Exposiciones,medio
LvZ18Q_s678ayc8Zv0bBu,Visita Audioguiada Palacio Domecq,2026-05-06,Undefined,,,Z598xZ2qZavF7,Jerez de la Frontera,Familia y otros,Visitas Guiadas/Exposiciones,medio
LvZ18Q_s67C5UHOZvu3iQ,Visita Audioguiada Palacio Domecq,2026-05-06,Undefined,,,Z598xZ2qZavF7,Jerez de la Frontera,Familia y otros,Visitas Guiadas/Exposiciones,medio
LvZ18Q_s67QAjOYZvfGZk,Visita Audioguiada Palacio Domecq,2026-05-06,Undefined,,,Z598xZ2qZavF7,Jerez de la Frontera,Familia y otros,Visitas Guiadas/Exposiciones,medio
LvZ18Q_s67bW3uYZvUxvV,Visita Audioguiada Palacio Domecq,2026-05-06,Undefined,,,Z598xZ2qZavF7,Jerez de la Frontera,Familia y otros,Visitas Guiadas/Exposiciones,medio
LvZ18Q_s67eeVSYZv83-T,Visita Audioguiada Palacio Domecq,2026-05-06,Undefined,,,Z598xZ2qZavF7,Jerez de la Frontera,Familia y otros,Visitas Guiadas/Exposiciones,medio
LvZ18Q_s67hYfv8ZvRsLD,Visita Audioguiada Palacio Domecq,2026-05-06,Undefined,,,Z598xZ2qZavF7,Jerez de la Frontera,Familia y otros,Visitas Guiadas/Exposiciones,medio
LvZ18Q_s67jvsY8ZvZ_Y8,Visita Audioguiada Palacio Domecq,2026-05-06,Undefined,,,Z598xZ2qZavF7,Jerez de la Frontera,Familia y otros,Visitas Guiadas/Exposiciones,medio
LvZ18Q3HOZOf1kOZvUsm2,Museo Banksy Madrid,2026-05-06,Arts & Theatre,Cultural,Cultural,Z598xZ2qZF111,Madrid,Familia y otros,Visitas Guiadas/Exposiciones,medio
LvZ18Q3HOZOf1kOZvUsm3,Museo Banksy Madrid,2026-05-06,Arts & Theatre,Cultural,Cultural,Z598xZ2qZF111,Madrid,Familia y otros,Visitas Guiadas/Exposiciones,medio
LvZ18Q3HOZOf1kOZvUsm4,Museo Banksy Madrid,2026-05-06,Arts & Theatre,Cultural,Cultural,Z598xZ2qZF111,Madrid,Familia y otros,Visitas Guiadas/Exposiciones,medio
LvZ18Q3HOZOf1kOZvUsm8,Museo Banksy Madrid,2026-05-06,Arts & Theatre,Cultural,Cultural,Z598xZ2qZF111,Madrid,Familia y otros,Visitas Guiadas/Exposiciones,medio
LvZ18Q3HOZOf1kOZvUsmG,Museo Banksy Madrid,2026-05-06,Arts & Theatre,Cultural,Cultural,Z598xZ2qZF111,Madrid,Familia y otros,Visitas Guiadas/Exposiciones,medio
LvZ18Q3HOZOf1kOZvUsmK,Museo Banksy Madrid,2026-05-06,Arts & Theatre,Cultural,Cultural,Z598xZ2qZF111,Madrid,Familia y otros,Visitas Guiadas/Exposiciones,medio
LvZ18Q3HOZOf1kOZvUsmf,Museo Banksy Madrid,2026-05-06,Arts & Theatre,Cultural,Cultural,Z598xZ2qZF111,Madrid,Familia y otros,Visitas Guiadas/Exposiciones,medio
LvZ18Q3HOZOf1kOZvUsmo,Museo Banksy Madrid,2026-05-06,Arts & Theatre,Cultural,Cultural,Z598xZ2qZF111,Madrid,Familia y otros,Visitas Guiadas/Exposiciones,medio
LvZ18Q3HOZOf1kOZvUsmu,Museo Banksy Madrid,2026-05-06,Arts & Theatre,Cultural,Cultural,Z598xZ2qZF111,Madrid,Familia y otros,Visitas Guiadas/Exposiciones,medio
LvZ18QKTxr84RtOZv8E59,Museo Banksy Madrid,2026-05-06,Arts & Theatre,Cultural,Cultural,Z598xZ2qZF111,Madrid,Familia y otros,Visitas Guiadas/Exposiciones,medio
LvZ18Qbc8EkDV-ZZv9oiD,Tablao Flamenco 1911: El Tablao Más Antiguo del Mundo,2026-05-06,Music,World,Flamenco,Z598xZ2qZav1k,Madrid,Música,Flamenco/Rumba,alto
LvZ18Qbc8EkDV-ZZv9oiH,Tablao Flamenco 1911: El Tablao Más Antiguo del Mundo,2026-05-06,Music,World,Flamenco,Z598xZ2qZav1k,Madrid,Música,Flamenco/Rumba,alto
LvZ18Qbc8EkDV-ZZv9oiW,Tablao Flamenco 1911: El Tablao Más Antiguo del Mundo,2026-05-06,Music,World,Flamenco,Z598xZ2qZav1k,Madrid,Música,Flamenco/Rumba,alto
LvZ18Qbc8EkDV-ZZv9oiX,Tablao Flamenco 1911: El Tablao Más Antiguo del Mundo,2026-05-06,Music,World,Flamenco,Z598xZ2qZav1k,Madrid,Música,Flamenco/Rumba,alto
LvZ18QbcdqblQFYZvhUKH,DINOLANDIA Y EL BOSQUE ENCANTADO: 2 PARQUES EN UNO,2026-05-06,Miscellaneous,Family,Other,Z598xZ2qZae6F,Madrid,Familia y otros,Parques temáticos,medio
LvZ18QrdwxYxCtZZvq5Z2,Tributo a Sergio Dalma,2026-05-06,Undefined,,,Z598xZ2qZae67,Madrid,Música,Pop/Rock,medio
LvZ18QrxbCdl-38ZvgQnI,Spanish Horror Story,2026-05-06,Undefined,,,Z598xZ2qZae67,Madrid,Arte y Teatro,Comedia,medio
LvZ18QrWS3vGu0OZvBFUv,Museo Carmen Thyssen Málaga,2026-05-06,Arts & Theatre,Cultural,Cultural,Z598xZ2qZk76e,Málaga,Familia y otros,Visitas Guiadas/Exposiciones,medio
Z698xZ2qZ16v7SZOeb,Palmer Basket Mallorca,2026-05-06,Sports,Basketball,Men Professional,Z598xZ2qZkAa7,Palma de Mallorca,Deportes,Baloncesto,medio
LvZ18Q_U-wZxlWZZvGhR1,Antarctica Experience,2026-05-07,Miscellaneous,Family,Other,Z598xZ2qZkFee,Barcelona,Familia y otros,Visitas Guiadas/Exposiciones,alto
LvZ18Q_U-wZxlWZZvGhR5,Antarctica Experience,2026-05-07,Miscellaneous,Family,Other,Z598xZ2qZkFee,Barcelona,Familia y otros,Visitas Guiadas/Exposiciones,alto
LvZ18Q_U-wZxlWZZvGhR6,Antarctica Experience,2026-05-07,Miscellaneous,Family,Other,Z598xZ2qZkFee,Barcelona,Familia y otros,Visitas Guiadas/Exposiciones,alto
LvZ18Q_U-wZxlWZZvGhR7,Antarctica Experience,2026-05-07,Miscellaneous,Family,Other,Z598xZ2qZkFee,Barcelona,Familia y otros,Visitas Guiadas/Exposiciones,alto
LvZ18Q_U-wZxlWZZvGhRA,Antarctica Experience,2026-05-07,Miscellaneous,Family,Other,Z598xZ2qZkFee,Barcelona,Familia y otros,Visitas Guiadas/Exposiciones,alto
LvZ18Q_U-wZxlWZZvGhRF,Antarctica Experience,2026-05-07,Miscellaneous,Family,Other,Z598xZ2qZkFee,Barcelona,Familia y otros,Visitas Guiadas/Exposiciones,alto
LvZ18Q_U-wZxlWZZvGhRG,Antarctica Experience,2026-05-07,Miscellaneous,Family,Other,Z598xZ2qZkFee,Barcelona,Familia y otros,Visitas Guiadas/Exposiciones,alto
LvZ18Q_U-wZxlWZZvGhRZ,Antarctica Experience,2026-05-07,Miscellaneous,Family,Other,Z598xZ2qZkFee,Barcelona,Familia y otros,Visitas Guiadas/Exposiciones,alto
LvZ18Q_U-wZxlWZZvGhRa,Antarctica Experience,2026-05-07,Miscellaneous,Family,Other,Z598xZ2qZkFee,Barcelona,Familia y otros,Visitas Guiadas/Exposiciones,alto
LvZ18Q_U-wZxlWZZvGhRe,Antarctica Experience,2026-05-07,Miscellaneous,Family,Other,Z598xZ2qZkFee,Barcelona,Familia y otros,Visitas Guiadas/Exposiciones,alto
LvZ18Q_U-wZxlWZZvGhRk,Antarctica Experience,2026-05-07,Miscellaneous,Family,Other,Z598xZ2qZkFee,Barcelona,Familia y otros,Visitas Guiadas/Exposiciones,alto
LvZ18Q_U-wZxlWZZvGhRv,Antarctica Experience,2026-05-07,Miscellaneous,Family,Other,Z598xZ2qZkFee,Barcelona,Familia y otros,Visitas Guiadas/Exposiciones,alto
LvZ18Q_s1OxjMJOZv7w50,Visita Audioguiada Palacio Domecq,2026-05-07,Undefined,,,Z598xZ2qZavF7,Jerez de la Frontera,Familia y otros,Visitas Guiadas/Exposiciones,medio
LvZ18Q_s675Yfv8ZvRshP,Visita Audioguiada Palacio Domecq,2026-05-07,Undefined,,,Z598xZ2qZavF7,Jerez de la Frontera,Familia y otros,Visitas Guiadas/Exposiciones,medio
LvZ18Q_s678ayc8Zv0bBC,Visita Audioguiada Palacio Domecq,2026-05-07,Undefined,,,Z598xZ2qZavF7,Jerez de la Frontera,Familia y otros,Visitas Guiadas/Exposiciones,medio
LvZ18Q_s67C5UHOZvu3ih,Visita Audioguiada Palacio Domecq,2026-05-07,Undefined,,,Z598xZ2qZavF7,Jerez de la Frontera,Familia y otros,Visitas Guiadas/Exposiciones,medio
LvZ18Q_s67QAjOYZvfGZ6,Visita Audioguiada Palacio Domecq,2026-05-07,Undefined,,,Z598xZ2qZavF7,Jerez de la Frontera,Familia y otros,Visitas Guiadas/Exposiciones,medio
LvZ18Q_s67bW3uYZvUxvg,Visita Audioguiada Palacio Domecq,2026-05-07,Undefined,,,Z598xZ2qZavF7,Jerez de la Frontera,Familia y otros,Visitas Guiadas/Exposiciones,medio
LvZ18Q_s67eeVSYZv83xZ,Visita Audioguiada Palacio Domecq,2026-05-07,Undefined,,,Z598xZ2qZavF7,Jerez de la Frontera,Familia y otros,Visitas Guiadas/Exposiciones,medio
LvZ18Q_s67hYfv8ZvRsLH,Visita Audioguiada Palacio Domecq,2026-05-07,Undefined,,,Z598xZ2qZavF7,Jerez de la Frontera,Familia y otros,Visitas Guiadas/Exposiciones,medio
LvZ18Q_s67jvsY8ZvZ_Yo,Visita Audioguiada Palacio Domecq,2026-05-07,Undefined,,,Z598xZ2qZavF7,Jerez de la Frontera,Familia y otros,Visitas Guiadas/Exposiciones,medio
LvZ18Q3HOZOf1kOZvUsm9,Museo Banksy Madrid,2026-05-07,Arts & Theatre,Cultural,Cultural,Z598xZ2qZF111,Madrid,Familia y otros,Visitas Guiadas/Exposiciones,medio
LvZ18Q3HOZOf1kOZvUsmL,Museo Banksy Madrid,2026-05-07,Arts & Theatre,Cultural,Cultural,Z598xZ2qZF111,Madrid,Familia y otros,Visitas Guiadas/Exposiciones,medio
LvZ18Q3HOZOf1kOZvUsmQ,Museo Banksy Madrid,2026-05-07,Arts & Theatre,Cultural,Cultural,Z598xZ2qZF111,Madrid,Familia y otros,Visitas Guiadas/Exposiciones,medio
LvZ18Q3HOZOf1kOZvUsm_,Museo Banksy Madrid,2026-05-07,Arts & Theatre,Cultural,Cultural,Z598xZ2qZF111,Madrid,Familia y otros,Visitas Guiadas/Exposiciones,medio
LvZ18Q3HOZOf1kOZvUsmh,Museo Banksy Madrid,2026-05-07,Arts & Theatre,Cultural,Cultural,Z598xZ2qZF111,Madrid,Familia y otros,Visitas Guiadas/Exposiciones,medio
LvZ18Q3HOZOf1kOZvUsmj,Museo Banksy Madrid,2026-05-07,Arts & Theatre,Cultural,Cultural,Z598xZ2qZF111,Madrid,Familia y otros,Visitas Guiadas/Exposiciones,medio
LvZ18Q3HOZOf1kOZvUsmp,Museo Banksy Madrid,2026-05-07,Arts & Theatre,Cultural,Cultural,Z598xZ2qZF111,Madrid,Familia y otros,Visitas Guiadas/Exposiciones,medio
LvZ18Q3HOZOf1kOZvUsmq,Museo Banksy Madrid,2026-05-07,Arts & Theatre,Cultural,Cultural,Z598xZ2qZF111,Madrid,Familia y otros,Visitas Guiadas/Exposiciones,medio
LvZ18Q3HOZOf1kOZvUsmr,Museo Banksy Madrid,2026-05-07,Arts & Theatre,Cultural,Cultural,Z598xZ2qZF111,Madrid,Familia y otros,Visitas Guiadas/Exposiciones,medio
LvZ18QKTxr84RtOZv8E5b,Museo Banksy Madrid,2026-05-07,Arts & Theatre,Cultural,Cultural,Z598xZ2qZF111,Madrid,Familia y otros,Visitas Guiadas/Exposiciones,medio
LvZ18Qbc8EkDV-ZZv9ocZ,Tablao Flamenco 1911: El Tablao Más Antiguo del Mundo,2026-05-07,Music,World,Flamenco,Z598xZ2qZav1k,Madrid,Música,Flamenco/Rumba,alto
LvZ18Qbc8EkDV-ZZv9oce,Tablao Flamenco 1911: El Tablao Más Antiguo del Mundo,2026-05-07,Music,World,Flamenco,Z598xZ2qZav1k,Madrid,Música,Flamenco/Rumba,alto
LvZ18Qbc8EkDV-ZZv9ocv,Tablao Flamenco 1911: El Tablao Más Antiguo del Mundo,2026-05-07,Music,World,Flamenco,Z598xZ2qZav1k,Madrid,Música,Flamenco/Rumba,alto
LvZ18Qbc8EkDV-ZZv9oiT,Tablao Flamenco 1911: El Tablao Más Antiguo del Mundo,2026-05-07,Music,World,Flamenco,Z598xZ2qZav1k,Madrid,Música,Flamenco/Rumba,alto
LvZ18QbcdqblQFYZvhUKW,DINOLANDIA Y EL BOSQUE ENCANTADO: 2 PARQUES EN UNO,2026-05-07,Miscellaneous,Family,Other,Z598xZ2qZae6F,Madrid,Familia y otros,Parques temáticos,medio
LvZ18QqWUAzB32YZv-fdg,IMPRO IMPAR SHOW,2026-05-07,Undefined,,,Z598xZ2qZavd1,Madrid,Arte y Teatro,Comedia,medio
LvZ18Qr2qfgPRIZZv_8qL,Sesión golfa en Broadway: ¡EL SEXÓLOGO DEL HUMOR!,2026-05-07,Undefined,,,Z598xZ2qZavd1,Madrid,Arte y Teatro,Comedia,medio
LvZ18Qrx-ZAEEfYZvo4w8,"Vespera, cabaret erótico",2026-05-07,Undefined,,,Z598xZ2qZae67,Madrid,Arte y Teatro,Musical,alto
Z698xZ2qZ16evsfop_,ERIC CLAPTON - EUROPEAN TOUR 2026 | VIP Packages,2026-05-07,Music,Rock,Pop,Z598xZ2qZk7ek,Madrid,Música,Pop/Rock,alto
Z698xZ2qZ16voU0SuU,ERIC CLAPTON - EUROPEAN TOUR 2026,2026-05-07,Music,Rock,Pop,Z598xZ2qZk7ek,Madrid,Música,Pop/Rock,alto
LvZ18QrWS3vGu0OZvBFUe,Museo Carmen Thyssen Málaga,2026-05-07,Arts & Theatre,Cultural,Cultural,Z598xZ2qZk76e,Málaga,Familia y otros,Visitas Guiadas/Exposiciones,medio
LvZ18Q_UxpTD1yZZvZs34,Antarctica Experience,2026-05-08,Miscellaneous,Family,Other,Z598xZ2qZkFee,Barcelona,Familia y otros,Visitas Guiadas/Exposiciones,alto
LvZ18Q_UxpTD1yZZvZs39,Antarctica Experience,2026-05-08,Miscellaneous,Family,Other,Z598xZ2qZkFee,Barcelona,Familia y otros,Visitas Guiadas/Exposiciones,alto
LvZ18Q_UxpTD1yZZvZs3K,Antarctica Experience,2026-05-08,Miscellaneous,Family,Other,Z598xZ2qZkFee,Barcelona,Familia y otros,Visitas Guiadas/Exposiciones,alto
LvZ18Q_UxpTD1yZZvZs3L,Antarctica Experience,2026-05-08,Miscellaneous,Family,Other,Z598xZ2qZkFee,Barcelona,Familia y otros,Visitas Guiadas/Exposiciones,alto
LvZ18Q_UxpTD1yZZvZs3Q,Antarctica Experience,2026-05-08,Miscellaneous,Family,Other,Z598xZ2qZkFee,Barcelona,Familia y otros,Visitas Guiadas/Exposiciones,alto
LvZ18Q_UxpTD1yZZvZs3_,Antarctica Experience,2026-05-08,Miscellaneous,Family,Other,Z598xZ2qZkFee,Barcelona,Familia y otros,Visitas Guiadas/Exposiciones,alto
LvZ18Q_UxpTD1yZZvZs3b,Antarctica Experience,2026-05-08,Miscellaneous,Family,Other,Z598xZ2qZkFee,Barcelona,Familia y otros,Visitas Guiadas/Exposiciones,alto
LvZ18Q_UxpTD1yZZvZs3f,Antarctica Experience,2026-05-08,Miscellaneous,Family,Other,Z598xZ2qZkFee,Barcelona,Familia y otros,Visitas Guiadas/Exposiciones,alto
LvZ18Q_UxpTD1yZZvZs3h,Antarctica Experience,2026-05-08,Miscellaneous,Family,Other,Z598xZ2qZkFee,Barcelona,Familia y otros,Visitas Guiadas/Exposiciones,alto
LvZ18Q_UxpTD1yZZvZs3j,Antarctica Experience,2026-05-08,Miscellaneous,Family,Other,Z598xZ2qZkFee,Barcelona,Familia y otros,Visitas Guiadas/Exposiciones,alto
LvZ18Q_UxpTD1yZZvZs3q,Antarctica Experience,2026-05-08,Miscellaneous,Family,Other,Z598xZ2qZkFee,Barcelona,Familia y otros,Visitas Guiadas/Exposiciones,alto
LvZ18Q_UxpTD1yZZvZs3r,Antarctica Experience,2026-05-08,Miscellaneous,Family,Other,Z598xZ2qZkFee,Barcelona,Familia y otros,Visitas Guiadas/Exposiciones,alto
LvZ18Q_s1OxjMJOZv7w5P,Visita Audioguiada Palacio Domecq,2026-05-08,Undefined,,,Z598xZ2qZavF7,Jerez de la Frontera,Familia y otros,Visitas Guiadas/Exposiciones,medio
LvZ18Q_s675Yfv8ZvRshJ,Visita Audioguiada Palacio Domecq,2026-05-08,Undefined,,,Z598xZ2qZavF7,Jerez de la Frontera,Familia y otros,Visitas Guiadas/Exposiciones,medio
LvZ18Q_s678ayc8Zv0bB2,Visita Audioguiada Palacio Domecq,2026-05-08,Undefined,,,Z598xZ2qZavF7,Jerez de la Frontera,Familia y otros,Visitas Guiadas/Exposiciones,medio
LvZ18Q_s67C5UHOZvu3ij,Visita Audioguiada Palacio Domecq,2026-05-08,Undefined,,,Z598xZ2qZavF7,Jerez de la Frontera,Familia y otros,Visitas Guiadas/Exposiciones,medio
LvZ18Q_s67QAjOYZvfGZF,Visita Audioguiada Palacio Domecq,2026-05-08,Undefined,,,Z598xZ2qZavF7,Jerez de la Frontera,Familia y otros,Visitas Guiadas/Exposiciones,medio
LvZ18Q_s67bW3uYZvUxvU,Visita Audioguiada Palacio Domecq,2026-05-08,Undefined,,,Z598xZ2qZavF7,Jerez de la Frontera,Familia y otros,Visitas Guiadas/Exposiciones,medio
LvZ18Q_s67eeVSYZv83xv,Visita Audioguiada Palacio Domecq,2026-05-08,Undefined,,,Z598xZ2qZavF7,Jerez de la Frontera,Familia y otros,Visitas Guiadas/Exposiciones,medio
LvZ18Q_s67hYfv8ZvRsLW,Visita Audioguiada Palacio Domecq,2026-05-08,Undefined,,,Z598xZ2qZavF7,Jerez de la Frontera,Familia y otros,Visitas Guiadas/Exposiciones,medio
LvZ18Q_s67jvsY8ZvZ_Y3,Visita Audioguiada Palacio Domecq,2026-05-08,Undefined,,,Z598xZ2qZavF7,Jerez de la Frontera,Familia y otros,Visitas Guiadas/Exposiciones,medio
LvZ18Q2Iv5dcOzOZiLO-z,Uña Y Carne -  QUE LA RUMBA TE ACOMPAÑE,2026-05-08,Music,World,Flamenco,Z198xZ2qZ7AF,L'Hospitalet de Llobregat,Música,Flamenco/Rumba,medio
LvZ18Q3HOZOf1kOZvUsm-,Museo Banksy Madrid,2026-05-08,Arts & Theatre,Cultural,Cultural,Z598xZ2qZF111,Madrid,Familia y otros,Visitas Guiadas/Exposiciones,medio
LvZ18Q3HOZOf1kOZvUsm0,Museo Banksy Madrid,2026-05-08,Arts & Theatre,Cultural,Cultural,Z598xZ2qZF111,Madrid,Familia y otros,Visitas Guiadas/Exposiciones,medio
LvZ18Q3HOZOf1kOZvUsmE,Museo Banksy Madrid,2026-05-08,Arts & Theatre,Cultural,Cultural,Z598xZ2qZF111,Madrid,Familia y otros,Visitas Guiadas/Exposiciones,medio
LvZ18Q3HOZOf1kOZvUsmI,Museo Banksy Madrid,2026-05-08,Arts & Theatre,Cultural,Cultural,Z598xZ2qZF111,Madrid,Familia y otros,Visitas Guiadas/Exposiciones,medio
LvZ18Q3HOZOf1kOZvUsmJ,Museo Banksy Madrid,2026-05-08,Arts & Theatre,Cultural,Cultural,Z598xZ2qZF111,Madrid,Familia y otros,Visitas Guiadas/Exposiciones,medio
LvZ18Q3HOZOf1kOZvUsmN,Museo Banksy Madrid,2026-05-08,Arts & Theatre,Cultural,Cultural,Z598xZ2qZF111,Madrid,Familia y otros,Visitas Guiadas/Exposiciones,medio
LvZ18Q3HOZOf1kOZvUsmO,Museo Banksy Madrid,2026-05-08,Arts & Theatre,Cultural,Cultural,Z598xZ2qZF111,Madrid,Familia y otros,Visitas Guiadas/Exposiciones,medio
LvZ18Q3HOZOf1kOZvUsmP,Museo Banksy Madrid,2026-05-08,Arts & Theatre,Cultural,Cultural,Z598xZ2qZF111,Madrid,Familia y otros,Visitas Guiadas/Exposiciones,medio
LvZ18Q3HOZOf1kOZvUsmt,Museo Banksy Madrid,2026-05-08,Arts & Theatre,Cultural,Cultural,Z598xZ2qZF111,Madrid,Familia y otros,Visitas Guiadas/Exposiciones,medio
LvZ18QKTxr84RtOZv8E5_,Museo Banksy Madrid,2026-05-08,Arts & Theatre,Cultural,Cultural,Z598xZ2qZF111,Madrid,Familia y otros,Visitas Guiadas/Exposiciones,medio
LvZ18Qbc8EkDV-ZZv9oc7,Tablao Flamenco 1911: El Tablao Más Antiguo del Mundo,2026-05-08,Music,World,Flamenco,Z598xZ2qZav1k,Madrid,Música,Flamenco/Rumba,alto
LvZ18Qbc8EkDV-ZZv9ocA,Tablao Flamenco 1911: El Tablao Más Antiguo del Mundo,2026-05-08,Music,World,Flamenco,Z598xZ2qZav1k,Madrid,Música,Flamenco/Rumba,alto
LvZ18Qbc8EkDV-ZZv9ocd,Tablao Flamenco 1911: El Tablao Más Antiguo del Mundo,2026-05-08,Music,World,Flamenco,Z598xZ2qZav1k,Madrid,Música,Flamenco/Rumba,alto
LvZ18Qbc8EkDV-ZZv9ock,Tablao Flamenco 1911: El Tablao Más Antiguo del Mundo,2026-05-08,Music,World,Flamenco,Z598xZ2qZav1k,Madrid,Música,Flamenco/Rumba,alto
LvZ18QbcdqblQFYZvhUKX,DINOLANDIA Y EL BOSQUE ENCANTADO: 2 PARQUES EN UNO,2026-05-08,Miscellaneous,Family,Other,Z598xZ2qZae6F,Madrid,Familia y otros,Parques temáticos,medio
LvZ18Qr2NukZlbOZv-V2d,Tributo a Luis Miguel: El Sol de México,2026-05-08,Undefined,,,Z598xZ2qZavd1,Madrid,Música,Latin,medio
LvZ18Qr2r172s9YZvhe3V,"Puzzle, el show que te hará cuestionarte la realidad",2026-05-08,Undefined,,,Z598xZ2qZavd1,Madrid,Arte y Teatro,Magia,medio
LvZ18Qr2rIcPWFYZv4hVL,Un paseo por Madrid,2026-05-08,Undefined,,,Z598xZ2qZavd1,Madrid,Arte y Teatro,Musical,medio
LvZ18Qr2rga6LGZZv5pfi,Noche de pitos,2026-05-08,Undefined,,,Z598xZ2qZavd1,Madrid,Arte y Teatro,Comedia,medio
LvZ18QrNZo4VgX8ZvOavV,SABINA Y SERRAT: EL TRIBUTO,2026-05-08,Undefined,,,Z598xZ2qZav77,Madrid,Música,Pop/Rock,medio
LvZ18Qre-zllad8Zvr0Ye,IncoModa de Euge Ruiz,2026-05-08,Undefined,,,Z598xZ2qZav7k,Madrid,Arte y Teatro,Comedia,medio
LvZ18Qre0bLbMiOZv74sg,Canta y Gana Party,2026-05-08,Undefined,,,Z598xZ2qZae67,Madrid,Música,Pop/Rock,medio
LvZ18QreNCxJilOZvH4Ii,La Piruleta Club,2026-05-08,Undefined,,,Z598xZ2qZae67,Madrid,Arte y Teatro,Comedia,medio
LvZ18QrepPixDUZZvohHh,"VESPERA, cabaret erótico",2026-05-08,Undefined,,,Z598xZ2qZavdk,Madrid,Arte y Teatro,Circo,alto
Z698xZ2qZ1kqxAZPb,Fito & Fitipaldis - Aullidos Tour 25/26,2026-05-08,Music,Rock,Pop,Z598xZ2qZk7ek,Madrid,Música,Pop/Rock,medio
LvZ18QrWS3vGu0OZvBFUd,Museo Carmen Thyssen Málaga,2026-05-08,Arts & Theatre,Cultural,Cultural,Z598xZ2qZk76e,Málaga,Familia y otros,Visitas Guiadas/Exposiciones,medio
LvZ18QriznyFDPOZMQ0dO,LA GRAN FIESTA DE LOS 80S 90S,2026-05-09,Music,Pop,Pop Rock,Z598xZ2qZaeFk,Almazora,Música,Pop/Rock,medio
LvZ18Q_Ux91CIa8Zvu6uB,Antarctica Experience,2026-05-09,Miscellaneous,Family,Other,Z598xZ2qZkFee,Barcelona,Familia y otros,Visitas Guiadas/Exposiciones,alto
LvZ18Q_Ux91CIa8Zvu6uD,Antarctica Experience,2026-05-09,Miscellaneous,Family,Other,Z598xZ2qZkFee,Barcelona,Familia y otros,Visitas Guiadas/Exposiciones,alto
LvZ18Q_Ux91CIa8Zvu6uH,Antarctica Experience,2026-05-09,Miscellaneous,Family,Other,Z598xZ2qZkFee,Barcelona,Familia y otros,Visitas Guiadas/Exposiciones,alto
LvZ18Q_Ux91CIa8Zvu6uM,Antarctica Experience,2026-05-09,Miscellaneous,Family,Other,Z598xZ2qZkFee,Barcelona,Familia y otros,Visitas Guiadas/Exposiciones,alto
LvZ18Q_Ux91CIa8Zvu6uR,Antarctica Experience,2026-05-09,Miscellaneous,Family,Other,Z598xZ2qZkFee,Barcelona,Familia y otros,Visitas Guiadas/Exposiciones,alto
LvZ18Q_Ux91CIa8Zvu6uS,Antarctica Experience,2026-05-09,Miscellaneous,Family,Other,Z598xZ2qZkFee,Barcelona,Familia y otros,Visitas Guiadas/Exposiciones,alto
LvZ18Q_Ux91CIa8Zvu6uU,Antarctica Experience,2026-05-09,Miscellaneous,Family,Other,Z598xZ2qZkFee,Barcelona,Familia y otros,Visitas Guiadas/Exposiciones,alto
LvZ18Q_Ux91CIa8Zvu6uV,Antarctica Experience,2026-05-09,Miscellaneous,Family,Other,Z598xZ2qZkFee,Barcelona,Familia y otros,Visitas Guiadas/Exposiciones,alto
LvZ18Q_Ux91CIa8Zvu6uY,Antarctica Experience,2026-05-09,Miscellaneous,Family,Other,Z598xZ2qZkFee,Barcelona,Familia y otros,Visitas Guiadas/Exposiciones,alto
LvZ18Q_Ux91CIa8Zvu6uc,Antarctica Experience,2026-05-09,Miscellaneous,Family,Other,Z598xZ2qZkFee,Barcelona,Familia y otros,Visitas Guiadas/Exposiciones,alto
LvZ18Q_Ux91CIa8Zvu6ug,Antarctica Experience,2026-05-09,Miscellaneous,Family,Other,Z598xZ2qZkFee,Barcelona,Familia y otros,Visitas Guiadas/Exposiciones,alto
LvZ18Q_Ux91CIa8Zvu6ui,Antarctica Experience,2026-05-09,Miscellaneous,Family,Other,Z598xZ2qZkFee,Barcelona,Familia y otros,Visitas Guiadas/Exposiciones,alto
LvZ18Q_Ux91CIa8Zvu6ul,Antarctica Experience,2026-05-09,Miscellaneous,Family,Other,Z598xZ2qZkFee,Barcelona,Familia y otros,Visitas Guiadas/Exposiciones,alto
LvZ18Q_Ux91CIa8Zvu6um,Antarctica Experience,2026-05-09,Miscellaneous,Family,Other,Z598xZ2qZkFee,Barcelona,Familia y otros,Visitas Guiadas/Exposiciones,alto
LvZ18Q_Ux91CIa8Zvu6un,Antarctica Experience,2026-05-09,Miscellaneous,Family,Other,Z598xZ2qZkFee,Barcelona,Familia y otros,Visitas Guiadas/Exposiciones,alto
LvZ18Q_Ux91CIa8Zvu6us,Antarctica Experience,2026-05-09,Miscellaneous,Family,Other,Z598xZ2qZkFee,Barcelona,Familia y otros,Visitas Guiadas/Exposiciones,alto
LvZ18Q_Ux91CIa8Zvu6uw,Antarctica Experience,2026-05-09,Miscellaneous,Family,Other,Z598xZ2qZkFee,Barcelona,Familia y otros,Visitas Guiadas/Exposiciones,alto
LvZ18Q_Ux91CIa8Zvu6uy,Antarctica Experience,2026-05-09,Miscellaneous,Family,Other,Z598xZ2qZkFee,Barcelona,Familia y otros,Visitas Guiadas/Exposiciones,alto
LvZ18Q_Ux91CIa8Zvu6uz,Antarctica Experience,2026-05-09,Miscellaneous,Family,Other,Z598xZ2qZkFee,Barcelona,Familia y otros,Visitas Guiadas/Exposiciones,alto
LvZ18Q_s1OxjMJOZv7w5J,Visita Audioguiada Palacio Domecq,2026-05-09,Undefined,,,Z598xZ2qZavF7,Jerez de la Frontera,Familia y otros,Visitas Guiadas/Exposiciones,medio
LvZ18Q_s675Yfv8ZvRshE,Visita Audioguiada Palacio Domecq,2026-05-09,Undefined,,,Z598xZ2qZavF7,Jerez de la Frontera,Familia y otros,Visitas Guiadas/Exposiciones,medio
LvZ18Q_s678ayc8Zv0bB8,Visita Audioguiada Palacio Domecq,2026-05-09,Undefined,,,Z598xZ2qZavF7,Jerez de la Frontera,Familia y otros,Visitas Guiadas/Exposiciones,medio
LvZ18Q_s67C5UHOZvu3iq,Visita Audioguiada Palacio Domecq,2026-05-09,Undefined,,,Z598xZ2qZavF7,Jerez de la Frontera,Familia y otros,Visitas Guiadas/Exposiciones,medio
LvZ18Q_s67QAjOYZvfGZa,Visita Audioguiada Palacio Domecq,2026-05-09,Undefined,,,Z598xZ2qZavF7,Jerez de la Frontera,Familia y otros,Visitas Guiadas/Exposiciones,medio
LvZ18Q_s67bW3uYZvUxvM,Visita Audioguiada Palacio Domecq,2026-05-09,Undefined,,,Z598xZ2qZavF7,Jerez de la Frontera,Familia y otros,Visitas Guiadas/Exposiciones,medio
LvZ18Q_s67eeVSYZv83xe,Visita Audioguiada Palacio Domecq,2026-05-09,Undefined,,,Z598xZ2qZavF7,Jerez de la Frontera,Familia y otros,Visitas Guiadas/Exposiciones,medio
LvZ18Q_s67hYfv8ZvRsLX,Visita Audioguiada Palacio Domecq,2026-05-09,Undefined,,,Z598xZ2qZavF7,Jerez de la Frontera,Familia y otros,Visitas Guiadas/Exposiciones,medio
LvZ18Q_s67jvsY8ZvZ_YK,Visita Audioguiada Palacio Domecq,2026-05-09,Undefined,,,Z598xZ2qZavF7,Jerez de la Frontera,Familia y otros,Visitas Guiadas/Exposiciones,medio
LvZ18Q3HOZOf1kOZvUsmR,Museo Banksy Madrid,2026-05-09,Arts & Theatre,Cultural,Cultural,Z598xZ2qZF111,Madrid,Familia y otros,Visitas Guiadas/Exposiciones,medio
LvZ18Q3HOZOf1kOZvUsmS,Museo Banksy Madrid,2026-05-09,Arts & Theatre,Cultural,Cultural,Z598xZ2qZF111,Madrid,Familia y otros,Visitas Guiadas/Exposiciones,medio
LvZ18Q3HOZOf1kOZvUsmY,Museo Banksy Madrid,2026-05-09,Arts & Theatre,Cultural,Cultural,Z598xZ2qZF111,Madrid,Familia y otros,Visitas Guiadas/Exposiciones,medio
LvZ18Q3HOZOf1kOZvUsmc,Museo Banksy Madrid,2026-05-09,Arts & Theatre,Cultural,Cultural,Z598xZ2qZF111,Madrid,Familia y otros,Visitas Guiadas/Exposiciones,medio
LvZ18Q3HOZOf1kOZvUsml,Museo Banksy Madrid,2026-05-09,Arts & Theatre,Cultural,Cultural,Z598xZ2qZF111,Madrid,Familia y otros,Visitas Guiadas/Exposiciones,medio
LvZ18Q3HOZOf1kOZvUsmm,Museo Banksy Madrid,2026-05-09,Arts & Theatre,Cultural,Cultural,Z598xZ2qZF111,Madrid,Familia y otros,Visitas Guiadas/Exposiciones,medio
LvZ18Q3HOZOf1kOZvUsmn,Museo Banksy Madrid,2026-05-09,Arts & Theatre,Cultural,Cultural,Z598xZ2qZF111,Madrid,Familia y otros,Visitas Guiadas/Exposiciones,medio
LvZ18Q3HOZOf1kOZvUsms,Museo Banksy Madrid,2026-05-09,Arts & Theatre,Cultural,Cultural,Z598xZ2qZF111,Madrid,Familia y otros,Visitas Guiadas/Exposiciones,medio
LvZ18Q3HOZOf1kOZvUsmw,Museo Banksy Madrid,2026-05-09,Arts & Theatre,Cultural,Cultural,Z598xZ2qZF111,Madrid,Familia y otros,Visitas Guiadas/Exposiciones,medio
LvZ18QKTxr84RtOZv8E5Q,Museo Banksy Madrid,2026-05-09,Arts & Theatre,Cultural,Cultural,Z598xZ2qZF111,Madrid,Familia y otros,Visitas Guiadas/Exposiciones,medio
LvZ18Qbc8EkDV-ZZv9oc1,Tablao Flamenco 1911: El Tablao Más Antiguo del Mundo,2026-05-09,Music,World,Flamenco,Z598xZ2qZav1k,Madrid,Música,Flamenco/Rumba,alto
LvZ18Qbc8EkDV-ZZv9oc6,Tablao Flamenco 1911: El Tablao Más Antiguo del Mundo,2026-05-09,Music,World,Flamenco,Z598xZ2qZav1k,Madrid,Música,Flamenco/Rumba,alto
LvZ18Qbc8EkDV-ZZv9ocF,Tablao Flamenco 1911: El Tablao Más Antiguo del Mundo,2026-05-09,Music,World,Flamenco,Z598xZ2qZav1k,Madrid,Música,Flamenco/Rumba,alto
LvZ18Qbc8EkDV-ZZv9oca,Tablao Flamenco 1911: El Tablao Más Antiguo del Mundo,2026-05-09,Music,World,Flamenco,Z598xZ2qZav1k,Madrid,Música,Flamenco/Rumba,alto
LvZ18QbsfmnwCUOZvlWCd,DINOLANDIA Y EL BOSQUE ENCANTADO: 2 PARQUES EN UNO,2026-05-09,Miscellaneous,Family,Other,Z598xZ2qZae6F,Madrid,Familia y otros,Parques temáticos,medio
LvZ18QjmSzi54iOZvPzCc,EL GRAN BINGO DRAG,2026-05-09,Undefined,,,Z598xZ2qZav77,Madrid,Arte y Teatro,Comedia,medio
LvZ18Qr-HXEQvpZZvgebm,BIENVENIDOS A LOS 80,2026-05-09,Undefined,,,Z598xZ2qZav77,Madrid,Música,Pop/Rock,medio
LvZ18Qr2L6Eo8xZZvoOff,El psicólogo del Humor,2026-05-09,Undefined,,,Z598xZ2qZavd1,Madrid,Arte y Teatro,Comedia,medio
LvZ18Qr2Lp02s9YZvheKt,¡A todo ritmo! Una comedia musical,2026-05-09,Undefined,,,Z598xZ2qZavd1,Madrid,Arte y Teatro,Musical,medio
LvZ18Qr2Lx72s9YZvhefA,Noche de coños,2026-05-09,Undefined,,,Z598xZ2qZavd1,Madrid,Arte y Teatro,Comedia,medio
LvZ18Qr2z1zZgLZZv_hcy,Rumi en concierto,2026-05-09,Undefined,,,Z598xZ2qZavd1,Madrid,Música,Pop/Rock,medio
LvZ18QreIEUUpqZZvviP5,NI AUNQUE LA MUERTE NOS SEPARE,2026-05-09,Undefined,,,Z598xZ2qZae67,Madrid,Arte y Teatro,Comedia,medio
LvZ18QreJ2AOpcYZvRq6s,"Radio Fórmula, la fiesta con los éxitos de los 60 a 00",2026-05-09,Undefined,,,Z598xZ2qZav7k,Madrid,Música,Pop/Rock,medio
LvZ18QrePr6UIOOZvzrl9,CANTA BINGO,2026-05-09,Undefined,,,Z598xZ2qZav7k,Madrid,Música,Pop/Rock,medio
LvZ18QrehnpUpqZZvvifM,"Extasis, Erotic Cabaret Show",2026-05-09,Undefined,,,Z598xZ2qZavdk,Madrid,Arte y Teatro,Ballet/Danza,alto
LvZ18QrepPixDUZZvohHj,"VESPERA, cabaret erótico",2026-05-09,Undefined,,,Z598xZ2qZavdk,Madrid,Arte y Teatro,Circo,alto
LvZ18QrxNF71rOOZv7Iim,Hotel Deseo,2026-05-09,Undefined,,,Z598xZ2qZae67,Madrid,Arte y Teatro,Musical,medio
Z698xZ2qZ1k7N8w_x,Fito & Fitipaldis - Aullidos Tour 25/26,2026-05-09,Music,Rock,Pop,Z598xZ2qZk7ek,Madrid,Música,Pop/Rock,medio
LvZ18QrWS3vGu0OZvBFU7,Museo Carmen Thyssen Málaga,2026-05-09,Arts & Theatre,Cultural,Cultural,Z598xZ2qZk76e,Málaga,Familia y otros,Visitas Guiadas/Exposiciones,medio
Z698xZ2qZ1kFaf3bs,Final del Concurs de DJs al Vida BBQ,2026-05-09,Music,Alternative,Alternative Rock,Z598xZ2qZeF7k,Vilanova i la Geltrú,Música,Indie/Alternativo,medio
LvZ18Q2Idjo2ibOZlwFlw,Uña Y Carne -  QUE LA RUMBA TE ACOMPAÑE,2026-05-09,Music,World,Flamenco,Z598xZ2qZke6e,Zaragoza,Música,Flamenco/Rumba,medio
LvZ18Q_Ux9MkT9ZZvwbK-,Antarctica Experience,2026-05-10,Miscellaneous,Family,Other,Z598xZ2qZkFee,Barcelona,Familia y otros,Visitas Guiadas/Exposiciones,alto
LvZ18Q_Ux9MkT9ZZvwbK0,Antarctica Experience,2026-05-10,Miscellaneous,Family,Other,Z598xZ2qZkFee,Barcelona,Familia y otros,Visitas Guiadas/Exposiciones,alto
LvZ18Q_Ux9MkT9ZZvwbK4,Antarctica Experience,2026-05-10,Miscellaneous,Family,Other,Z598xZ2qZkFee,Barcelona,Familia y otros,Visitas Guiadas/Exposiciones,alto
LvZ18Q_Ux9MkT9ZZvwbK9,Antarctica Experience,2026-05-10,Miscellaneous,Family,Other,Z598xZ2qZkFee,Barcelona,Familia y otros,Visitas Guiadas/Exposiciones,alto
LvZ18Q_Ux9MkT9ZZvwbKE,Antarctica Experience,2026-05-10,Miscellaneous,Family,Other,Z598xZ2qZkFee,Barcelona,Familia y otros,Visitas Guiadas/Exposiciones,alto
LvZ18Q_Ux9MkT9ZZvwbKJ,Antarctica Experience,2026-05-10,Miscellaneous,Family,Other,Z598xZ2qZkFee,Barcelona,Familia y otros,Visitas Guiadas/Exposiciones,alto
LvZ18Q_Ux9MkT9ZZvwbKL,Antarctica Experience,2026-05-10,Miscellaneous,Family,Other,Z598xZ2qZkFee,Barcelona,Familia y otros,Visitas Guiadas/Exposiciones,alto
LvZ18Q_Ux9MkT9ZZvwbKN,Antarctica Experience,2026-05-10,Miscellaneous,Family,Other,Z598xZ2qZkFee,Barcelona,Familia y otros,Visitas Guiadas/Exposiciones,alto
LvZ18Q_Ux9MkT9ZZvwbKO,Antarctica Experience,2026-05-10,Miscellaneous,Family,Other,Z598xZ2qZkFee,Barcelona,Familia y otros,Visitas Guiadas/Exposiciones,alto
LvZ18Q_Ux9MkT9ZZvwbKP,Antarctica Experience,2026-05-10,Miscellaneous,Family,Other,Z598xZ2qZkFee,Barcelona,Familia y otros,Visitas Guiadas/Exposiciones,alto
LvZ18Q_Ux9MkT9ZZvwbKQ,Antarctica Experience,2026-05-10,Miscellaneous,Family,Other,Z598xZ2qZkFee,Barcelona,Familia y otros,Visitas Guiadas/Exposiciones,alto
LvZ18Q_Ux9MkT9ZZvwbK_,Antarctica Experience,2026-05-10,Miscellaneous,Family,Other,Z598xZ2qZkFee,Barcelona,Familia y otros,Visitas Guiadas/Exposiciones,alto
LvZ18Q_Ux9MkT9ZZvwbKb,Antarctica Experience,2026-05-10,Miscellaneous,Family,Other,Z598xZ2qZkFee,Barcelona,Familia y otros,Visitas Guiadas/Exposiciones,alto
LvZ18Q_Ux9MkT9ZZvwbKf,Antarctica Experience,2026-05-10,Miscellaneous,Family,Other,Z598xZ2qZkFee,Barcelona,Familia y otros,Visitas Guiadas/Exposiciones,alto
LvZ18Q_Ux9MkT9ZZvwbKh,Antarctica Experience,2026-05-10,Miscellaneous,Family,Other,Z598xZ2qZkFee,Barcelona,Familia y otros,Visitas Guiadas/Exposiciones,alto
LvZ18Q_Ux9MkT9ZZvwbKj,Antarctica Experience,2026-05-10,Miscellaneous,Family,Other,Z598xZ2qZkFee,Barcelona,Familia y otros,Visitas Guiadas/Exposiciones,alto
LvZ18Q_Ux9MkT9ZZvwbKp,Antarctica Experience,2026-05-10,Miscellaneous,Family,Other,Z598xZ2qZkFee,Barcelona,Familia y otros,Visitas Guiadas/Exposiciones,alto
LvZ18Q_Ux9MkT9ZZvwbKq,Antarctica Experience,2026-05-10,Miscellaneous,Family,Other,Z598xZ2qZkFee,Barcelona,Familia y otros,Visitas Guiadas/Exposiciones,alto
LvZ18Q_Ux9MkT9ZZvwbKr,Antarctica Experience,2026-05-10,Miscellaneous,Family,Other,Z598xZ2qZkFee,Barcelona,Familia y otros,Visitas Guiadas/Exposiciones,alto
LvZ18Q_Ux9MkT9ZZvwbKx,Antarctica Experience,2026-05-10,Miscellaneous,Family,Other,Z598xZ2qZkFee,Barcelona,Familia y otros,Visitas Guiadas/Exposiciones,alto
Z698xZ2qZ1k-f4V7k,ERIC CLAPTON - EUROPEAN TOUR 2026,2026-05-10,Music,Rock,Pop,Z598xZ2qZe6d7,Barcelona,Música,Pop/Rock,alto
Z698xZ2qZ1kCoroa9,ERIC CLAPTON - EUROPEAN TOUR 2026 | VIP Packages,2026-05-10,Music,Rock,Pop,Z598xZ2qZe6d7,Barcelona,Música,Pop/Rock,alto
LvZ18Q_s678ayc8Zv0bBo,Visita Audioguiada Palacio Domecq,2026-05-10,Undefined,,,Z598xZ2qZavF7,Jerez de la Frontera,Familia y otros,Visitas Guiadas/Exposiciones,medio
LvZ18Q_s67C5UHOZvu3ir,Visita Audioguiada Palacio Domecq,2026-05-10,Undefined,,,Z598xZ2qZavF7,Jerez de la Frontera,Familia y otros,Visitas Guiadas/Exposiciones,medio
LvZ18Q_s67eeVSYZv83xd,Visita Audioguiada Palacio Domecq,2026-05-10,Undefined,,,Z598xZ2qZavF7,Jerez de la Frontera,Familia y otros,Visitas Guiadas/Exposiciones,medio
LvZ18Q3HOZOf1kOZvUsmB,Museo Banksy Madrid,2026-05-10,Arts & Theatre,Cultural,Cultural,Z598xZ2qZF111,Madrid,Familia y otros,Visitas Guiadas/Exposiciones,medio
LvZ18Q3HOZOf1kOZvUsmD,Museo Banksy Madrid,2026-05-10,Arts & Theatre,Cultural,Cultural,Z598xZ2qZF111,Madrid,Familia y otros,Visitas Guiadas/Exposiciones,medio
LvZ18Q3HOZOf1kOZvUsmH,Museo Banksy Madrid,2026-05-10,Arts & Theatre,Cultural,Cultural,Z598xZ2qZF111,Madrid,Familia y otros,Visitas Guiadas/Exposiciones,medio
LvZ18Q3HOZOf1kOZvUsmM,Museo Banksy Madrid,2026-05-10,Arts & Theatre,Cultural,Cultural,Z598xZ2qZF111,Madrid,Familia y otros,Visitas Guiadas/Exposiciones,medio
LvZ18Q3HOZOf1kOZvUsmV,Museo Banksy Madrid,2026-05-10,Arts & Theatre,Cultural,Cultural,Z598xZ2qZF111,Madrid,Familia y otros,Visitas Guiadas/Exposiciones,medio
LvZ18Q3HOZOf1kOZvUsmW,Museo Banksy Madrid,2026-05-10,Arts & Theatre,Cultural,Cultural,Z598xZ2qZF111,Madrid,Familia y otros,Visitas Guiadas/Exposiciones,medio
LvZ18Q3HOZOf1kOZvUsmg,Museo Banksy Madrid,2026-05-10,Arts & Theatre,Cultural,Cultural,Z598xZ2qZF111,Madrid,Familia y otros,Visitas Guiadas/Exposiciones,medio
LvZ18Q3HOZOf1kOZvUsmy,Museo Banksy Madrid,2026-05-10,Arts & Theatre,Cultural,Cultural,Z598xZ2qZF111,Madrid,Familia y otros,Visitas Guiadas/Exposiciones,medio
LvZ18Q3HOZOf1kOZvUsmz,Museo Banksy Madrid,2026-05-10,Arts & Theatre,Cultural,Cultural,Z598xZ2qZF111,Madrid,Familia y otros,Visitas Guiadas/Exposiciones,medio
LvZ18QKTxr84RtOZv8E5h,Museo Banksy Madrid,2026-05-10,Arts & Theatre,Cultural,Cultural,Z598xZ2qZF111,Madrid,Familia y otros,Visitas Guiadas/Exposiciones,medio
LvZ18Qbc8EkDV-ZZv9oc5,Tablao Flamenco 1911: El Tablao Más Antiguo del Mundo,2026-05-10,Music,World,Flamenco,Z598xZ2qZav1k,Madrid,Música,Flamenco/Rumba,alto
LvZ18Qbc8EkDV-ZZv9ocC,Tablao Flamenco 1911: El Tablao Más Antiguo del Mundo,2026-05-10,Music,World,Flamenco,Z598xZ2qZav1k,Madrid,Música,Flamenco/Rumba,alto
LvZ18Qbc8EkDV-ZZv9ocG,Tablao Flamenco 1911: El Tablao Más Antiguo del Mundo,2026-05-10,Music,World,Flamenco,Z598xZ2qZav1k,Madrid,Música,Flamenco/Rumba,alto
LvZ18Qbc8EkDV-ZZv9ocu,Tablao Flamenco 1911: El Tablao Más Antiguo del Mundo,2026-05-10,Music,World,Flamenco,Z598xZ2qZav1k,Madrid,Música,Flamenco/Rumba,alto
LvZ18QbsfmnwCUOZvlWC7,DINOLANDIA Y EL BOSQUE ENCANTADO: 2 PARQUES EN UNO,2026-05-10,Miscellaneous,Family,Other,Z598xZ2qZae6F,Madrid,Familia y otros,Parques temáticos,medio
LvZ18Qr2W-pZlbOZv-Vmy,"New York, New York... Los éxitos de Broadway",2026-05-10,Undefined,,,Z598xZ2qZavd1,Madrid,Arte y Teatro,Musical,medio
LvZ18Qr2Wgf2s9YZvheiI,A ritmo de copla,2026-05-10,Undefined,,,Z598xZ2qZavd1,Madrid,Música,Flamenco/Rumba,medio
LvZ18QrHqIzRi18Z0Uxsd,CLÁSICOS DISNEY,2026-05-10,Undefined,,,Z598xZ2qZdevF,Madrid,Arte y Teatro,Musical,medio
LvZ18Qrb34azfc8Zvns_C,De Motomami a LUX: tributo a Rosalía,2026-05-10,Undefined,,,Z598xZ2qZavd1,Madrid,Música,Pop/Rock,medio
LvZ18QrepPixDUZZvohHq,"VESPERA, cabaret erótico",2026-05-10,Undefined,,,Z598xZ2qZavdk,Madrid,Arte y Teatro,Circo,alto
LvZ18Qreqs3P5DZZvmkD6,Servicio de habitaciones,2026-05-10,Undefined,,,Z598xZ2qZavdk,Madrid,Arte y Teatro,Comedia,medio
LvZ18QrxLBKl-38ZvgQcE,Las chicas de oro: Un tributo a una época dorada,2026-05-10,Undefined,,,Z598xZ2qZae67,Madrid,Música,Pop/Rock,medio
LvZ18Qrx_GPvtlOZvKloa,La Voz de Nueva York,2026-05-10,Undefined,,,Z598xZ2qZae67,Madrid,Música,Jazz/Blues,alto
LvZ18Qrxr7V1rOOZv7InT,"Aitana, el tributo",2026-05-10,Undefined,,,Z598xZ2qZae67,Madrid,Música,Pop/Rock,medio
LvZ18QrWS3vGu0OZvBFU9,Museo Carmen Thyssen Málaga,2026-05-10,Arts & Theatre,Cultural,Cultural,Z598xZ2qZk76e,Málaga,Familia y otros,Visitas Guiadas/Exposiciones,medio
LvZ18Q3HOZOf1kOZvUsR6,Museo Banksy Madrid,2026-05-11,Arts & Theatre,Cultural,Cultural,Z598xZ2qZF111,Madrid,Familia y otros,Visitas Guiadas/Exposiciones,medio
LvZ18Q3HOZOf1kOZvUsR7,Museo Banksy Madrid,2026-05-11,Arts & Theatre,Cultural,Cultural,Z598xZ2qZF111,Madrid,Familia y otros,Visitas Guiadas/Exposiciones,medio
LvZ18Q3HOZOf1kOZvUsRA,Museo Banksy Madrid,2026-05-11,Arts & Theatre,Cultural,Cultural,Z598xZ2qZF111,Madrid,Familia y otros,Visitas Guiadas/Exposiciones,medio
LvZ18Q3HOZOf1kOZvUsRd,Museo Banksy Madrid,2026-05-11,Arts & Theatre,Cultural,Cultural,Z598xZ2qZF111,Madrid,Familia y otros,Visitas Guiadas/Exposiciones,medio
LvZ18Q3HOZOf1kOZvUsRe,Museo Banksy Madrid,2026-05-11,Arts & Theatre,Cultural,Cultural,Z598xZ2qZF111,Madrid,Familia y otros,Visitas Guiadas/Exposiciones,medio
LvZ18Q3HOZOf1kOZvUsRk,Museo Banksy Madrid,2026-05-11,Arts & Theatre,Cultural,Cultural,Z598xZ2qZF111,Madrid,Familia y otros,Visitas Guiadas/Exposiciones,medio
LvZ18Q3HOZOf1kOZvUsRv,Museo Banksy Madrid,2026-05-11,Arts & Theatre,Cultural,Cultural,Z598xZ2qZF111,Madrid,Familia y otros,Visitas Guiadas/Exposiciones,medio
LvZ18Q3HOZOf1kOZvUsmT,Museo Banksy Madrid,2026-05-11,Arts & Theatre,Cultural,Cultural,Z598xZ2qZF111,Madrid,Familia y otros,Visitas Guiadas/Exposiciones,medio
LvZ18Q3HOZOf1kOZvUsmX,Museo Banksy Madrid,2026-05-11,Arts & Theatre,Cultural,Cultural,Z598xZ2qZF111,Madrid,Familia y otros,Visitas Guiadas/Exposiciones,medio
LvZ18QKTxr84RtOZv8E5j,Museo Banksy Madrid,2026-05-11,Arts & Theatre,Cultural,Cultural,Z598xZ2qZF111,Madrid,Familia y otros,Visitas Guiadas/Exposiciones,medio
LvZ18Qbc8EkDV-ZZv9oc2,Tablao Flamenco 1911: El Tablao Más Antiguo del Mundo,2026-05-11,Music,World,Flamenco,Z598xZ2qZav1k,Madrid,Música,Flamenco/Rumba,alto
LvZ18Qbc8EkDV-ZZv9oc3,Tablao Flamenco 1911: El Tablao Más Antiguo del Mundo,2026-05-11,Music,World,Flamenco,Z598xZ2qZav1k,Madrid,Música,Flamenco/Rumba,alto
LvZ18Qbc8EkDV-ZZv9oc8,Tablao Flamenco 1911: El Tablao Más Antiguo del Mundo,2026-05-11,Music,World,Flamenco,Z598xZ2qZav1k,Madrid,Música,Flamenco/Rumba,alto
LvZ18Qbc8EkDV-ZZv9oco,Tablao Flamenco 1911: El Tablao Más Antiguo del Mundo,2026-05-11,Music,World,Flamenco,Z598xZ2qZav1k,Madrid,Música,Flamenco/Rumba,alto
LvZ18QbcdqblQFYZvhUfv,DINOLANDIA Y EL BOSQUE ENCANTADO: 2 PARQUES EN UNO,2026-05-11,Miscellaneous,Family,Other,Z598xZ2qZae6F,Madrid,Familia y otros,Parques temáticos,medio
LvZ18QremPav5o8Zvpx_J,RANCHERAS Y BOLEROS DEL ALMA ENTRE COPAS Y SUSPIROS,2026-05-11,Undefined,,,Z598xZ2qZae67,Madrid,Música,Latin,medio
Z698xZ2qZ16vvv77Fx,Arcángel - La 8va Maravilla World Tour 20 Aniversario | VIP Packages,2026-05-11,Music,Latin,Latin,Z598xZ2qZk7ek,Madrid,Música,Latin,alto
Z698xZ2qZ1kuaaFZ7,Arcángel - La 8va Maravilla World Tour 20 Aniversario,2026-05-11,Music,Latin,Latin,Z598xZ2qZk7ek,Madrid,Música,Latin,alto
LvZ18Q_UxbZJU0OZvVEE-,Antarctica Experience,2026-05-12,Miscellaneous,Family,Other,Z598xZ2qZkFee,Barcelona,Familia y otros,Visitas Guiadas/Exposiciones,alto
LvZ18Q_UxbZJU0OZvVEE0,Antarctica Experience,2026-05-12,Miscellaneous,Family,Other,Z598xZ2qZkFee,Barcelona,Familia y otros,Visitas Guiadas/Exposiciones,alto
LvZ18Q_UxbZJU0OZvVEEE,Antarctica Experience,2026-05-12,Miscellaneous,Family,Other,Z598xZ2qZkFee,Barcelona,Familia y otros,Visitas Guiadas/Exposiciones,alto
LvZ18Q_UxbZJU0OZvVEEI,Antarctica Experience,2026-05-12,Miscellaneous,Family,Other,Z598xZ2qZkFee,Barcelona,Familia y otros,Visitas Guiadas/Exposiciones,alto
LvZ18Q_UxbZJU0OZvVEEJ,Antarctica Experience,2026-05-12,Miscellaneous,Family,Other,Z598xZ2qZkFee,Barcelona,Familia y otros,Visitas Guiadas/Exposiciones,alto
LvZ18Q_UxbZJU0OZvVEEO,Antarctica Experience,2026-05-12,Miscellaneous,Family,Other,Z598xZ2qZkFee,Barcelona,Familia y otros,Visitas Guiadas/Exposiciones,alto
LvZ18Q_UxbZJU0OZvVEEP,Antarctica Experience,2026-05-12,Miscellaneous,Family,Other,Z598xZ2qZkFee,Barcelona,Familia y otros,Visitas Guiadas/Exposiciones,alto
LvZ18Q_UxbZJU0OZvVEEi,Antarctica Experience,2026-05-12,Miscellaneous,Family,Other,Z598xZ2qZkFee,Barcelona,Familia y otros,Visitas Guiadas/Exposiciones,alto
LvZ18Q_UxbZJU0OZvVEEl,Antarctica Experience,2026-05-12,Miscellaneous,Family,Other,Z598xZ2qZkFee,Barcelona,Familia y otros,Visitas Guiadas/Exposiciones,alto
LvZ18Q_UxbZJU0OZvVEEn,Antarctica Experience,2026-05-12,Miscellaneous,Family,Other,Z598xZ2qZkFee,Barcelona,Familia y otros,Visitas Guiadas/Exposiciones,alto
LvZ18Q_UxbZJU0OZvVEEt,Antarctica Experience,2026-05-12,Miscellaneous,Family,Other,Z598xZ2qZkFee,Barcelona,Familia y otros,Visitas Guiadas/Exposiciones,alto
LvZ18Q_UxbZJU0OZvVEEx,Antarctica Experience,2026-05-12,Miscellaneous,Family,Other,Z598xZ2qZkFee,Barcelona,Familia y otros,Visitas Guiadas/Exposiciones,alto
Z698xZ2qZ16v-V-_0e,TWICE [THIS IS FOR] WORLD TOUR IN BARCELONA | VIP Packages,2026-05-12,Music,Rock,Pop,Z598xZ2qZe6d7,Barcelona,Música,Pop/Rock,alto
Z698xZ2qZ1kfECKbo,TWICE [THIS IS FOR] WORLD TOUR IN BARCELONA,2026-05-12,Music,Rock,Pop,Z598xZ2qZe6d7,Barcelona,Música,Pop/Rock,alto
LvZ18Q_s1OxjMJOZv7w5E,Visita Audioguiada Palacio Domecq,2026-05-12,Undefined,,,Z598xZ2qZavF7,Jerez de la Frontera,Familia y otros,Visitas Guiadas/Exposiciones,medio
LvZ18Q_s675Yfv8ZvRsht,Visita Audioguiada Palacio Domecq,2026-05-12,Undefined,,,Z598xZ2qZavF7,Jerez de la Frontera,Familia y otros,Visitas Guiadas/Exposiciones,medio
LvZ18Q_s678ayc8Zv0bB3,Visita Audioguiada Palacio Domecq,2026-05-12,Undefined,,,Z598xZ2qZavF7,Jerez de la Frontera,Familia y otros,Visitas Guiadas/Exposiciones,medio
LvZ18Q_s67C5UHOZvu3iL,Visita Audioguiada Palacio Domecq,2026-05-12,Undefined,,,Z598xZ2qZavF7,Jerez de la Frontera,Familia y otros,Visitas Guiadas/Exposiciones,medio
LvZ18Q_s67QAjOYZvfGZ1,Visita Audioguiada Palacio Domecq,2026-05-12,Undefined,,,Z598xZ2qZavF7,Jerez de la Frontera,Familia y otros,Visitas Guiadas/Exposiciones,medio
LvZ18Q_s67bW3uYZvUxvz,Visita Audioguiada Palacio Domecq,2026-05-12,Undefined,,,Z598xZ2qZavF7,Jerez de la Frontera,Familia y otros,Visitas Guiadas/Exposiciones,medio
LvZ18Q_s67eeVSYZv83x7,Visita Audioguiada Palacio Domecq,2026-05-12,Undefined,,,Z598xZ2qZavF7,Jerez de la Frontera,Familia y otros,Visitas Guiadas/Exposiciones,medio
LvZ18Q_s67hYfv8ZvRsLT,Visita Audioguiada Palacio Domecq,2026-05-12,Undefined,,,Z598xZ2qZavF7,Jerez de la Frontera,Familia y otros,Visitas Guiadas/Exposiciones,medio
LvZ18Q_s67jvsY8ZvZ_Yf,Visita Audioguiada Palacio Domecq,2026-05-12,Undefined,,,Z598xZ2qZavF7,Jerez de la Frontera,Familia y otros,Visitas Guiadas/Exposiciones,medio
LvZ18Q3HOZOf1kOZvUsR2,Museo Banksy Madrid,2026-05-12,Arts & Theatre,Cultural,Cultural,Z598xZ2qZF111,Madrid,Familia y otros,Visitas Guiadas/Exposiciones,medio
LvZ18Q3HOZOf1kOZvUsR5,Museo Banksy Madrid,2026-05-12,Arts & Theatre,Cultural,Cultural,Z598xZ2qZF111,Madrid,Familia y otros,Visitas Guiadas/Exposiciones,medio
LvZ18Q3HOZOf1kOZvUsR8,Museo Banksy Madrid,2026-05-12,Arts & Theatre,Cultural,Cultural,Z598xZ2qZF111,Madrid,Familia y otros,Visitas Guiadas/Exposiciones,medio
LvZ18Q3HOZOf1kOZvUsRC,Museo Banksy Madrid,2026-05-12,Arts & Theatre,Cultural,Cultural,Z598xZ2qZF111,Madrid,Familia y otros,Visitas Guiadas/Exposiciones,medio
LvZ18Q3HOZOf1kOZvUsRF,Museo Banksy Madrid,2026-05-12,Arts & Theatre,Cultural,Cultural,Z598xZ2qZF111,Madrid,Familia y otros,Visitas Guiadas/Exposiciones,medio
LvZ18Q3HOZOf1kOZvUsRG,Museo Banksy Madrid,2026-05-12,Arts & Theatre,Cultural,Cultural,Z598xZ2qZF111,Madrid,Familia y otros,Visitas Guiadas/Exposiciones,medio
LvZ18Q3HOZOf1kOZvUsRa,Museo Banksy Madrid,2026-05-12,Arts & Theatre,Cultural,Cultural,Z598xZ2qZF111,Madrid,Familia y otros,Visitas Guiadas/Exposiciones,medio
LvZ18Q3HOZOf1kOZvUsRo,Museo Banksy Madrid,2026-05-12,Arts & Theatre,Cultural,Cultural,Z598xZ2qZF111,Madrid,Familia y otros,Visitas Guiadas/Exposiciones,medio
LvZ18Q3HOZOf1kOZvUsRu,Museo Banksy Madrid,2026-05-12,Arts & Theatre,Cultural,Cultural,Z598xZ2qZF111,Madrid,Familia y otros,Visitas Guiadas/Exposiciones,medio
LvZ18QKTxr84RtOZv8E5q,Museo Banksy Madrid,2026-05-12,Arts & Theatre,Cultural,Cultural,Z598xZ2qZF111,Madrid,Familia y otros,Visitas Guiadas/Exposiciones,medio
LvZ18QL6l-lew9OZv0SQK,Legado del Mediterráneo: Tributo a Nino Bravo y Camilo Sesto,2026-05-12,Undefined,,,Z598xZ2qZae67,Madrid,Música,Pop/Rock,medio
LvZ18Qbc8EkDV-ZZv9oc4,Tablao Flamenco 1911: El Tablao Más Antiguo del Mundo,2026-05-12,Music,World,Flamenco,Z598xZ2qZav1k,Madrid,Música,Flamenco/Rumba,alto
LvZ18Qbc8EkDV-ZZv9ocK,Tablao Flamenco 1911: El Tablao Más Antiguo del Mundo,2026-05-12,Music,World,Flamenco,Z598xZ2qZav1k,Madrid,Música,Flamenco/Rumba,alto
LvZ18Qbc8EkDV-ZZv9ocf,Tablao Flamenco 1911: El Tablao Más Antiguo del Mundo,2026-05-12,Music,World,Flamenco,Z598xZ2qZav1k,Madrid,Música,Flamenco/Rumba,alto
LvZ18Qbc8EkDV-ZZv9ocp,Tablao Flamenco 1911: El Tablao Más Antiguo del Mundo,2026-05-12,Music,World,Flamenco,Z598xZ2qZav1k,Madrid,Música,Flamenco/Rumba,alto
LvZ18QbcdqblQFYZvhUfe,DINOLANDIA Y EL BOSQUE ENCANTADO: 2 PARQUES EN UNO,2026-05-12,Miscellaneous,Family,Other,Z598xZ2qZae6F,Madrid,Familia y otros,Parques temáticos,medio
LvZ18QrxQb8Dy3ZZvpRR4,Tarot Comedy,2026-05-12,Undefined,,,Z598xZ2qZae67,Madrid,Arte y Teatro,Comedia,medio
LvZ18QrWS3vGu0OZvBFUA,Museo Carmen Thyssen Málaga,2026-05-12,Undefined,,,Z598xZ2qZk76e,Málaga,Familia y otros,Visitas Guiadas/Exposiciones,medio
LvZ18Q_gT3GpfgYZvOSK2,Antarctica Experience,2026-05-13,Miscellaneous,Family,Other,Z598xZ2qZkFee,Barcelona,Familia y otros,Visitas Guiadas/Exposiciones,alto
LvZ18Q_gT3GpfgYZvOSK3,Antarctica Experience,2026-05-13,Miscellaneous,Family,Other,Z598xZ2qZkFee,Barcelona,Familia y otros,Visitas Guiadas/Exposiciones,alto
LvZ18Q_gT3GpfgYZvOSK6,Antarctica Experience,2026-05-13,Miscellaneous,Family,Other,Z598xZ2qZkFee,Barcelona,Familia y otros,Visitas Guiadas/Exposiciones,alto
LvZ18Q_gT3GpfgYZvOSK8,Antarctica Experience,2026-05-13,Miscellaneous,Family,Other,Z598xZ2qZkFee,Barcelona,Familia y otros,Visitas Guiadas/Exposiciones,alto
LvZ18Q_gT3GpfgYZvOSKA,Antarctica Experience,2026-05-13,Miscellaneous,Family,Other,Z598xZ2qZkFee,Barcelona,Familia y otros,Visitas Guiadas/Exposiciones,alto
LvZ18Q_gT3GpfgYZvOSKC,Antarctica Experience,2026-05-13,Miscellaneous,Family,Other,Z598xZ2qZkFee,Barcelona,Familia y otros,Visitas Guiadas/Exposiciones,alto
LvZ18Q_gT3GpfgYZvOSKK,Antarctica Experience,2026-05-13,Miscellaneous,Family,Other,Z598xZ2qZkFee,Barcelona,Familia y otros,Visitas Guiadas/Exposiciones,alto
LvZ18Q_gT3GpfgYZvOSKf,Antarctica Experience,2026-05-13,Miscellaneous,Family,Other,Z598xZ2qZkFee,Barcelona,Familia y otros,Visitas Guiadas/Exposiciones,alto
LvZ18Q_gT3GpfgYZvOSKk,Antarctica Experience,2026-05-13,Miscellaneous,Family,Other,Z598xZ2qZkFee,Barcelona,Familia y otros,Visitas Guiadas/Exposiciones,alto
LvZ18Q_gT3GpfgYZvOSKo,Antarctica Experience,2026-05-13,Miscellaneous,Family,Other,Z598xZ2qZkFee,Barcelona,Familia y otros,Visitas Guiadas/Exposiciones,alto
LvZ18Q_gT3GpfgYZvOSKu,Antarctica Experience,2026-05-13,Miscellaneous,Family,Other,Z598xZ2qZkFee,Barcelona,Familia y otros,Visitas Guiadas/Exposiciones,alto
Z698xZ2qZ16v4gP64M,Arcángel - La 8va Maravilla World Tour 20 Aniversario,2026-05-13,Music,Latin,Latin,Z198xZ2qZ1e1,Barcelona,Música,Latin,alto
Z698xZ2qZ16vZ7Zgpd,Arcángel - La 8va Maravilla World Tour 20 Aniversario | VIP Packages,2026-05-13,Music,Latin,Latin,Z198xZ2qZ1e1,Barcelona,Música,Latin,alto
LvZ18Q_s1OxjMJOZv7w5I,Visita Audioguiada Palacio Domecq,2026-05-13,Undefined,,,Z598xZ2qZavF7,Jerez de la Frontera,Familia y otros,Visitas Guiadas/Exposiciones,medio
LvZ18Q_s675Yfv8ZvRshn,Visita Audioguiada Palacio Domecq,2026-05-13,Undefined,,,Z598xZ2qZavF7,Jerez de la Frontera,Familia y otros,Visitas Guiadas/Exposiciones,medio
LvZ18Q_s678ayc8Zv0bBK,Visita Audioguiada Palacio Domecq,2026-05-13,Undefined,,,Z598xZ2qZavF7,Jerez de la Frontera,Familia y otros,Visitas Guiadas/Exposiciones,medio
LvZ18Q_s67C5UHOZvu3iO,Visita Audioguiada Palacio Domecq,2026-05-13,Undefined,,,Z598xZ2qZavF7,Jerez de la Frontera,Familia y otros,Visitas Guiadas/Exposiciones,medio
LvZ18Q_s67QAjOYZvfGZ5,Visita Audioguiada Palacio Domecq,2026-05-13,Undefined,,,Z598xZ2qZavF7,Jerez de la Frontera,Familia y otros,Visitas Guiadas/Exposiciones,medio
LvZ18Q_s67bW3uYZvUxvy,Visita Audioguiada Palacio Domecq,2026-05-13,Undefined,,,Z598xZ2qZavF7,Jerez de la Frontera,Familia y otros,Visitas Guiadas/Exposiciones,medio
LvZ18Q_s67eeVSYZv83xA,Visita Audioguiada Palacio Domecq,2026-05-13,Undefined,,,Z598xZ2qZavF7,Jerez de la Frontera,Familia y otros,Visitas Guiadas/Exposiciones,medio
LvZ18Q_s67hYfv8ZvRsOZ,Visita Audioguiada Palacio Domecq,2026-05-13,Undefined,,,Z598xZ2qZavF7,Jerez de la Frontera,Familia y otros,Visitas Guiadas/Exposiciones,medio
LvZ18Q_s67jvsY8ZvZ_Y4,Visita Audioguiada Palacio Domecq,2026-05-13,Undefined,,,Z598xZ2qZavF7,Jerez de la Frontera,Familia y otros,Visitas Guiadas/Exposiciones,medio
LvZ18Q3HOZOf1kOZvUsR3,Museo Banksy Madrid,2026-05-13,Arts & Theatre,Cultural,Cultural,Z598xZ2qZF111,Madrid,Familia y otros,Visitas Guiadas/Exposiciones,medio
LvZ18Q3HOZOf1kOZvUsR4,Museo Banksy Madrid,2026-05-13,Arts & Theatre,Cultural,Cultural,Z598xZ2qZF111,Madrid,Familia y otros,Visitas Guiadas/Exposiciones,medio
LvZ18Q3HOZOf1kOZvUsR9,Museo Banksy Madrid,2026-05-13,Arts & Theatre,Cultural,Cultural,Z598xZ2qZF111,Madrid,Familia y otros,Visitas Guiadas/Exposiciones,medio
LvZ18Q3HOZOf1kOZvUsRK,Museo Banksy Madrid,2026-05-13,Arts & Theatre,Cultural,Cultural,Z598xZ2qZF111,Madrid,Familia y otros,Visitas Guiadas/Exposiciones,medio
LvZ18Q3HOZOf1kOZvUsRQ,Museo Banksy Madrid,2026-05-13,Arts & Theatre,Cultural,Cultural,Z598xZ2qZF111,Madrid,Familia y otros,Visitas Guiadas/Exposiciones,medio
LvZ18Q3HOZOf1kOZvUsR_,Museo Banksy Madrid,2026-05-13,Arts & Theatre,Cultural,Cultural,Z598xZ2qZF111,Madrid,Familia y otros,Visitas Guiadas/Exposiciones,medio
LvZ18Q3HOZOf1kOZvUsRb,Museo Banksy Madrid,2026-05-13,Arts & Theatre,Cultural,Cultural,Z598xZ2qZF111,Madrid,Familia y otros,Visitas Guiadas/Exposiciones,medio
LvZ18Q3HOZOf1kOZvUsRh,Museo Banksy Madrid,2026-05-13,Arts & Theatre,Cultural,Cultural,Z598xZ2qZF111,Madrid,Familia y otros,Visitas Guiadas/Exposiciones,medio
LvZ18Q3HOZOf1kOZvUsRp,Museo Banksy Madrid,2026-05-13,Arts & Theatre,Cultural,Cultural,Z598xZ2qZF111,Madrid,Familia y otros,Visitas Guiadas/Exposiciones,medio
LvZ18QKTxr84RtOZv8E5r,Museo Banksy Madrid,2026-05-13,Arts & Theatre,Cultural,Cultural,Z598xZ2qZF111,Madrid,Familia y otros,Visitas Guiadas/Exposiciones,medio
LvZ18Qbc8EkDV-ZZv9oc9,Tablao Flamenco 1911: El Tablao Más Antiguo del Mundo,2026-05-13,Music,World,Flamenco,Z598xZ2qZav1k,Madrid,Música,Flamenco/Rumba,alto
LvZ18Qbc8EkDV-ZZv9ocQ,Tablao Flamenco 1911: El Tablao Más Antiguo del Mundo,2026-05-13,Music,World,Flamenco,Z598xZ2qZav1k,Madrid,Música,Flamenco/Rumba,alto
LvZ18Qbc8EkDV-ZZv9oc_,Tablao Flamenco 1911: El Tablao Más Antiguo del Mundo,2026-05-13,Music,World,Flamenco,Z598xZ2qZav1k,Madrid,Música,Flamenco/Rumba,alto
LvZ18Qbc8EkDV-ZZv9ocb,Tablao Flamenco 1911: El Tablao Más Antiguo del Mundo,2026-05-13,Music,World,Flamenco,Z598xZ2qZav1k,Madrid,Música,Flamenco/Rumba,alto
LvZ18QbcdqblQFYZvhUfd,DINOLANDIA Y EL BOSQUE ENCANTADO: 2 PARQUES EN UNO,2026-05-13,Miscellaneous,Family,Other,Z598xZ2qZae6F,Madrid,Familia y otros,Parques temáticos,medio
LvZ18QrdSqy8FmZZvghcm,ESTO ES POP,2026-05-13,Undefined,,,Z598xZ2qZae67,Madrid,Música,Pop/Rock,medio
LvZ18QrxbCdl-38ZvgQnt,Spanish Horror Story,2026-05-13,Undefined,,,Z598xZ2qZae67,Madrid,Arte y Teatro,Comedia,medio
LvZ18QrWS3vGu0OZvBFUk,Museo Carmen Thyssen Málaga,2026-05-13,Undefined,,,Z598xZ2qZk76e,Málaga,Familia y otros,Visitas Guiadas/Exposiciones,medio
