event_id,event_name,segmento,genero,subgenero,ciudad,recinto_id,recinto_nombre,precio_min,precio_max,fecha_evento
evt_00001,Rock_Indie_Rock_Madrid_1,Music,Rock,Indie_Rock,Madrid,madrid_river_stage,River_Stage,29.0,49.0,2026-01-13
evt_00002,Rock_Indie_Rock_Madrid_2,Music,Rock,Indie_Rock,Madrid,madrid_distrito_club,Distrito_Club,30.0,60.0,2026-02-13
evt_00003,Rock_Indie_Rock_Madrid_3,Music,Rock,Indie_Rock,Madrid,madrid_river_stage,River_Stage,35.0,59.0,2026-03-16
evt_00004,Rock_Indie_Rock_Madrid_4,Music,Rock,Indie_Rock,Madrid,madrid_distrito_club,Distrito_Club,30.0,50.0,2026-04-15
evt_00005,Rock_Indie_Rock_Madrid_5,Music,Rock,Indie_Rock,Madrid,madrid_river_stage,River_Stage,27.0,55.0,2026-05-18
evt_00006,Rock_Indie_Rock_Madrid_6,Music,Rock,Indie_Rock,Madrid,madrid_distrito_club,Distrito_Club,18.0,52.0,2026-06-16
evt_00007,Rock_Indie_Rock_Madrid_7,Music,Rock,Indie_Rock,Madrid,madrid_river_stage,River_Stage,38.0,64.0,2026-07-18
evt_00008,Rock_Indie_Rock_Madrid_8,Music,Rock,Indie_Rock,Madrid,madrid_distrito_club,Distrito_Club,45.0,67.0,2026-08-26
evt_00009,Rock_Alternative_Rock_Madrid_1,Music,Rock,Alternative_Rock,Madrid,madrid_river_stage,River_Stage,32.0,52.0,2026-01-11
evt_00010,Rock_Alternative_Rock_Madrid_2,Music,Rock,Alternative_Rock,Madrid,madrid_distrito_club,Distrito_Club,27.0,63.0,2026-02-12
evt_00011,Rock_Alternative_Rock_Madrid_3,Music,Rock,Alternative_Rock,Madrid,madrid_river_stage,River_Stage,42.0,54.0,2026-03-12
evt_00012,Rock_Alternative_Rock_Madrid_4,Music,Rock,Alternative_Rock,Madrid,madrid_distrito_club,Distrito_Club,44.0,58.0,2026-04-12
evt_00013,Rock_Alternative_Rock_Madrid_5,Music,Rock,Alternative_Rock,Madrid,madrid_river_stage,River_Stage,29.0,55.0,2026-05-19
evt_00014,Rock_Alternative_Rock_Madrid_6,Music,Rock,Alternative_Rock,Madrid,madrid_distrito_club,Distrito_Club,32.0,44.0,2026-06-21
evt_00015,Rock_Alternative_Rock_Madrid_7,Music,Rock,Alternative_Rock,Madrid,madrid_river_stage,River_Stage,43.0,73.0,2026-07-17
evt_00016,Rock_Alternative_Rock_Madrid_8,Music,Rock,Alternative_Rock,Madrid,madrid_distrito_club,Distrito_Club,46.0,70.0,2026-08-24
evt_00017,Pop_Mainstream_Pop_Madrid_1,Music,Pop,Mainstream_Pop,Madrid,madrid_river_stage,River_Stage,36.0,70.0,2026-01-10
evt_00018,Pop_Mainstream_Pop_Madrid_2,Music,Pop,Mainstream_Pop,Madrid,madrid_distrito_club,Distrito_Club,56.0,68.0,2026-02-10
evt_00019,Pop_Mainstream_Pop_Madrid_3,Music,Pop,Mainstream_Pop,Madrid,madrid_river_stage,River_Stage,40.0,74.0,2026-03-12
evt_00020,Pop_Mainstream_Pop_Madrid_4,Music,Pop,Mainstream_Pop,Madrid,madrid_distrito_club,Distrito_Club,55.0,71.0,2026-04-14
evt_00021,Pop_Mainstream_Pop_Madrid_5,Music,Pop,Mainstream_Pop,Madrid,madrid_river_stage,River_Stage,39.0,71.0,2026-05-15
evt_00022,Pop_Mainstream_Pop_Madrid_6,Music,Pop,Mainstream_Pop,Madrid,madrid_distrito_club,Distrito_Club,39.0,69.0,2026-06-17
evt_00023,Pop_Mainstream_Pop_Madrid_7,Music,Pop,Mainstream_Pop,Madrid,madrid_river_stage,River_Stage,47.0,71.0,2026-07-23
evt_00024,Pop_Mainstream_Pop_Madrid_8,Music,Pop,Mainstream_Pop,Madrid,madrid_distrito_club,Distrito_Club,51.0,85.0,2026-08-26
evt_00025,Pop_Latin_Pop_Madrid_1,Music,Pop,Latin_Pop,Madrid,madrid_river_stage,River_Stage,44.0,56.0,2026-01-10
evt_00026,Pop_Latin_Pop_Madrid_2,Music,Pop,Latin_Pop,Madrid,madrid_distrito_club,Distrito_Club,42.0,78.0,2026-02-07
evt_00027,Pop_Latin_Pop_Madrid_3,Music,Pop,Latin_Pop,Madrid,madrid_river_stage,River_Stage,44.0,70.0,2026-03-16
evt_00028,Pop_Latin_Pop_Madrid_4,Music,Pop,Latin_Pop,Madrid,madrid_distrito_club,Distrito_Club,58.0,72.0,2026-04-13
evt_00029,Pop_Latin_Pop_Madrid_5,Music,Pop,Latin_Pop,Madrid,madrid_river_stage,River_Stage,35.0,61.0,2026-05-15
evt_00030,Pop_Latin_Pop_Madrid_6,Music,Pop,Latin_Pop,Madrid,madrid_distrito_club,Distrito_Club,37.0,57.0,2026-06-20
evt_00031,Pop_Latin_Pop_Madrid_7,Music,Pop,Latin_Pop,Madrid,madrid_river_stage,River_Stage,42.0,66.0,2026-07-23
evt_00032,Pop_Latin_Pop_Madrid_8,Music,Pop,Latin_Pop,Madrid,madrid_distrito_club,Distrito_Club,49.0,79.0,2026-08-23
evt_00033,Electronic_House_Madrid_1,Music,Electronic,House,Madrid,madrid_river_stage,River_Stage,51.0,81.0,2026-01-10
evt_00034,Electronic_House_Madrid_2,Music,Electronic,House,Madrid,madrid_distrito_club,Distrito_Club,62.0,94.0,2026-02-12
evt_00035,Electronic_House_Madrid_3,Music,Electronic,House,Madrid,madrid_river_stage,River_Stage,66.0,80.0,2026-03-17
evt_00036,Electronic_House_Madrid_4,Music,Electronic,House,Madrid,madrid_distrito_club,Distrito_Club,65.0,95.0,2026-04-12
evt_00037,Electronic_House_Madrid_5,Music,Electronic,House,Madrid,madrid_river_stage,River_Stage,61.0,79.0,2026-05-14
evt_00038,Electronic_House_Madrid_6,Music,Electronic,House,Madrid,madrid_distrito_club,Distrito_Club,65.0,77.0,2026-06-19
evt_00039,Electronic_House_Madrid_7,Music,Electronic,House,Madrid,madrid_river_stage,River_Stage,46.0,80.0,2026-07-17
evt_00040,Electronic_House_Madrid_8,Music,Electronic,House,Madrid,madrid_distrito_club,Distrito_Club,50.0,80.0,2026-08-23
evt_00041,Electronic_Techno_Madrid_1,Music,Electronic,Techno,Madrid,madrid_river_stage,River_Stage,53.0,75.0,2026-01-11
evt_00042,Electronic_Techno_Madrid_2,Music,Electronic,Techno,Madrid,madrid_distrito_club,Distrito_Club,55.0,73.0,2026-02-08
evt_00043,Electronic_Techno_Madrid_3,Music,Electronic,Techno,Madrid,madrid_river_stage,River_Stage,58.0,92.0,2026-03-17
evt_00044,Electronic_Techno_Madrid_4,Music,Electronic,Techno,Madrid,madrid_distrito_club,Distrito_Club,62.0,92.0,2026-04-20
evt_00045,Electronic_Techno_Madrid_5,Music,Electronic,Techno,Madrid,madrid_river_stage,River_Stage,54.0,70.0,2026-05-17
evt_00046,Electronic_Techno_Madrid_6,Music,Electronic,Techno,Madrid,madrid_distrito_club,Distrito_Club,51.0,87.0,2026-06-21
evt_00047,Electronic_Techno_Madrid_7,Music,Electronic,Techno,Madrid,madrid_river_stage,River_Stage,62.0,74.0,2026-07-19
evt_00048,Electronic_Techno_Madrid_8,Music,Electronic,Techno,Madrid,madrid_distrito_club,Distrito_Club,48.0,72.0,2026-08-24
evt_00049,Urban_Trap_Madrid_1,Music,Urban,Trap,Madrid,madrid_river_stage,River_Stage,26.0,56.0,2026-01-13
evt_00050,Urban_Trap_Madrid_2,Music,Urban,Trap,Madrid,madrid_distrito_club,Distrito_Club,40.0,74.0,2026-02-12
evt_00051,Urban_Trap_Madrid_3,Music,Urban,Trap,Madrid,madrid_river_stage,River_Stage,37.0,51.0,2026-03-15
evt_00052,Urban_Trap_Madrid_4,Music,Urban,Trap,Madrid,madrid_distrito_club,Distrito_Club,40.0,52.0,2026-04-15
evt_00053,Urban_Trap_Madrid_5,Music,Urban,Trap,Madrid,madrid_river_stage,River_Stage,49.0,73.0,2026-05-19
evt_00054,Urban_Trap_Madrid_6,Music,Urban,Trap,Madrid,madrid_distrito_club,Distrito_Club,26.0,58.0,2026-06-23
evt_00055,Urban_Trap_Madrid_7,Music,Urban,Trap,Madrid,madrid_river_stage,River_Stage,41.0,75.0,2026-07-21
evt_00056,Urban_Trap_Madrid_8,Music,Urban,Trap,Madrid,madrid_distrito_club,Distrito_Club,34.0,66.0,2026-08-18
evt_00057,Urban_Hip_Hop_Madrid_1,Music,Urban,Hip_Hop,Madrid,madrid_river_stage,River_Stage,40.0,74.0,2026-01-10
evt_00058,Urban_Hip_Hop_Madrid_2,Music,Urban,Hip_Hop,Madrid,madrid_distrito_club,Distrito_Club,36.0,72.0,2026-02-11
evt_00059,Urban_Hip_Hop_Madrid_3,Music,Urban,Hip_Hop,Madrid,madrid_river_stage,River_Stage,42.0,72.0,2026-03-15
evt_00060,Urban_Hip_Hop_Madrid_4,Music,Urban,Hip_Hop,Madrid,madrid_distrito_club,Distrito_Club,45.0,77.0,2026-04-13
evt_00061,Urban_Hip_Hop_Madrid_5,Music,Urban,Hip_Hop,Madrid,madrid_river_stage,River_Stage,36.0,58.0,2026-05-22
evt_00062,Urban_Hip_Hop_Madrid_6,Music,Urban,Hip_Hop,Madrid,madrid_distrito_club,Distrito_Club,46.0,76.0,2026-06-19
evt_00063,Urban_Hip_Hop_Madrid_7,Music,Urban,Hip_Hop,Madrid,madrid_river_stage,River_Stage,58.0,70.0,2026-07-20
evt_00064,Urban_Hip_Hop_Madrid_8,Music,Urban,Hip_Hop,Madrid,madrid_distrito_club,Distrito_Club,48.0,76.0,2026-08-26
evt_00065,Football_La_Liga_Madrid_1,Sports,Football,La_Liga,Madrid,madrid_river_stage,River_Stage,94.0,108.0,2026-01-10
evt_00066,Football_La_Liga_Madrid_2,Sports,Football,La_Liga,Madrid,madrid_distrito_club,Distrito_Club,82.0,102.0,2026-02-08
evt_00067,Football_La_Liga_Madrid_3,Sports,Football,La_Liga,Madrid,madrid_river_stage,River_Stage,80.0,110.0,2026-03-13
evt_00068,Football_La_Liga_Madrid_4,Sports,Football,La_Liga,Madrid,madrid_distrito_club,Distrito_Club,95.0,111.0,2026-04-19
evt_00069,Football_La_Liga_Madrid_5,Sports,Football,La_Liga,Madrid,madrid_river_stage,River_Stage,68.0,104.0,2026-05-15
evt_00070,Football_La_Liga_Madrid_6,Sports,Football,La_Liga,Madrid,madrid_distrito_club,Distrito_Club,96.0,108.0,2026-06-23
evt_00071,Football_La_Liga_Madrid_7,Sports,Football,La_Liga,Madrid,madrid_river_stage,River_Stage,87.0,121.0,2026-07-23
evt_00072,Football_La_Liga_Madrid_8,Sports,Football,La_Liga,Madrid,madrid_distrito_club,Distrito_Club,88.0,112.0,2026-08-25
evt_00073,Football_International_Friendly_Madrid_1,Sports,Football,International_Friendly,Madrid,madrid_river_stage,River_Stage,80.0,106.0,2026-01-10
evt_00074,Football_International_Friendly_Madrid_2,Sports,Football,International_Friendly,Madrid,madrid_distrito_club,Distrito_Club,85.0,99.0,2026-02-11
evt_00075,Football_International_Friendly_Madrid_3,Sports,Football,International_Friendly,Madrid,madrid_river_stage,River_Stage,93.0,119.0,2026-03-11
evt_00076,Football_International_Friendly_Madrid_4,Sports,Football,International_Friendly,Madrid,madrid_distrito_club,Distrito_Club,90.0,120.0,2026-04-16
evt_00077,Football_International_Friendly_Madrid_5,Sports,Football,International_Friendly,Madrid,madrid_river_stage,River_Stage,95.0,109.0,2026-05-20
evt_00078,Football_International_Friendly_Madrid_6,Sports,Football,International_Friendly,Madrid,madrid_distrito_club,Distrito_Club,88.0,118.0,2026-06-19
evt_00079,Football_International_Friendly_Madrid_7,Sports,Football,International_Friendly,Madrid,madrid_river_stage,River_Stage,84.0,112.0,2026-07-21
evt_00080,Football_International_Friendly_Madrid_8,Sports,Football,International_Friendly,Madrid,madrid_distrito_club,Distrito_Club,88.0,114.0,2026-08-21
evt_00081,Basketball_ACB_Madrid_1,Sports,Basketball,ACB,Madrid,madrid_river_stage,River_Stage,82.0,98.0,2026-01-12
evt_00082,Basketball_ACB_Madrid_2,Sports,Basketball,ACB,Madrid,madrid_distrito_club,Distrito_Club,80.0,92.0,2026-02-13
evt_00083,Basketball_ACB_Madrid_3,Sports,Basketball,ACB,Madrid,madrid_river_stage,River_Stage,61.0,75.0,2026-03-14
evt_00084,Basketball_ACB_Madrid_4,Sports,Basketball,ACB,Madrid,madrid_distrito_club,Distrito_Club,78.0,90.0,2026-04-14
evt_00085,Basketball_ACB_Madrid_5,Sports,Basketball,ACB,Madrid,madrid_river_stage,River_Stage,65.0,83.0,2026-05-14
evt_00086,Basketball_ACB_Madrid_6,Sports,Basketball,ACB,Madrid,madrid_distrito_club,Distrito_Club,69.0,103.0,2026-06-21
evt_00087,Basketball_ACB_Madrid_7,Sports,Basketball,ACB,Madrid,madrid_river_stage,River_Stage,67.0,97.0,2026-07-19
evt_00088,Basketball_ACB_Madrid_8,Sports,Basketball,ACB,Madrid,madrid_distrito_club,Distrito_Club,78.0,100.0,2026-08-19
evt_00089,Basketball_EuroLeague_Madrid_1,Sports,Basketball,EuroLeague,Madrid,madrid_river_stage,River_Stage,71.0,89.0,2026-01-12
evt_00090,Basketball_EuroLeague_Madrid_2,Sports,Basketball,EuroLeague,Madrid,madrid_distrito_club,Distrito_Club,69.0,81.0,2026-02-10
evt_00091,Basketball_EuroLeague_Madrid_3,Sports,Basketball,EuroLeague,Madrid,madrid_river_stage,River_Stage,67.0,93.0,2026-03-12
evt_00092,Basketball_EuroLeague_Madrid_4,Sports,Basketball,EuroLeague,Madrid,madrid_distrito_club,Distrito_Club,58.0,86.0,2026-04-16
evt_00093,Basketball_EuroLeague_Madrid_5,Sports,Basketball,EuroLeague,Madrid,madrid_river_stage,River_Stage,52.0,84.0,2026-05-21
evt_00094,Basketball_EuroLeague_Madrid_6,Sports,Basketball,EuroLeague,Madrid,madrid_distrito_club,Distrito_Club,66.0,78.0,2026-06-19
evt_00095,Basketball_EuroLeague_Madrid_7,Sports,Basketball,EuroLeague,Madrid,madrid_river_stage,River_Stage,51.0,81.0,2026-07-25
evt_00096,Basketball_EuroLeague_Madrid_8,Sports,Basketball,EuroLeague,Madrid,madrid_distrito_club,Distrito_Club,67.0,97.0,2026-08-26
evt_00097,Tennis_ATP_Madrid_1,Sports,Tennis,ATP,Madrid,madrid_river_stage,River_Stage,81.0,111.0,2026-01-10
evt_00098,Tennis_ATP_Madrid_2,Sports,Tennis,ATP,Madrid,madrid_distrito_club,Distrito_Club,77.0,113.0,2026-02-13
evt_00099,Tennis_ATP_Madrid_3,Sports,Tennis,ATP,Madrid,madrid_river_stage,River_Stage,79.0,99.0,2026-03-14
evt_00100,Tennis_ATP_Madrid_4,Sports,Tennis,ATP,Madrid,madrid_distrito_club,Distrito_Club,75.0,87.0,2026-04-20
evt_00101,Tennis_ATP_Madrid_5,Sports,Tennis,ATP,Madrid,madrid_river_stage,River_Stage,65.0,97.0,2026-05-14
evt_00102,Tennis_ATP_Madrid_6,Sports,Tennis,ATP,Madrid,madrid_distrito_club,Distrito_Club,86.0,106.0,2026-06-22
evt_00103,Tennis_ATP_Madrid_7,Sports,Tennis,ATP,Madrid,madrid_river_stage,River_Stage,60.0,92.0,2026-07-20
evt_00104,Tennis_ATP_Madrid_8,Sports,Tennis,ATP,Madrid,madrid_distrito_club,Distrito_Club,80.0,96.0,2026-08-21
evt_00105,Tennis_Exhibition_Madrid_1,Sports,Tennis,Exhibition,Madrid,madrid_river_stage,River_Stage,85.0,109.0,2026-01-10
evt_00106,Tennis_Exhibition_Madrid_2,Sports,Tennis,Exhibition,Madrid,madrid_distrito_club,Distrito_Club,83.0,99.0,2026-02-09
evt_00107,Tennis_Exhibition_Madrid_3,Sports,Tennis,Exhibition,Madrid,madrid_river_stage,River_Stage,69.0,91.0,2026-03-16
evt_00108,Tennis_Exhibition_Madrid_4,Sports,Tennis,Exhibition,Madrid,madrid_distrito_club,Distrito_Club,73.0,107.0,2026-04-18
evt_00109,Tennis_Exhibition_Madrid_5,Sports,Tennis,Exhibition,Madrid,madrid_river_stage,River_Stage,63.0,93.0,2026-05-19
evt_00110,Tennis_Exhibition_Madrid_6,Sports,Tennis,Exhibition,Madrid,madrid_distrito_club,Distrito_Club,77.0,99.0,2026-06-15
evt_00111,Tennis_Exhibition_Madrid_7,Sports,Tennis,Exhibition,Madrid,madrid_river_stage,River_Stage,80.0,106.0,2026-07-18
evt_00112,Tennis_Exhibition_Madrid_8,Sports,Tennis,Exhibition,Madrid,madrid_distrito_club,Distrito_Club,59.0,95.0,2026-08-21
evt_00113,Theatre_Drama_Madrid_1,Arts_Theatre,Theatre,Drama,Madrid,madrid_river_stage,River_Stage,26.0,62.0,2026-01-10
evt_00114,Theatre_Drama_Madrid_2,Arts_Theatre,Theatre,Drama,Madrid,madrid_distrito_club,Distrito_Club,23.0,57.0,2026-02-12
evt_00115,Theatre_Drama_Madrid_3,Arts_Theatre,Theatre,Drama,Madrid,madrid_river_stage,River_Stage,27.0,39.0,2026-03-18
evt_00116,Theatre_Drama_Madrid_4,Arts_Theatre,Theatre,Drama,Madrid,madrid_distrito_club,Distrito_Club,33.0,59.0,2026-04-17
evt_00117,Theatre_Drama_Madrid_5,Arts_Theatre,Theatre,Drama,Madrid,madrid_river_stage,River_Stage,20.0,50.0,2026-05-18
evt_00118,Theatre_Drama_Madrid_6,Arts_Theatre,Theatre,Drama,Madrid,madrid_distrito_club,Distrito_Club,13.0,47.0,2026-06-17
evt_00119,Theatre_Drama_Madrid_7,Arts_Theatre,Theatre,Drama,Madrid,madrid_river_stage,River_Stage,25.0,55.0,2026-07-24
evt_00120,Theatre_Drama_Madrid_8,Arts_Theatre,Theatre,Drama,Madrid,madrid_distrito_club,Distrito_Club,12.0,48.0,2026-08-26
evt_00121,Theatre_Contemporary_Madrid_1,Arts_Theatre,Theatre,Contemporary,Madrid,madrid_river_stage,River_Stage,28.0,48.0,2026-01-12
evt_00122,Theatre_Contemporary_Madrid_2,Arts_Theatre,Theatre,Contemporary,Madrid,madrid_distrito_club,Distrito_Club,24.0,36.0,2026-02-15
evt_00123,Theatre_Contemporary_Madrid_3,Arts_Theatre,Theatre,Contemporary,Madrid,madrid_river_stage,River_Stage,35.0,55.0,2026-03-12
evt_00124,Theatre_Contemporary_Madrid_4,Arts_Theatre,Theatre,Contemporary,Madrid,madrid_distrito_club,Distrito_Club,28.0,48.0,2026-04-13
evt_00125,Theatre_Contemporary_Madrid_5,Arts_Theatre,Theatre,Contemporary,Madrid,madrid_river_stage,River_Stage,43.0,59.0,2026-05-22
evt_00126,Theatre_Contemporary_Madrid_6,Arts_Theatre,Theatre,Contemporary,Madrid,madrid_distrito_club,Distrito_Club,40.0,62.0,2026-06-19
evt_00127,Theatre_Contemporary_Madrid_7,Arts_Theatre,Theatre,Contemporary,Madrid,madrid_river_stage,River_Stage,30.0,56.0,2026-07-17
evt_00128,Theatre_Contemporary_Madrid_8,Arts_Theatre,Theatre,Contemporary,Madrid,madrid_distrito_club,Distrito_Club,16.0,42.0,2026-08-23
evt_00129,Musical_Broadway_Madrid_1,Arts_Theatre,Musical,Broadway,Madrid,madrid_river_stage,River_Stage,52.0,64.0,2026-01-10
evt_00130,Musical_Broadway_Madrid_2,Arts_Theatre,Musical,Broadway,Madrid,madrid_distrito_club,Distrito_Club,52.0,82.0,2026-02-07
evt_00131,Musical_Broadway_Madrid_3,Arts_Theatre,Musical,Broadway,Madrid,madrid_river_stage,River_Stage,49.0,81.0,2026-03-12
evt_00132,Musical_Broadway_Madrid_4,Arts_Theatre,Musical,Broadway,Madrid,madrid_distrito_club,Distrito_Club,59.0,71.0,2026-04-15
evt_00133,Musical_Broadway_Madrid_5,Arts_Theatre,Musical,Broadway,Madrid,madrid_river_stage,River_Stage,50.0,84.0,2026-05-17
evt_00134,Musical_Broadway_Madrid_6,Arts_Theatre,Musical,Broadway,Madrid,madrid_distrito_club,Distrito_Club,51.0,77.0,2026-06-19
evt_00135,Musical_Broadway_Madrid_7,Arts_Theatre,Musical,Broadway,Madrid,madrid_river_stage,River_Stage,65.0,81.0,2026-07-17
evt_00136,Musical_Broadway_Madrid_8,Arts_Theatre,Musical,Broadway,Madrid,madrid_distrito_club,Distrito_Club,48.0,74.0,2026-08-20
evt_00137,Musical_Local_Musical_Madrid_1,Arts_Theatre,Musical,Local_Musical,Madrid,madrid_river_stage,River_Stage,34.0,68.0,2026-01-10
evt_00138,Musical_Local_Musical_Madrid_2,Arts_Theatre,Musical,Local_Musical,Madrid,madrid_distrito_club,Distrito_Club,40.0,72.0,2026-02-11
evt_00139,Musical_Local_Musical_Madrid_3,Arts_Theatre,Musical,Local_Musical,Madrid,madrid_river_stage,River_Stage,40.0,60.0,2026-03-13
evt_00140,Musical_Local_Musical_Madrid_4,Arts_Theatre,Musical,Local_Musical,Madrid,madrid_distrito_club,Distrito_Club,45.0,67.0,2026-04-19
evt_00141,Musical_Local_Musical_Madrid_5,Arts_Theatre,Musical,Local_Musical,Madrid,madrid_river_stage,River_Stage,52.0,88.0,2026-05-20
evt_00142,Musical_Local_Musical_Madrid_6,Arts_Theatre,Musical,Local_Musical,Madrid,madrid_distrito_club,Distrito_Club,37.0,69.0,2026-06-16
evt_00143,Musical_Local_Musical_Madrid_7,Arts_Theatre,Musical,Local_Musical,Madrid,madrid_river_stage,River_Stage,67.0,81.0,2026-07-20
evt_00144,Musical_Local_Musical_Madrid_8,Arts_Theatre,Musical,Local_Musical,Madrid,madrid_distrito_club,Distrito_Club,53.0,77.0,2026-08-20
evt_00145,Comedy_Stand_Up_Madrid_1,Arts_Theatre,Comedy,Stand_Up,Madrid,madrid_river_stage,River_Stage,18.0,40.0,2026-01-13
evt_00146,Comedy_Stand_Up_Madrid_2,Arts_Theatre,Comedy,Stand_Up,Madrid,madrid_distrito_club,Distrito_Club,25.0,59.0,2026-02-13
evt_00147,Comedy_Stand_Up_Madrid_3,Arts_Theatre,Comedy,Stand_Up,Madrid,madrid_river_stage,River_Stage,33.0,57.0,2026-03-15
evt_00148,Comedy_Stand_Up_Madrid_4,Arts_Theatre,Comedy,Stand_Up,Madrid,madrid_distrito_club,Distrito_Club,39.0,51.0,2026-04-12
evt_00149,Comedy_Stand_Up_Madrid_5,Arts_Theatre,Comedy,Stand_Up,Madrid,madrid_river_stage,River_Stage,17.0,35.0,2026-05-19
evt_00150,Comedy_Stand_Up_Madrid_6,Arts_Theatre,Comedy,Stand_Up,Madrid,madrid_distrito_club,Distrito_Club,30.0,62.0,2026-06-18
evt_00151,Comedy_Stand_Up_Madrid_7,Arts_Theatre,Comedy,Stand_Up,Madrid,madrid_river_stage,River_Stage,20.0,50.0,2026-07-23
evt_00152,Comedy_Stand_Up_Madrid_8,Arts_Theatre,Comedy,Stand_Up,Madrid,madrid_distrito_club,Distrito_Club,28.0,52.0,2026-08-25
evt_00153,Comedy_Improvised_Madrid_1,Arts_Theatre,Comedy,Improvised,Madrid,madrid_river_stage,River_Stage,8.0,37.0,2026-01-10
evt_00154,Comedy_Improvised_Madrid_2,Arts_Theatre,Comedy,Improvised,Madrid,madrid_distrito_club,Distrito_Club,26.0,52.0,2026-02-07
evt_00155,Comedy_Improvised_Madrid_3,Arts_Theatre,Comedy,Improvised,Madrid,madrid_river_stage,River_Stage,28.0,54.0,2026-03-16
evt_00156,Comedy_Improvised_Madrid_4,Arts_Theatre,Comedy,Improvised,Madrid,madrid_distrito_club,Distrito_Club,31.0,49.0,2026-04-17
evt_00157,Comedy_Improvised_Madrid_5,Arts_Theatre,Comedy,Improvised,Madrid,madrid_river_stage,River_Stage,35.0,53.0,2026-05-15
evt_00158,Comedy_Improvised_Madrid_6,Arts_Theatre,Comedy,Improvised,Madrid,madrid_distrito_club,Distrito_Club,21.0,51.0,2026-06-19
evt_00159,Comedy_Improvised_Madrid_7,Arts_Theatre,Comedy,Improvised,Madrid,madrid_river_stage,River_Stage,19.0,53.0,2026-07-22
evt_00160,Comedy_Improvised_Madrid_8,Arts_Theatre,Comedy,Improvised,Madrid,madrid_distrito_club,Distrito_Club,24.0,50.0,2026-08-24
evt_00161,Classical_Symphonic_Madrid_1,Arts_Theatre,Classical,Symphonic,Madrid,madrid_river_stage,River_Stage,36.0,62.0,2026-01-10
evt_00162,Classical_Symphonic_Madrid_2,Arts_Theatre,Classical,Symphonic,Madrid,madrid_distrito_club,Distrito_Club,50.0,68.0,2026-02-15
evt_00163,Classical_Symphonic_Madrid_3,Arts_Theatre,Classical,Symphonic,Madrid,madrid_river_stage,River_Stage,51.0,69.0,2026-03-18
evt_00164,Classical_Symphonic_Madrid_4,Arts_Theatre,Classical,Symphonic,Madrid,madrid_distrito_club,Distrito_Club,37.0,57.0,2026-04-14
evt_00165,Classical_Symphonic_Madrid_5,Arts_Theatre,Classical,Symphonic,Madrid,madrid_river_stage,River_Stage,30.0,42.0,2026-05-14
evt_00166,Classical_Symphonic_Madrid_6,Arts_Theatre,Classical,Symphonic,Madrid,madrid_distrito_club,Distrito_Club,33.0,61.0,2026-06-18
evt_00167,Classical_Symphonic_Madrid_7,Arts_Theatre,Classical,Symphonic,Madrid,madrid_river_stage,River_Stage,39.0,59.0,2026-07-19
evt_00168,Classical_Symphonic_Madrid_8,Arts_Theatre,Classical,Symphonic,Madrid,madrid_distrito_club,Distrito_Club,38.0,56.0,2026-08-23
evt_00169,Classical_Chamber_Madrid_1,Arts_Theatre,Classical,Chamber,Madrid,madrid_river_stage,River_Stage,37.0,61.0,2026-01-10
evt_00170,Classical_Chamber_Madrid_2,Arts_Theatre,Classical,Chamber,Madrid,madrid_distrito_club,Distrito_Club,44.0,58.0,2026-02-11
evt_00171,Classical_Chamber_Madrid_3,Arts_Theatre,Classical,Chamber,Madrid,madrid_river_stage,River_Stage,43.0,73.0,2026-03-17
evt_00172,Classical_Chamber_Madrid_4,Arts_Theatre,Classical,Chamber,Madrid,madrid_distrito_club,Distrito_Club,38.0,64.0,2026-04-13
evt_00173,Classical_Chamber_Madrid_5,Arts_Theatre,Classical,Chamber,Madrid,madrid_river_stage,River_Stage,42.0,66.0,2026-05-19
evt_00174,Classical_Chamber_Madrid_6,Arts_Theatre,Classical,Chamber,Madrid,madrid_distrito_club,Distrito_Club,47.0,67.0,2026-06-20
evt_00175,Classical_Chamber_Madrid_7,Arts_Theatre,Classical,Chamber,Madrid,madrid_river_stage,River_Stage,47.0,59.0,2026-07-24
evt_00176,Classical_Chamber_Madrid_8,Arts_Theatre,Classical,Chamber,Madrid,madrid_distrito_club,Distrito_Club,32.0,60.0,2026-08-23
evt_00177,Kids_Interactive_Show_Madrid_1,Family,Kids,Interactive_Show,Madrid,madrid_river_stage,River_Stage,18.0,36.0,2026-01-14
evt_00178,Kids_Interactive_Show_Madrid_2,Family,Kids,Interactive_Show,Madrid,madrid_distrito_club,Distrito_Club,16.0,34.0,2026-02-15
evt_00179,Kids_Interactive_Show_Madrid_3,Family,Kids,Interactive_Show,Madrid,madrid_river_stage,River_Stage,10.0,42.0,2026-03-13
evt_00180,Kids_Interactive_Show_Madrid_4,Family,Kids,Interactive_Show,Madrid,madrid_distrito_club,Distrito_Club,22.0,38.0,2026-04-16
evt_00181,Kids_Interactive_Show_Madrid_5,Family,Kids,Interactive_Show,Madrid,madrid_river_stage,River_Stage,12.0,44.0,2026-05-19
evt_00182,Kids_Interactive_Show_Madrid_6,Family,Kids,Interactive_Show,Madrid,madrid_distrito_club,Distrito_Club,9.0,29.0,2026-06-22
evt_00183,Kids_Interactive_Show_Madrid_7,Family,Kids,Interactive_Show,Madrid,madrid_river_stage,River_Stage,28.0,48.0,2026-07-18
evt_00184,Kids_Interactive_Show_Madrid_8,Family,Kids,Interactive_Show,Madrid,madrid_distrito_club,Distrito_Club,23.0,47.0,2026-08-21
evt_00185,Kids_Storytelling_Madrid_1,Family,Kids,Storytelling,Madrid,madrid_river_stage,River_Stage,17.0,47.0,2026-01-10
evt_00186,Kids_Storytelling_Madrid_2,Family,Kids,Storytelling,Madrid,madrid_distrito_club,Distrito_Club,24.0,38.0,2026-02-15
evt_00187,Kids_Storytelling_Madrid_3,Family,Kids,Storytelling,Madrid,madrid_river_stage,River_Stage,9.0,23.0,2026-03-15
evt_00188,Kids_Storytelling_Madrid_4,Family,Kids,Storytelling,Madrid,madrid_distrito_club,Distrito_Club,15.0,37.0,2026-04-13
evt_00189,Kids_Storytelling_Madrid_5,Family,Kids,Storytelling,Madrid,madrid_river_stage,River_Stage,8.0,25.0,2026-05-16
evt_00190,Kids_Storytelling_Madrid_6,Family,Kids,Storytelling,Madrid,madrid_distrito_club,Distrito_Club,8.0,27.0,2026-06-21
evt_00191,Kids_Storytelling_Madrid_7,Family,Kids,Storytelling,Madrid,madrid_river_stage,River_Stage,29.0,41.0,2026-07-20
evt_00192,Kids_Storytelling_Madrid_8,Family,Kids,Storytelling,Madrid,madrid_distrito_club,Distrito_Club,8.0,30.0,2026-08-23
evt_00193,Circus_Acrobatic_Madrid_1,Family,Circus,Acrobatic,Madrid,madrid_river_stage,River_Stage,23.0,49.0,2026-01-10
evt_00194,Circus_Acrobatic_Madrid_2,Family,Circus,Acrobatic,Madrid,madrid_distrito_club,Distrito_Club,8.0,40.0,2026-02-14
evt_00195,Circus_Acrobatic_Madrid_3,Family,Circus,Acrobatic,Madrid,madrid_river_stage,River_Stage,31.0,45.0,2026-03-13
evt_00196,Circus_Acrobatic_Madrid_4,Family,Circus,Acrobatic,Madrid,madrid_distrito_club,Distrito_Club,13.0,49.0,2026-04-13
evt_00197,Circus_Acrobatic_Madrid_5,Family,Circus,Acrobatic,Madrid,madrid_river_stage,River_Stage,29.0,51.0,2026-05-14
evt_00198,Circus_Acrobatic_Madrid_6,Family,Circus,Acrobatic,Madrid,madrid_distrito_club,Distrito_Club,24.0,44.0,2026-06-22
evt_00199,Circus_Acrobatic_Madrid_7,Family,Circus,Acrobatic,Madrid,madrid_river_stage,River_Stage,19.0,41.0,2026-07-20
evt_00200,Circus_Acrobatic_Madrid_8,Family,Circus,Acrobatic,Madrid,madrid_distrito_club,Distrito_Club,8.0,32.0,2026-08-18
evt_00201,Circus_Family_Circus_Madrid_1,Family,Circus,Family_Circus,Madrid,madrid_river_stage,River_Stage,35.0,47.0,2026-01-12
evt_00202,Circus_Family_Circus_Madrid_2,Family,Circus,Family_Circus,Madrid,madrid_distrito_club,Distrito_Club,25.0,41.0,2026-02-08
evt_00203,Circus_Family_Circus_Madrid_3,Family,Circus,Family_Circus,Madrid,madrid_river_stage,River_Stage,25.0,43.0,2026-03-19
evt_00204,Circus_Family_Circus_Madrid_4,Family,Circus,Family_Circus,Madrid,madrid_distrito_club,Distrito_Club,8.0,33.0,2026-04-20
evt_00205,Circus_Family_Circus_Madrid_5,Family,Circus,Family_Circus,Madrid,madrid_river_stage,River_Stage,28.0,44.0,2026-05-16
evt_00206,Circus_Family_Circus_Madrid_6,Family,Circus,Family_Circus,Madrid,madrid_distrito_club,Distrito_Club,26.0,48.0,2026-06-22
evt_00207,Circus_Family_Circus_Madrid_7,Family,Circus,Family_Circus,Madrid,madrid_river_stage,River_Stage,31.0,47.0,2026-07-18
evt_00208,Circus_Family_Circus_Madrid_8,Family,Circus,Family_Circus,Madrid,madrid_distrito_club,Distrito_Club,33.0,53.0,2026-08-20
evt_00209,Exhibition_Science_Madrid_1,Family,Exhibition,Science,Madrid,madrid_river_stage,River_Stage,16.0,34.0,2026-01-12
evt_00210,Exhibition_Science_Madrid_2,Family,Exhibition,Science,Madrid,madrid_distrito_club,Distrito_Club,8.0,26.0,2026-02-14
evt_00211,Exhibition_Science_Madrid_3,Family,Exhibition,Science,Madrid,madrid_river_stage,River_Stage,30.0,42.0,2026-03-13
evt_00212,Exhibition_Science_Madrid_4,Family,Exhibition,Science,Madrid,madrid_distrito_club,Distrito_Club,16.0,52.0,2026-04-12
evt_00213,Exhibition_Science_Madrid_5,Family,Exhibition,Science,Madrid,madrid_river_stage,River_Stage,8.0,31.0,2026-05-21
evt_00214,Exhibition_Science_Madrid_6,Family,Exhibition,Science,Madrid,madrid_distrito_club,Distrito_Club,22.0,48.0,2026-06-21
evt_00215,Exhibition_Science_Madrid_7,Family,Exhibition,Science,Madrid,madrid_river_stage,River_Stage,12.0,28.0,2026-07-17
evt_00216,Exhibition_Science_Madrid_8,Family,Exhibition,Science,Madrid,madrid_distrito_club,Distrito_Club,14.0,40.0,2026-08-20
evt_00217,Exhibition_Immersive_Madrid_1,Family,Exhibition,Immersive,Madrid,madrid_river_stage,River_Stage,8.0,30.0,2026-01-10
evt_00218,Exhibition_Immersive_Madrid_2,Family,Exhibition,Immersive,Madrid,madrid_distrito_club,Distrito_Club,23.0,43.0,2026-02-13
evt_00219,Exhibition_Immersive_Madrid_3,Family,Exhibition,Immersive,Madrid,madrid_river_stage,River_Stage,20.0,38.0,2026-03-13
evt_00220,Exhibition_Immersive_Madrid_4,Family,Exhibition,Immersive,Madrid,madrid_distrito_club,Distrito_Club,12.0,28.0,2026-04-16
evt_00221,Exhibition_Immersive_Madrid_5,Family,Exhibition,Immersive,Madrid,madrid_river_stage,River_Stage,22.0,46.0,2026-05-18
evt_00222,Exhibition_Immersive_Madrid_6,Family,Exhibition,Immersive,Madrid,madrid_distrito_club,Distrito_Club,14.0,32.0,2026-06-16
evt_00223,Exhibition_Immersive_Madrid_7,Family,Exhibition,Immersive,Madrid,madrid_river_stage,River_Stage,8.0,19.0,2026-07-19
evt_00224,Exhibition_Immersive_Madrid_8,Family,Exhibition,Immersive,Madrid,madrid_distrito_club,Distrito_Club,8.0,28.0,2026-08-26
evt_00225,Rock_Indie_Rock_Barcelona_1,Music,Rock,Indie_Rock,Barcelona,barcelona_montjuic_hall,Montjuic_Hall,36.0,50.0,2026-01-10
evt_00226,Rock_Indie_Rock_Barcelona_2,Music,Rock,Indie_Rock,Barcelona,barcelona_diagonal_arena,Diagonal_Arena,37.0,49.0,2026-02-13
evt_00227,Rock_Indie_Rock_Barcelona_3,Music,Rock,Indie_Rock,Barcelona,barcelona_montjuic_hall,Montjuic_Hall,30.0,58.0,2026-03-12
evt_00228,Rock_Indie_Rock_Barcelona_4,Music,Rock,Indie_Rock,Barcelona,barcelona_diagonal_arena,Diagonal_Arena,36.0,70.0,2026-04-18
evt_00229,Rock_Indie_Rock_Barcelona_5,Music,Rock,Indie_Rock,Barcelona,barcelona_montjuic_hall,Montjuic_Hall,44.0,72.0,2026-05-19
evt_00230,Rock_Indie_Rock_Barcelona_6,Music,Rock,Indie_Rock,Barcelona,barcelona_diagonal_arena,Diagonal_Arena,32.0,58.0,2026-06-16
evt_00231,Rock_Indie_Rock_Barcelona_7,Music,Rock,Indie_Rock,Barcelona,barcelona_montjuic_hall,Montjuic_Hall,32.0,64.0,2026-07-23
evt_00232,Rock_Indie_Rock_Barcelona_8,Music,Rock,Indie_Rock,Barcelona,barcelona_diagonal_arena,Diagonal_Arena,44.0,70.0,2026-08-25
evt_00233,Rock_Alternative_Rock_Barcelona_1,Music,Rock,Alternative_Rock,Barcelona,barcelona_montjuic_hall,Montjuic_Hall,22.0,54.0,2026-01-10
evt_00234,Rock_Alternative_Rock_Barcelona_2,Music,Rock,Alternative_Rock,Barcelona,barcelona_diagonal_arena,Diagonal_Arena,38.0,70.0,2026-02-10
evt_00235,Rock_Alternative_Rock_Barcelona_3,Music,Rock,Alternative_Rock,Barcelona,barcelona_montjuic_hall,Montjuic_Hall,43.0,67.0,2026-03-19
evt_00236,Rock_Alternative_Rock_Barcelona_4,Music,Rock,Alternative_Rock,Barcelona,barcelona_diagonal_arena,Diagonal_Arena,30.0,66.0,2026-04-16
evt_00237,Rock_Alternative_Rock_Barcelona_5,Music,Rock,Alternative_Rock,Barcelona,barcelona_montjuic_hall,Montjuic_Hall,42.0,70.0,2026-05-21
evt_00238,Rock_Alternative_Rock_Barcelona_6,Music,Rock,Alternative_Rock,Barcelona,barcelona_diagonal_arena,Diagonal_Arena,43.0,55.0,2026-06-21
evt_00239,Rock_Alternative_Rock_Barcelona_7,Music,Rock,Alternative_Rock,Barcelona,barcelona_montjuic_hall,Montjuic_Hall,47.0,69.0,2026-07-20
evt_00240,Rock_Alternative_Rock_Barcelona_8,Music,Rock,Alternative_Rock,Barcelona,barcelona_diagonal_arena,Diagonal_Arena,38.0,68.0,2026-08-26
evt_00241,Pop_Mainstream_Pop_Barcelona_1,Music,Pop,Mainstream_Pop,Barcelona,barcelona_montjuic_hall,Montjuic_Hall,33.0,65.0,2026-01-10
evt_00242,Pop_Mainstream_Pop_Barcelona_2,Music,Pop,Mainstream_Pop,Barcelona,barcelona_diagonal_arena,Diagonal_Arena,52.0,64.0,2026-02-12
evt_00243,Pop_Mainstream_Pop_Barcelona_3,Music,Pop,Mainstream_Pop,Barcelona,barcelona_montjuic_hall,Montjuic_Hall,50.0,62.0,2026-03-17
evt_00244,Pop_Mainstream_Pop_Barcelona_4,Music,Pop,Mainstream_Pop,Barcelona,barcelona_diagonal_arena,Diagonal_Arena,55.0,67.0,2026-04-12
evt_00245,Pop_Mainstream_Pop_Barcelona_5,Music,Pop,Mainstream_Pop,Barcelona,barcelona_montjuic_hall,Montjuic_Hall,53.0,83.0,2026-05-16
evt_00246,Pop_Mainstream_Pop_Barcelona_6,Music,Pop,Mainstream_Pop,Barcelona,barcelona_diagonal_arena,Diagonal_Arena,57.0,69.0,2026-06-18
evt_00247,Pop_Mainstream_Pop_Barcelona_7,Music,Pop,Mainstream_Pop,Barcelona,barcelona_montjuic_hall,Montjuic_Hall,43.0,61.0,2026-07-23
evt_00248,Pop_Mainstream_Pop_Barcelona_8,Music,Pop,Mainstream_Pop,Barcelona,barcelona_diagonal_arena,Diagonal_Arena,45.0,79.0,2026-08-26
evt_00249,Pop_Latin_Pop_Barcelona_1,Music,Pop,Latin_Pop,Barcelona,barcelona_montjuic_hall,Montjuic_Hall,29.0,61.0,2026-01-14
evt_00250,Pop_Latin_Pop_Barcelona_2,Music,Pop,Latin_Pop,Barcelona,barcelona_diagonal_arena,Diagonal_Arena,57.0,79.0,2026-02-13
evt_00251,Pop_Latin_Pop_Barcelona_3,Music,Pop,Latin_Pop,Barcelona,barcelona_montjuic_hall,Montjuic_Hall,43.0,73.0,2026-03-14
evt_00252,Pop_Latin_Pop_Barcelona_4,Music,Pop,Latin_Pop,Barcelona,barcelona_diagonal_arena,Diagonal_Arena,41.0,75.0,2026-04-14
evt_00253,Pop_Latin_Pop_Barcelona_5,Music,Pop,Latin_Pop,Barcelona,barcelona_montjuic_hall,Montjuic_Hall,39.0,53.0,2026-05-17
evt_00254,Pop_Latin_Pop_Barcelona_6,Music,Pop,Latin_Pop,Barcelona,barcelona_diagonal_arena,Diagonal_Arena,56.0,82.0,2026-06-20
evt_00255,Pop_Latin_Pop_Barcelona_7,Music,Pop,Latin_Pop,Barcelona,barcelona_montjuic_hall,Montjuic_Hall,60.0,74.0,2026-07-24
evt_00256,Pop_Latin_Pop_Barcelona_8,Music,Pop,Latin_Pop,Barcelona,barcelona_diagonal_arena,Diagonal_Arena,53.0,85.0,2026-08-18
evt_00257,Electronic_House_Barcelona_1,Music,Electronic,House,Barcelona,barcelona_montjuic_hall,Montjuic_Hall,52.0,86.0,2026-01-11
evt_00258,Electronic_House_Barcelona_2,Music,Electronic,House,Barcelona,barcelona_diagonal_arena,Diagonal_Arena,54.0,86.0,2026-02-07
evt_00259,Electronic_House_Barcelona_3,Music,Electronic,House,Barcelona,barcelona_montjuic_hall,Montjuic_Hall,44.0,68.0,2026-03-19
evt_00260,Electronic_House_Barcelona_4,Music,Electronic,House,Barcelona,barcelona_diagonal_arena,Diagonal_Arena,50.0,76.0,2026-04-19
evt_00261,Electronic_House_Barcelona_5,Music,Electronic,House,Barcelona,barcelona_montjuic_hall,Montjuic_Hall,60.0,74.0,2026-05-14
evt_00262,Electronic_House_Barcelona_6,Music,Electronic,House,Barcelona,barcelona_diagonal_arena,Diagonal_Arena,57.0,87.0,2026-06-19
evt_00263,Electronic_House_Barcelona_7,Music,Electronic,House,Barcelona,barcelona_montjuic_hall,Montjuic_Hall,41.0,71.0,2026-07-22
evt_00264,Electronic_House_Barcelona_8,Music,Electronic,House,Barcelona,barcelona_diagonal_arena,Diagonal_Arena,65.0,85.0,2026-08-19
evt_00265,Electronic_Techno_Barcelona_1,Music,Electronic,Techno,Barcelona,barcelona_montjuic_hall,Montjuic_Hall,54.0,78.0,2026-01-14
evt_00266,Electronic_Techno_Barcelona_2,Music,Electronic,Techno,Barcelona,barcelona_diagonal_arena,Diagonal_Arena,61.0,89.0,2026-02-09
evt_00267,Electronic_Techno_Barcelona_3,Music,Electronic,Techno,Barcelona,barcelona_montjuic_hall,Montjuic_Hall,61.0,85.0,2026-03-11
evt_00268,Electronic_Techno_Barcelona_4,Music,Electronic,Techno,Barcelona,barcelona_diagonal_arena,Diagonal_Arena,47.0,65.0,2026-04-12
evt_00269,Electronic_Techno_Barcelona_5,Music,Electronic,Techno,Barcelona,barcelona_montjuic_hall,Montjuic_Hall,44.0,74.0,2026-05-21
evt_00270,Electronic_Techno_Barcelona_6,Music,Electronic,Techno,Barcelona,barcelona_diagonal_arena,Diagonal_Arena,49.0,67.0,2026-06-20
evt_00271,Electronic_Techno_Barcelona_7,Music,Electronic,Techno,Barcelona,barcelona_montjuic_hall,Montjuic_Hall,58.0,90.0,2026-07-22
evt_00272,Electronic_Techno_Barcelona_8,Music,Electronic,Techno,Barcelona,barcelona_diagonal_arena,Diagonal_Arena,67.0,79.0,2026-08-25
evt_00273,Urban_Trap_Barcelona_1,Music,Urban,Trap,Barcelona,barcelona_montjuic_hall,Montjuic_Hall,42.0,78.0,2026-01-10
evt_00274,Urban_Trap_Barcelona_2,Music,Urban,Trap,Barcelona,barcelona_diagonal_arena,Diagonal_Arena,55.0,71.0,2026-02-15
evt_00275,Urban_Trap_Barcelona_3,Music,Urban,Trap,Barcelona,barcelona_montjuic_hall,Montjuic_Hall,26.0,56.0,2026-03-11
evt_00276,Urban_Trap_Barcelona_4,Music,Urban,Trap,Barcelona,barcelona_diagonal_arena,Diagonal_Arena,39.0,73.0,2026-04-12
evt_00277,Urban_Trap_Barcelona_5,Music,Urban,Trap,Barcelona,barcelona_montjuic_hall,Montjuic_Hall,52.0,70.0,2026-05-19
evt_00278,Urban_Trap_Barcelona_6,Music,Urban,Trap,Barcelona,barcelona_diagonal_arena,Diagonal_Arena,24.0,60.0,2026-06-18
evt_00279,Urban_Trap_Barcelona_7,Music,Urban,Trap,Barcelona,barcelona_montjuic_hall,Montjuic_Hall,53.0,71.0,2026-07-19
evt_00280,Urban_Trap_Barcelona_8,Music,Urban,Trap,Barcelona,barcelona_diagonal_arena,Diagonal_Arena,49.0,75.0,2026-08-20
evt_00281,Urban_Hip_Hop_Barcelona_1,Music,Urban,Hip_Hop,Barcelona,barcelona_montjuic_hall,Montjuic_Hall,29.0,57.0,2026-01-10
evt_00282,Urban_Hip_Hop_Barcelona_2,Music,Urban,Hip_Hop,Barcelona,barcelona_diagonal_arena,Diagonal_Arena,55.0,67.0,2026-02-10
evt_00283,Urban_Hip_Hop_Barcelona_3,Music,Urban,Hip_Hop,Barcelona,barcelona_montjuic_hall,Montjuic_Hall,42.0,78.0,2026-03-11
evt_00284,Urban_Hip_Hop_Barcelona_4,Music,Urban,Hip_Hop,Barcelona,barcelona_diagonal_arena,Diagonal_Arena,32.0,54.0,2026-04-18
evt_00285,Urban_Hip_Hop_Barcelona_5,Music,Urban,Hip_Hop,Barcelona,barcelona_montjuic_hall,Montjuic_Hall,28.0,58.0,2026-05-14
evt_00286,Urban_Hip_Hop_Barcelona_6,Music,Urban,Hip_Hop,Barcelona,barcelona_diagonal_arena,Diagonal_Arena,44.0,80.0,2026-06-17
evt_00287,Urban_Hip_Hop_Barcelona_7,Music,Urban,Hip_Hop,Barcelona,barcelona_montjuic_hall,Montjuic_Hall,27.0,57.0,2026-07-21
evt_00288,Urban_Hip_Hop_Barcelona_8,Music,Urban,Hip_Hop,Barcelona,barcelona_diagonal_arena,Diagonal_Arena,37.0,57.0,2026-08-25
evt_00289,Football_La_Liga_Barcelona_1,Sports,Football,La_Liga,Barcelona,barcelona_montjuic_hall,Montjuic_Hall,79.0,115.0,2026-01-13
evt_00290,Football_La_Liga_Barcelona_2,Sports,Football,La_Liga,Barcelona,barcelona_diagonal_arena,Diagonal_Arena,70.0,106.0,2026-02-07
evt_00291,Football_La_Liga_Barcelona_3,Sports,Football,La_Liga,Barcelona,barcelona_montjuic_hall,Montjuic_Hall,94.0,126.0,2026-03-16
evt_00292,Football_La_Liga_Barcelona_4,Sports,Football,La_Liga,Barcelona,barcelona_diagonal_arena,Diagonal_Arena,96.0,124.0,2026-04-18
evt_00293,Football_La_Liga_Barcelona_5,Sports,Football,La_Liga,Barcelona,barcelona_montjuic_hall,Montjuic_Hall,95.0,117.0,2026-05-14
evt_00294,Football_La_Liga_Barcelona_6,Sports,Football,La_Liga,Barcelona,barcelona_diagonal_arena,Diagonal_Arena,93.0,121.0,2026-06-19
evt_00295,Football_La_Liga_Barcelona_7,Sports,Football,La_Liga,Barcelona,barcelona_montjuic_hall,Montjuic_Hall,90.0,108.0,2026-07-18
evt_00296,Football_La_Liga_Barcelona_8,Sports,Football,La_Liga,Barcelona,barcelona_diagonal_arena,Diagonal_Arena,78.0,102.0,2026-08-24
evt_00297,Football_International_Friendly_Barcelona_1,Sports,Football,International_Friendly,Barcelona,barcelona_montjuic_hall,Montjuic_Hall,83.0,117.0,2026-01-12
evt_00298,Football_International_Friendly_Barcelona_2,Sports,Football,International_Friendly,Barcelona,barcelona_diagonal_arena,Diagonal_Arena,94.0,106.0,2026-02-12
evt_00299,Football_International_Friendly_Barcelona_3,Sports,Football,International_Friendly,Barcelona,barcelona_montjuic_hall,Montjuic_Hall,70.0,104.0,2026-03-17
evt_00300,Football_International_Friendly_Barcelona_4,Sports,Football,International_Friendly,Barcelona,barcelona_diagonal_arena,Diagonal_Arena,99.0,121.0,2026-04-19
evt_00301,Football_International_Friendly_Barcelona_5,Sports,Football,International_Friendly,Barcelona,barcelona_montjuic_hall,Montjuic_Hall,83.0,111.0,2026-05-17
evt_00302,Football_International_Friendly_Barcelona_6,Sports,Football,International_Friendly,Barcelona,barcelona_diagonal_arena,Diagonal_Arena,91.0,113.0,2026-06-17
evt_00303,Football_International_Friendly_Barcelona_7,Sports,Football,International_Friendly,Barcelona,barcelona_montjuic_hall,Montjuic_Hall,79.0,109.0,2026-07-23
evt_00304,Football_International_Friendly_Barcelona_8,Sports,Football,International_Friendly,Barcelona,barcelona_diagonal_arena,Diagonal_Arena,88.0,114.0,2026-08-21
evt_00305,Basketball_ACB_Barcelona_1,Sports,Basketball,ACB,Barcelona,barcelona_montjuic_hall,Montjuic_Hall,62.0,90.0,2026-01-10
evt_00306,Basketball_ACB_Barcelona_2,Sports,Basketball,ACB,Barcelona,barcelona_diagonal_arena,Diagonal_Arena,77.0,89.0,2026-02-14
evt_00307,Basketball_ACB_Barcelona_3,Sports,Basketball,ACB,Barcelona,barcelona_montjuic_hall,Montjuic_Hall,79.0,101.0,2026-03-19
evt_00308,Basketball_ACB_Barcelona_4,Sports,Basketball,ACB,Barcelona,barcelona_diagonal_arena,Diagonal_Arena,63.0,83.0,2026-04-13
evt_00309,Basketball_ACB_Barcelona_5,Sports,Basketball,ACB,Barcelona,barcelona_montjuic_hall,Montjuic_Hall,83.0,97.0,2026-05-19
evt_00310,Basketball_ACB_Barcelona_6,Sports,Basketball,ACB,Barcelona,barcelona_diagonal_arena,Diagonal_Arena,66.0,102.0,2026-06-22
evt_00311,Basketball_ACB_Barcelona_7,Sports,Basketball,ACB,Barcelona,barcelona_montjuic_hall,Montjuic_Hall,61.0,77.0,2026-07-22
evt_00312,Basketball_ACB_Barcelona_8,Sports,Basketball,ACB,Barcelona,barcelona_diagonal_arena,Diagonal_Arena,58.0,78.0,2026-08-20
evt_00313,Basketball_EuroLeague_Barcelona_1,Sports,Basketball,EuroLeague,Barcelona,barcelona_montjuic_hall,Montjuic_Hall,69.0,97.0,2026-01-10
evt_00314,Basketball_EuroLeague_Barcelona_2,Sports,Basketball,EuroLeague,Barcelona,barcelona_diagonal_arena,Diagonal_Arena,82.0,98.0,2026-02-13
evt_00315,Basketball_EuroLeague_Barcelona_3,Sports,Basketball,EuroLeague,Barcelona,barcelona_montjuic_hall,Montjuic_Hall,54.0,78.0,2026-03-15
evt_00316,Basketball_EuroLeague_Barcelona_4,Sports,Basketball,EuroLeague,Barcelona,barcelona_diagonal_arena,Diagonal_Arena,79.0,101.0,2026-04-14
evt_00317,Basketball_EuroLeague_Barcelona_5,Sports,Basketball,EuroLeague,Barcelona,barcelona_montjuic_hall,Montjuic_Hall,59.0,89.0,2026-05-22
evt_00318,Basketball_EuroLeague_Barcelona_6,Sports,Basketball,EuroLeague,Barcelona,barcelona_diagonal_arena,Diagonal_Arena,52.0,84.0,2026-06-19
evt_00319,Basketball_EuroLeague_Barcelona_7,Sports,Basketball,EuroLeague,Barcelona,barcelona_montjuic_hall,Montjuic_Hall,70.0,100.0,2026-07-22
evt_00320,Basketball_EuroLeague_Barcelona_8,Sports,Basketball,EuroLeague,Barcelona,barcelona_diagonal_arena,Diagonal_Arena,57.0,77.0,2026-08-19
evt_00321,Tennis_ATP_Barcelona_1,Sports,Tennis,ATP,Barcelona,barcelona_montjuic_hall,Montjuic_Hall,75.0,105.0,2026-01-10
evt_00322,Tennis_ATP_Barcelona_2,Sports,Tennis,ATP,Barcelona,barcelona_diagonal_arena,Diagonal_Arena,77.0,103.0,2026-02-13
evt_00323,Tennis_ATP_Barcelona_3,Sports,Tennis,ATP,Barcelona,barcelona_montjuic_hall,Montjuic_Hall,84.0,102.0,2026-03-19
evt_00324,Tennis_ATP_Barcelona_4,Sports,Tennis,ATP,Barcelona,barcelona_diagonal_arena,Diagonal_Arena,88.0,102.0,2026-04-19
evt_00325,Tennis_ATP_Barcelona_5,Sports,Tennis,ATP,Barcelona,barcelona_montjuic_hall,Montjuic_Hall,88.0,100.0,2026-05-14
evt_00326,Tennis_ATP_Barcelona_6,Sports,Tennis,ATP,Barcelona,barcelona_diagonal_arena,Diagonal_Arena,70.0,94.0,2026-06-19
evt_00327,Tennis_ATP_Barcelona_7,Sports,Tennis,ATP,Barcelona,barcelona_montjuic_hall,Montjuic_Hall,70.0,102.0,2026-07-23
evt_00328,Tennis_ATP_Barcelona_8,Sports,Tennis,ATP,Barcelona,barcelona_diagonal_arena,Diagonal_Arena,72.0,102.0,2026-08-23
evt_00329,Tennis_Exhibition_Barcelona_1,Sports,Tennis,Exhibition,Barcelona,barcelona_montjuic_hall,Montjuic_Hall,82.0,102.0,2026-01-12
evt_00330,Tennis_Exhibition_Barcelona_2,Sports,Tennis,Exhibition,Barcelona,barcelona_diagonal_arena,Diagonal_Arena,80.0,96.0,2026-02-11
evt_00331,Tennis_Exhibition_Barcelona_3,Sports,Tennis,Exhibition,Barcelona,barcelona_montjuic_hall,Montjuic_Hall,86.0,100.0,2026-03-18
evt_00332,Tennis_Exhibition_Barcelona_4,Sports,Tennis,Exhibition,Barcelona,barcelona_diagonal_arena,Diagonal_Arena,86.0,110.0,2026-04-15
evt_00333,Tennis_Exhibition_Barcelona_5,Sports,Tennis,Exhibition,Barcelona,barcelona_montjuic_hall,Montjuic_Hall,66.0,86.0,2026-05-15
evt_00334,Tennis_Exhibition_Barcelona_6,Sports,Tennis,Exhibition,Barcelona,barcelona_diagonal_arena,Diagonal_Arena,68.0,98.0,2026-06-20
evt_00335,Tennis_Exhibition_Barcelona_7,Sports,Tennis,Exhibition,Barcelona,barcelona_montjuic_hall,Montjuic_Hall,68.0,88.0,2026-07-18
evt_00336,Tennis_Exhibition_Barcelona_8,Sports,Tennis,Exhibition,Barcelona,barcelona_diagonal_arena,Diagonal_Arena,76.0,104.0,2026-08-21
evt_00337,Theatre_Drama_Barcelona_1,Arts_Theatre,Theatre,Drama,Barcelona,barcelona_montjuic_hall,Montjuic_Hall,31.0,43.0,2026-01-14
evt_00338,Theatre_Drama_Barcelona_2,Arts_Theatre,Theatre,Drama,Barcelona,barcelona_diagonal_arena,Diagonal_Arena,23.0,49.0,2026-02-11
evt_00339,Theatre_Drama_Barcelona_3,Arts_Theatre,Theatre,Drama,Barcelona,barcelona_montjuic_hall,Montjuic_Hall,23.0,55.0,2026-03-19
evt_00340,Theatre_Drama_Barcelona_4,Arts_Theatre,Theatre,Drama,Barcelona,barcelona_diagonal_arena,Diagonal_Arena,44.0,62.0,2026-04-18
evt_00341,Theatre_Drama_Barcelona_5,Arts_Theatre,Theatre,Drama,Barcelona,barcelona_montjuic_hall,Montjuic_Hall,29.0,47.0,2026-05-17
evt_00342,Theatre_Drama_Barcelona_6,Arts_Theatre,Theatre,Drama,Barcelona,barcelona_diagonal_arena,Diagonal_Arena,24.0,36.0,2026-06-22
evt_00343,Theatre_Drama_Barcelona_7,Arts_Theatre,Theatre,Drama,Barcelona,barcelona_montjuic_hall,Montjuic_Hall,16.0,42.0,2026-07-18
evt_00344,Theatre_Drama_Barcelona_8,Arts_Theatre,Theatre,Drama,Barcelona,barcelona_diagonal_arena,Diagonal_Arena,43.0,61.0,2026-08-23
evt_00345,Theatre_Contemporary_Barcelona_1,Arts_Theatre,Theatre,Contemporary,Barcelona,barcelona_montjuic_hall,Montjuic_Hall,30.0,46.0,2026-01-11
evt_00346,Theatre_Contemporary_Barcelona_2,Arts_Theatre,Theatre,Contemporary,Barcelona,barcelona_diagonal_arena,Diagonal_Arena,31.0,67.0,2026-02-08
evt_00347,Theatre_Contemporary_Barcelona_3,Arts_Theatre,Theatre,Contemporary,Barcelona,barcelona_montjuic_hall,Montjuic_Hall,27.0,39.0,2026-03-12
evt_00348,Theatre_Contemporary_Barcelona_4,Arts_Theatre,Theatre,Contemporary,Barcelona,barcelona_diagonal_arena,Diagonal_Arena,42.0,64.0,2026-04-15
evt_00349,Theatre_Contemporary_Barcelona_5,Arts_Theatre,Theatre,Contemporary,Barcelona,barcelona_montjuic_hall,Montjuic_Hall,40.0,54.0,2026-05-15
evt_00350,Theatre_Contemporary_Barcelona_6,Arts_Theatre,Theatre,Contemporary,Barcelona,barcelona_diagonal_arena,Diagonal_Arena,20.0,38.0,2026-06-18
evt_00351,Theatre_Contemporary_Barcelona_7,Arts_Theatre,Theatre,Contemporary,Barcelona,barcelona_montjuic_hall,Montjuic_Hall,35.0,71.0,2026-07-21
evt_00352,Theatre_Contemporary_Barcelona_8,Arts_Theatre,Theatre,Contemporary,Barcelona,barcelona_diagonal_arena,Diagonal_Arena,40.0,64.0,2026-08-26
evt_00353,Musical_Broadway_Barcelona_1,Arts_Theatre,Musical,Broadway,Barcelona,barcelona_montjuic_hall,Montjuic_Hall,53.0,83.0,2026-01-10
evt_00354,Musical_Broadway_Barcelona_2,Arts_Theatre,Musical,Broadway,Barcelona,barcelona_diagonal_arena,Diagonal_Arena,57.0,85.0,2026-02-11
evt_00355,Musical_Broadway_Barcelona_3,Arts_Theatre,Musical,Broadway,Barcelona,barcelona_montjuic_hall,Montjuic_Hall,59.0,73.0,2026-03-18
evt_00356,Musical_Broadway_Barcelona_4,Arts_Theatre,Musical,Broadway,Barcelona,barcelona_diagonal_arena,Diagonal_Arena,48.0,66.0,2026-04-20
evt_00357,Musical_Broadway_Barcelona_5,Arts_Theatre,Musical,Broadway,Barcelona,barcelona_montjuic_hall,Montjuic_Hall,53.0,65.0,2026-05-14
evt_00358,Musical_Broadway_Barcelona_6,Arts_Theatre,Musical,Broadway,Barcelona,barcelona_diagonal_arena,Diagonal_Arena,51.0,65.0,2026-06-22
evt_00359,Musical_Broadway_Barcelona_7,Arts_Theatre,Musical,Broadway,Barcelona,barcelona_montjuic_hall,Montjuic_Hall,42.0,74.0,2026-07-25
evt_00360,Musical_Broadway_Barcelona_8,Arts_Theatre,Musical,Broadway,Barcelona,barcelona_diagonal_arena,Diagonal_Arena,53.0,73.0,2026-08-22
evt_00361,Musical_Local_Musical_Barcelona_1,Arts_Theatre,Musical,Local_Musical,Barcelona,barcelona_montjuic_hall,Montjuic_Hall,47.0,75.0,2026-01-13
evt_00362,Musical_Local_Musical_Barcelona_2,Arts_Theatre,Musical,Local_Musical,Barcelona,barcelona_diagonal_arena,Diagonal_Arena,51.0,81.0,2026-02-13
evt_00363,Musical_Local_Musical_Barcelona_3,Arts_Theatre,Musical,Local_Musical,Barcelona,barcelona_montjuic_hall,Montjuic_Hall,57.0,87.0,2026-03-17
evt_00364,Musical_Local_Musical_Barcelona_4,Arts_Theatre,Musical,Local_Musical,Barcelona,barcelona_diagonal_arena,Diagonal_Arena,47.0,67.0,2026-04-17
evt_00365,Musical_Local_Musical_Barcelona_5,Arts_Theatre,Musical,Local_Musical,Barcelona,barcelona_montjuic_hall,Montjuic_Hall,45.0,57.0,2026-05-16
evt_00366,Musical_Local_Musical_Barcelona_6,Arts_Theatre,Musical,Local_Musical,Barcelona,barcelona_diagonal_arena,Diagonal_Arena,62.0,86.0,2026-06-23
evt_00367,Musical_Local_Musical_Barcelona_7,Arts_Theatre,Musical,Local_Musical,Barcelona,barcelona_montjuic_hall,Montjuic_Hall,54.0,74.0,2026-07-18
evt_00368,Musical_Local_Musical_Barcelona_8,Arts_Theatre,Musical,Local_Musical,Barcelona,barcelona_diagonal_arena,Diagonal_Arena,47.0,79.0,2026-08-22
evt_00369,Comedy_Stand_Up_Barcelona_1,Arts_Theatre,Comedy,Stand_Up,Barcelona,barcelona_montjuic_hall,Montjuic_Hall,35.0,51.0,2026-01-13
evt_00370,Comedy_Stand_Up_Barcelona_2,Arts_Theatre,Comedy,Stand_Up,Barcelona,barcelona_diagonal_arena,Diagonal_Arena,17.0,51.0,2026-02-14
evt_00371,Comedy_Stand_Up_Barcelona_3,Arts_Theatre,Comedy,Stand_Up,Barcelona,barcelona_montjuic_hall,Montjuic_Hall,15.0,47.0,2026-03-15
evt_00372,Comedy_Stand_Up_Barcelona_4,Arts_Theatre,Comedy,Stand_Up,Barcelona,barcelona_diagonal_arena,Diagonal_Arena,23.0,41.0,2026-04-15
evt_00373,Comedy_Stand_Up_Barcelona_5,Arts_Theatre,Comedy,Stand_Up,Barcelona,barcelona_montjuic_hall,Montjuic_Hall,16.0,32.0,2026-05-17
evt_00374,Comedy_Stand_Up_Barcelona_6,Arts_Theatre,Comedy,Stand_Up,Barcelona,barcelona_diagonal_arena,Diagonal_Arena,34.0,52.0,2026-06-15
evt_00375,Comedy_Stand_Up_Barcelona_7,Arts_Theatre,Comedy,Stand_Up,Barcelona,barcelona_montjuic_hall,Montjuic_Hall,15.0,29.0,2026-07-18
evt_00376,Comedy_Stand_Up_Barcelona_8,Arts_Theatre,Comedy,Stand_Up,Barcelona,barcelona_diagonal_arena,Diagonal_Arena,28.0,64.0,2026-08-21
evt_00377,Comedy_Improvised_Barcelona_1,Arts_Theatre,Comedy,Improvised,Barcelona,barcelona_montjuic_hall,Montjuic_Hall,33.0,49.0,2026-01-10
evt_00378,Comedy_Improvised_Barcelona_2,Arts_Theatre,Comedy,Improvised,Barcelona,barcelona_diagonal_arena,Diagonal_Arena,23.0,49.0,2026-02-13
evt_00379,Comedy_Improvised_Barcelona_3,Arts_Theatre,Comedy,Improvised,Barcelona,barcelona_montjuic_hall,Montjuic_Hall,24.0,54.0,2026-03-18
evt_00380,Comedy_Improvised_Barcelona_4,Arts_Theatre,Comedy,Improvised,Barcelona,barcelona_diagonal_arena,Diagonal_Arena,8.0,40.0,2026-04-14
evt_00381,Comedy_Improvised_Barcelona_5,Arts_Theatre,Comedy,Improvised,Barcelona,barcelona_montjuic_hall,Montjuic_Hall,33.0,51.0,2026-05-21
evt_00382,Comedy_Improvised_Barcelona_6,Arts_Theatre,Comedy,Improvised,Barcelona,barcelona_diagonal_arena,Diagonal_Arena,28.0,48.0,2026-06-18
evt_00383,Comedy_Improvised_Barcelona_7,Arts_Theatre,Comedy,Improvised,Barcelona,barcelona_montjuic_hall,Montjuic_Hall,20.0,42.0,2026-07-22
evt_00384,Comedy_Improvised_Barcelona_8,Arts_Theatre,Comedy,Improvised,Barcelona,barcelona_diagonal_arena,Diagonal_Arena,21.0,37.0,2026-08-20
evt_00385,Classical_Symphonic_Barcelona_1,Arts_Theatre,Classical,Symphonic,Barcelona,barcelona_montjuic_hall,Montjuic_Hall,41.0,55.0,2026-01-10
evt_00386,Classical_Symphonic_Barcelona_2,Arts_Theatre,Classical,Symphonic,Barcelona,barcelona_diagonal_arena,Diagonal_Arena,28.0,60.0,2026-02-10
evt_00387,Classical_Symphonic_Barcelona_3,Arts_Theatre,Classical,Symphonic,Barcelona,barcelona_montjuic_hall,Montjuic_Hall,29.0,47.0,2026-03-17
evt_00388,Classical_Symphonic_Barcelona_4,Arts_Theatre,Classical,Symphonic,Barcelona,barcelona_diagonal_arena,Diagonal_Arena,26.0,50.0,2026-04-15
evt_00389,Classical_Symphonic_Barcelona_5,Arts_Theatre,Classical,Symphonic,Barcelona,barcelona_montjuic_hall,Montjuic_Hall,45.0,75.0,2026-05-16
evt_00390,Classical_Symphonic_Barcelona_6,Arts_Theatre,Classical,Symphonic,Barcelona,barcelona_diagonal_arena,Diagonal_Arena,25.0,51.0,2026-06-17
evt_00391,Classical_Symphonic_Barcelona_7,Arts_Theatre,Classical,Symphonic,Barcelona,barcelona_montjuic_hall,Montjuic_Hall,41.0,71.0,2026-07-22
evt_00392,Classical_Symphonic_Barcelona_8,Arts_Theatre,Classical,Symphonic,Barcelona,barcelona_diagonal_arena,Diagonal_Arena,48.0,66.0,2026-08-26
evt_00393,Classical_Chamber_Barcelona_1,Arts_Theatre,Classical,Chamber,Barcelona,barcelona_montjuic_hall,Montjuic_Hall,40.0,64.0,2026-01-10
evt_00394,Classical_Chamber_Barcelona_2,Arts_Theatre,Classical,Chamber,Barcelona,barcelona_diagonal_arena,Diagonal_Arena,20.0,52.0,2026-02-11
evt_00395,Classical_Chamber_Barcelona_3,Arts_Theatre,Classical,Chamber,Barcelona,barcelona_montjuic_hall,Montjuic_Hall,27.0,55.0,2026-03-17
evt_00396,Classical_Chamber_Barcelona_4,Arts_Theatre,Classical,Chamber,Barcelona,barcelona_diagonal_arena,Diagonal_Arena,28.0,56.0,2026-04-18
evt_00397,Classical_Chamber_Barcelona_5,Arts_Theatre,Classical,Chamber,Barcelona,barcelona_montjuic_hall,Montjuic_Hall,43.0,65.0,2026-05-15
evt_00398,Classical_Chamber_Barcelona_6,Arts_Theatre,Classical,Chamber,Barcelona,barcelona_diagonal_arena,Diagonal_Arena,37.0,63.0,2026-06-20
evt_00399,Classical_Chamber_Barcelona_7,Arts_Theatre,Classical,Chamber,Barcelona,barcelona_montjuic_hall,Montjuic_Hall,32.0,64.0,2026-07-17
evt_00400,Classical_Chamber_Barcelona_8,Arts_Theatre,Classical,Chamber,Barcelona,barcelona_diagonal_arena,Diagonal_Arena,46.0,60.0,2026-08-18
evt_00401,Kids_Interactive_Show_Barcelona_1,Family,Kids,Interactive_Show,Barcelona,barcelona_montjuic_hall,Montjuic_Hall,9.0,37.0,2026-01-10
evt_00402,Kids_Interactive_Show_Barcelona_2,Family,Kids,Interactive_Show,Barcelona,barcelona_diagonal_arena,Diagonal_Arena,12.0,48.0,2026-02-15
evt_00403,Kids_Interactive_Show_Barcelona_3,Family,Kids,Interactive_Show,Barcelona,barcelona_montjuic_hall,Montjuic_Hall,19.0,41.0,2026-03-11
evt_00404,Kids_Interactive_Show_Barcelona_4,Family,Kids,Interactive_Show,Barcelona,barcelona_diagonal_arena,Diagonal_Arena,21.0,51.0,2026-04-20
evt_00405,Kids_Interactive_Show_Barcelona_5,Family,Kids,Interactive_Show,Barcelona,barcelona_montjuic_hall,Montjuic_Hall,8.0,33.0,2026-05-15
evt_00406,Kids_Interactive_Show_Barcelona_6,Family,Kids,Interactive_Show,Barcelona,barcelona_diagonal_arena,Diagonal_Arena,14.0,36.0,2026-06-16
evt_00407,Kids_Interactive_Show_Barcelona_7,Family,Kids,Interactive_Show,Barcelona,barcelona_montjuic_hall,Montjuic_Hall,8.0,32.0,2026-07-21
evt_00408,Kids_Interactive_Show_Barcelona_8,Family,Kids,Interactive_Show,Barcelona,barcelona_diagonal_arena,Diagonal_Arena,8.0,24.0,2026-08-21
evt_00409,Kids_Storytelling_Barcelona_1,Family,Kids,Storytelling,Barcelona,barcelona_montjuic_hall,Montjuic_Hall,8.0,25.0,2026-01-10
evt_00410,Kids_Storytelling_Barcelona_2,Family,Kids,Storytelling,Barcelona,barcelona_diagonal_arena,Diagonal_Arena,8.0,31.0,2026-02-07
evt_00411,Kids_Storytelling_Barcelona_3,Family,Kids,Storytelling,Barcelona,barcelona_montjuic_hall,Montjuic_Hall,8.0,32.0,2026-03-19
evt_00412,Kids_Storytelling_Barcelona_4,Family,Kids,Storytelling,Barcelona,barcelona_diagonal_arena,Diagonal_Arena,26.0,40.0,2026-04-14
evt_00413,Kids_Storytelling_Barcelona_5,Family,Kids,Storytelling,Barcelona,barcelona_montjuic_hall,Montjuic_Hall,22.0,44.0,2026-05-21
evt_00414,Kids_Storytelling_Barcelona_6,Family,Kids,Storytelling,Barcelona,barcelona_diagonal_arena,Diagonal_Arena,11.0,25.0,2026-06-18
evt_00415,Kids_Storytelling_Barcelona_7,Family,Kids,Storytelling,Barcelona,barcelona_montjuic_hall,Montjuic_Hall,17.0,53.0,2026-07-19
evt_00416,Kids_Storytelling_Barcelona_8,Family,Kids,Storytelling,Barcelona,barcelona_diagonal_arena,Diagonal_Arena,21.0,33.0,2026-08-26
evt_00417,Circus_Acrobatic_Barcelona_1,Family,Circus,Acrobatic,Barcelona,barcelona_montjuic_hall,Montjuic_Hall,20.0,44.0,2026-01-14
evt_00418,Circus_Acrobatic_Barcelona_2,Family,Circus,Acrobatic,Barcelona,barcelona_diagonal_arena,Diagonal_Arena,25.0,55.0,2026-02-08
evt_00419,Circus_Acrobatic_Barcelona_3,Family,Circus,Acrobatic,Barcelona,barcelona_montjuic_hall,Montjuic_Hall,27.0,41.0,2026-03-14
evt_00420,Circus_Acrobatic_Barcelona_4,Family,Circus,Acrobatic,Barcelona,barcelona_diagonal_arena,Diagonal_Arena,9.0,43.0,2026-04-19
evt_00421,Circus_Acrobatic_Barcelona_5,Family,Circus,Acrobatic,Barcelona,barcelona_montjuic_hall,Montjuic_Hall,23.0,49.0,2026-05-18
evt_00422,Circus_Acrobatic_Barcelona_6,Family,Circus,Acrobatic,Barcelona,barcelona_diagonal_arena,Diagonal_Arena,19.0,45.0,2026-06-22
evt_00423,Circus_Acrobatic_Barcelona_7,Family,Circus,Acrobatic,Barcelona,barcelona_montjuic_hall,Montjuic_Hall,29.0,53.0,2026-07-21
evt_00424,Circus_Acrobatic_Barcelona_8,Family,Circus,Acrobatic,Barcelona,barcelona_diagonal_arena,Diagonal_Arena,29.0,53.0,2026-08-22
evt_00425,Circus_Family_Circus_Barcelona_1,Family,Circus,Family_Circus,Barcelona,barcelona_montjuic_hall,Montjuic_Hall,19.0,31.0,2026-01-10
evt_00426,Circus_Family_Circus_Barcelona_2,Family,Circus,Family_Circus,Barcelona,barcelona_diagonal_arena,Diagonal_Arena,29.0,53.0,2026-02-09
evt_00427,Circus_Family_Circus_Barcelona_3,Family,Circus,Family_Circus,Barcelona,barcelona_montjuic_hall,Montjuic_Hall,33.0,51.0,2026-03-15
evt_00428,Circus_Family_Circus_Barcelona_4,Family,Circus,Family_Circus,Barcelona,barcelona_diagonal_arena,Diagonal_Arena,20.0,36.0,2026-04-16
evt_00429,Circus_Family_Circus_Barcelona_5,Family,Circus,Family_Circus,Barcelona,barcelona_montjuic_hall,Montjuic_Hall,20.0,50.0,2026-05-15
evt_00430,Circus_Family_Circus_Barcelona_6,Family,Circus,Family_Circus,Barcelona,barcelona_diagonal_arena,Diagonal_Arena,19.0,41.0,2026-06-17
evt_00431,Circus_Family_Circus_Barcelona_7,Family,Circus,Family_Circus,Barcelona,barcelona_montjuic_hall,Montjuic_Hall,30.0,50.0,2026-07-22
evt_00432,Circus_Family_Circus_Barcelona_8,Family,Circus,Family_Circus,Barcelona,barcelona_diagonal_arena,Diagonal_Arena,15.0,49.0,2026-08-25
evt_00433,Exhibition_Science_Barcelona_1,Family,Exhibition,Science,Barcelona,barcelona_montjuic_hall,Montjuic_Hall,8.0,28.0,2026-01-11
evt_00434,Exhibition_Science_Barcelona_2,Family,Exhibition,Science,Barcelona,barcelona_diagonal_arena,Diagonal_Arena,8.0,28.0,2026-02-13
evt_00435,Exhibition_Science_Barcelona_3,Family,Exhibition,Science,Barcelona,barcelona_montjuic_hall,Montjuic_Hall,8.0,34.0,2026-03-11
evt_00436,Exhibition_Science_Barcelona_4,Family,Exhibition,Science,Barcelona,barcelona_diagonal_arena,Diagonal_Arena,29.0,43.0,2026-04-18
evt_00437,Exhibition_Science_Barcelona_5,Family,Exhibition,Science,Barcelona,barcelona_montjuic_hall,Montjuic_Hall,25.0,45.0,2026-05-20
evt_00438,Exhibition_Science_Barcelona_6,Family,Exhibition,Science,Barcelona,barcelona_diagonal_arena,Diagonal_Arena,8.0,39.0,2026-06-21
evt_00439,Exhibition_Science_Barcelona_7,Family,Exhibition,Science,Barcelona,barcelona_montjuic_hall,Montjuic_Hall,24.0,44.0,2026-07-25
evt_00440,Exhibition_Science_Barcelona_8,Family,Exhibition,Science,Barcelona,barcelona_diagonal_arena,Diagonal_Arena,8.0,30.0,2026-08-26
evt_00441,Exhibition_Immersive_Barcelona_1,Family,Exhibition,Immersive,Barcelona,barcelona_montjuic_hall,Montjuic_Hall,8.0,33.0,2026-01-11
evt_00442,Exhibition_Immersive_Barcelona_2,Family,Exhibition,Immersive,Barcelona,barcelona_diagonal_arena,Diagonal_Arena,8.0,27.0,2026-02-09
evt_00443,Exhibition_Immersive_Barcelona_3,Family,Exhibition,Immersive,Barcelona,barcelona_montjuic_hall,Montjuic_Hall,10.0,46.0,2026-03-13
evt_00444,Exhibition_Immersive_Barcelona_4,Family,Exhibition,Immersive,Barcelona,barcelona_diagonal_arena,Diagonal_Arena,8.0,39.0,2026-04-17
evt_00445,Exhibition_Immersive_Barcelona_5,Family,Exhibition,Immersive,Barcelona,barcelona_montjuic_hall,Montjuic_Hall,13.0,45.0,2026-05-20
evt_00446,Exhibition_Immersive_Barcelona_6,Family,Exhibition,Immersive,Barcelona,barcelona_diagonal_arena,Diagonal_Arena,8.0,22.0,2026-06-15
evt_00447,Exhibition_Immersive_Barcelona_7,Family,Exhibition,Immersive,Barcelona,barcelona_montjuic_hall,Montjuic_Hall,19.0,43.0,2026-07-22
evt_00448,Exhibition_Immersive_Barcelona_8,Family,Exhibition,Immersive,Barcelona,barcelona_diagonal_arena,Diagonal_Arena,21.0,35.0,2026-08-22
evt_00449,Rock_Indie_Rock_Valencia_1,Music,Rock,Indie_Rock,Valencia,valencia_mediterraneo_hall,Mediterraneo_Hall,34.0,70.0,2026-01-10
evt_00450,Rock_Indie_Rock_Valencia_2,Music,Rock,Indie_Rock,Valencia,valencia_ciutat_arena,Ciutat_Arena,33.0,67.0,2026-02-08
evt_00451,Rock_Indie_Rock_Valencia_3,Music,Rock,Indie_Rock,Valencia,valencia_mediterraneo_hall,Mediterraneo_Hall,31.0,61.0,2026-03-16
evt_00452,Rock_Indie_Rock_Valencia_4,Music,Rock,Indie_Rock,Valencia,valencia_ciutat_arena,Ciutat_Arena,34.0,60.0,2026-04-16
evt_00453,Rock_Indie_Rock_Valencia_5,Music,Rock,Indie_Rock,Valencia,valencia_mediterraneo_hall,Mediterraneo_Hall,32.0,64.0,2026-05-15
evt_00454,Rock_Indie_Rock_Valencia_6,Music,Rock,Indie_Rock,Valencia,valencia_ciutat_arena,Ciutat_Arena,40.0,54.0,2026-06-19
evt_00455,Rock_Indie_Rock_Valencia_7,Music,Rock,Indie_Rock,Valencia,valencia_mediterraneo_hall,Mediterraneo_Hall,27.0,43.0,2026-07-23
evt_00456,Rock_Indie_Rock_Valencia_8,Music,Rock,Indie_Rock,Valencia,valencia_ciutat_arena,Ciutat_Arena,47.0,65.0,2026-08-24
evt_00457,Rock_Alternative_Rock_Valencia_1,Music,Rock,Alternative_Rock,Valencia,valencia_mediterraneo_hall,Mediterraneo_Hall,36.0,64.0,2026-01-10
evt_00458,Rock_Alternative_Rock_Valencia_2,Music,Rock,Alternative_Rock,Valencia,valencia_ciutat_arena,Ciutat_Arena,28.0,56.0,2026-02-11
evt_00459,Rock_Alternative_Rock_Valencia_3,Music,Rock,Alternative_Rock,Valencia,valencia_mediterraneo_hall,Mediterraneo_Hall,39.0,63.0,2026-03-19
evt_00460,Rock_Alternative_Rock_Valencia_4,Music,Rock,Alternative_Rock,Valencia,valencia_ciutat_arena,Ciutat_Arena,20.0,54.0,2026-04-17
evt_00461,Rock_Alternative_Rock_Valencia_5,Music,Rock,Alternative_Rock,Valencia,valencia_mediterraneo_hall,Mediterraneo_Hall,30.0,50.0,2026-05-15
evt_00462,Rock_Alternative_Rock_Valencia_6,Music,Rock,Alternative_Rock,Valencia,valencia_ciutat_arena,Ciutat_Arena,38.0,62.0,2026-06-17
evt_00463,Rock_Alternative_Rock_Valencia_7,Music,Rock,Alternative_Rock,Valencia,valencia_mediterraneo_hall,Mediterraneo_Hall,28.0,56.0,2026-07-23
evt_00464,Rock_Alternative_Rock_Valencia_8,Music,Rock,Alternative_Rock,Valencia,valencia_ciutat_arena,Ciutat_Arena,45.0,59.0,2026-08-19
evt_00465,Pop_Mainstream_Pop_Valencia_1,Music,Pop,Mainstream_Pop,Valencia,valencia_mediterraneo_hall,Mediterraneo_Hall,38.0,68.0,2026-01-10
evt_00466,Pop_Mainstream_Pop_Valencia_2,Music,Pop,Mainstream_Pop,Valencia,valencia_ciutat_arena,Ciutat_Arena,53.0,83.0,2026-02-14
evt_00467,Pop_Mainstream_Pop_Valencia_3,Music,Pop,Mainstream_Pop,Valencia,valencia_mediterraneo_hall,Mediterraneo_Hall,56.0,68.0,2026-03-13
evt_00468,Pop_Mainstream_Pop_Valencia_4,Music,Pop,Mainstream_Pop,Valencia,valencia_ciutat_arena,Ciutat_Arena,50.0,76.0,2026-04-13
evt_00469,Pop_Mainstream_Pop_Valencia_5,Music,Pop,Mainstream_Pop,Valencia,valencia_mediterraneo_hall,Mediterraneo_Hall,32.0,68.0,2026-05-18
evt_00470,Pop_Mainstream_Pop_Valencia_6,Music,Pop,Mainstream_Pop,Valencia,valencia_ciutat_arena,Ciutat_Arena,54.0,84.0,2026-06-17
evt_00471,Pop_Mainstream_Pop_Valencia_7,Music,Pop,Mainstream_Pop,Valencia,valencia_mediterraneo_hall,Mediterraneo_Hall,38.0,62.0,2026-07-17
evt_00472,Pop_Mainstream_Pop_Valencia_8,Music,Pop,Mainstream_Pop,Valencia,valencia_ciutat_arena,Ciutat_Arena,35.0,67.0,2026-08-21
evt_00473,Pop_Latin_Pop_Valencia_1,Music,Pop,Latin_Pop,Valencia,valencia_mediterraneo_hall,Mediterraneo_Hall,33.0,63.0,2026-01-10
evt_00474,Pop_Latin_Pop_Valencia_2,Music,Pop,Latin_Pop,Valencia,valencia_ciutat_arena,Ciutat_Arena,29.0,63.0,2026-02-14
evt_00475,Pop_Latin_Pop_Valencia_3,Music,Pop,Latin_Pop,Valencia,valencia_mediterraneo_hall,Mediterraneo_Hall,47.0,83.0,2026-03-14
evt_00476,Pop_Latin_Pop_Valencia_4,Music,Pop,Latin_Pop,Valencia,valencia_ciutat_arena,Ciutat_Arena,35.0,69.0,2026-04-20
evt_00477,Pop_Latin_Pop_Valencia_5,Music,Pop,Latin_Pop,Valencia,valencia_mediterraneo_hall,Mediterraneo_Hall,59.0,75.0,2026-05-20
evt_00478,Pop_Latin_Pop_Valencia_6,Music,Pop,Latin_Pop,Valencia,valencia_ciutat_arena,Ciutat_Arena,53.0,67.0,2026-06-16
evt_00479,Pop_Latin_Pop_Valencia_7,Music,Pop,Latin_Pop,Valencia,valencia_mediterraneo_hall,Mediterraneo_Hall,40.0,60.0,2026-07-18
evt_00480,Pop_Latin_Pop_Valencia_8,Music,Pop,Latin_Pop,Valencia,valencia_ciutat_arena,Ciutat_Arena,42.0,68.0,2026-08-19
evt_00481,Electronic_House_Valencia_1,Music,Electronic,House,Valencia,valencia_mediterraneo_hall,Mediterraneo_Hall,48.0,84.0,2026-01-10
evt_00482,Electronic_House_Valencia_2,Music,Electronic,House,Valencia,valencia_ciutat_arena,Ciutat_Arena,57.0,75.0,2026-02-08
evt_00483,Electronic_House_Valencia_3,Music,Electronic,House,Valencia,valencia_mediterraneo_hall,Mediterraneo_Hall,50.0,66.0,2026-03-15
evt_00484,Electronic_House_Valencia_4,Music,Electronic,House,Valencia,valencia_ciutat_arena,Ciutat_Arena,47.0,69.0,2026-04-20
evt_00485,Electronic_House_Valencia_5,Music,Electronic,House,Valencia,valencia_mediterraneo_hall,Mediterraneo_Hall,62.0,78.0,2026-05-15
evt_00486,Electronic_House_Valencia_6,Music,Electronic,House,Valencia,valencia_ciutat_arena,Ciutat_Arena,53.0,87.0,2026-06-19
evt_00487,Electronic_House_Valencia_7,Music,Electronic,House,Valencia,valencia_mediterraneo_hall,Mediterraneo_Hall,69.0,91.0,2026-07-17
evt_00488,Electronic_House_Valencia_8,Music,Electronic,House,Valencia,valencia_ciutat_arena,Ciutat_Arena,51.0,63.0,2026-08-21
evt_00489,Electronic_Techno_Valencia_1,Music,Electronic,Techno,Valencia,valencia_mediterraneo_hall,Mediterraneo_Hall,42.0,74.0,2026-01-10
evt_00490,Electronic_Techno_Valencia_2,Music,Electronic,Techno,Valencia,valencia_ciutat_arena,Ciutat_Arena,58.0,92.0,2026-02-13
evt_00491,Electronic_Techno_Valencia_3,Music,Electronic,Techno,Valencia,valencia_mediterraneo_hall,Mediterraneo_Hall,53.0,67.0,2026-03-13
evt_00492,Electronic_Techno_Valencia_4,Music,Electronic,Techno,Valencia,valencia_ciutat_arena,Ciutat_Arena,57.0,85.0,2026-04-15
evt_00493,Electronic_Techno_Valencia_5,Music,Electronic,Techno,Valencia,valencia_mediterraneo_hall,Mediterraneo_Hall,52.0,66.0,2026-05-19
evt_00494,Electronic_Techno_Valencia_6,Music,Electronic,Techno,Valencia,valencia_ciutat_arena,Ciutat_Arena,65.0,85.0,2026-06-19
evt_00495,Electronic_Techno_Valencia_7,Music,Electronic,Techno,Valencia,valencia_mediterraneo_hall,Mediterraneo_Hall,69.0,81.0,2026-07-19
evt_00496,Electronic_Techno_Valencia_8,Music,Electronic,Techno,Valencia,valencia_ciutat_arena,Ciutat_Arena,58.0,76.0,2026-08-19
evt_00497,Urban_Trap_Valencia_1,Music,Urban,Trap,Valencia,valencia_mediterraneo_hall,Mediterraneo_Hall,43.0,75.0,2026-01-10
evt_00498,Urban_Trap_Valencia_2,Music,Urban,Trap,Valencia,valencia_ciutat_arena,Ciutat_Arena,35.0,51.0,2026-02-15
evt_00499,Urban_Trap_Valencia_3,Music,Urban,Trap,Valencia,valencia_mediterraneo_hall,Mediterraneo_Hall,33.0,59.0,2026-03-12
evt_00500,Urban_Trap_Valencia_4,Music,Urban,Trap,Valencia,valencia_ciutat_arena,Ciutat_Arena,31.0,65.0,2026-04-14
evt_00501,Urban_Trap_Valencia_5,Music,Urban,Trap,Valencia,valencia_mediterraneo_hall,Mediterraneo_Hall,47.0,71.0,2026-05-14
evt_00502,Urban_Trap_Valencia_6,Music,Urban,Trap,Valencia,valencia_ciutat_arena,Ciutat_Arena,43.0,65.0,2026-06-18
evt_00503,Urban_Trap_Valencia_7,Music,Urban,Trap,Valencia,valencia_mediterraneo_hall,Mediterraneo_Hall,35.0,67.0,2026-07-18
evt_00504,Urban_Trap_Valencia_8,Music,Urban,Trap,Valencia,valencia_ciutat_arena,Ciutat_Arena,29.0,61.0,2026-08-19
evt_00505,Urban_Hip_Hop_Valencia_1,Music,Urban,Hip_Hop,Valencia,valencia_mediterraneo_hall,Mediterraneo_Hall,52.0,74.0,2026-01-12
evt_00506,Urban_Hip_Hop_Valencia_2,Music,Urban,Hip_Hop,Valencia,valencia_ciutat_arena,Ciutat_Arena,31.0,67.0,2026-02-07
evt_00507,Urban_Hip_Hop_Valencia_3,Music,Urban,Hip_Hop,Valencia,valencia_mediterraneo_hall,Mediterraneo_Hall,43.0,75.0,2026-03-11
evt_00508,Urban_Hip_Hop_Valencia_4,Music,Urban,Hip_Hop,Valencia,valencia_ciutat_arena,Ciutat_Arena,23.0,57.0,2026-04-16
evt_00509,Urban_Hip_Hop_Valencia_5,Music,Urban,Hip_Hop,Valencia,valencia_mediterraneo_hall,Mediterraneo_Hall,52.0,70.0,2026-05-21
evt_00510,Urban_Hip_Hop_Valencia_6,Music,Urban,Hip_Hop,Valencia,valencia_ciutat_arena,Ciutat_Arena,33.0,59.0,2026-06-22
evt_00511,Urban_Hip_Hop_Valencia_7,Music,Urban,Hip_Hop,Valencia,valencia_mediterraneo_hall,Mediterraneo_Hall,22.0,58.0,2026-07-17
evt_00512,Urban_Hip_Hop_Valencia_8,Music,Urban,Hip_Hop,Valencia,valencia_ciutat_arena,Ciutat_Arena,45.0,77.0,2026-08-21
evt_00513,Football_La_Liga_Valencia_1,Sports,Football,La_Liga,Valencia,valencia_mediterraneo_hall,Mediterraneo_Hall,77.0,99.0,2026-01-11
evt_00514,Football_La_Liga_Valencia_2,Sports,Football,La_Liga,Valencia,valencia_ciutat_arena,Ciutat_Arena,78.0,104.0,2026-02-13
evt_00515,Football_La_Liga_Valencia_3,Sports,Football,La_Liga,Valencia,valencia_mediterraneo_hall,Mediterraneo_Hall,93.0,109.0,2026-03-19
evt_00516,Football_La_Liga_Valencia_4,Sports,Football,La_Liga,Valencia,valencia_ciutat_arena,Ciutat_Arena,86.0,104.0,2026-04-20
evt_00517,Football_La_Liga_Valencia_5,Sports,Football,La_Liga,Valencia,valencia_mediterraneo_hall,Mediterraneo_Hall,100.0,114.0,2026-05-22
evt_00518,Football_La_Liga_Valencia_6,Sports,Football,La_Liga,Valencia,valencia_ciutat_arena,Ciutat_Arena,90.0,124.0,2026-06-18
evt_00519,Football_La_Liga_Valencia_7,Sports,Football,La_Liga,Valencia,valencia_mediterraneo_hall,Mediterraneo_Hall,82.0,96.0,2026-07-20
evt_00520,Football_La_Liga_Valencia_8,Sports,Football,La_Liga,Valencia,valencia_ciutat_arena,Ciutat_Arena,90.0,118.0,2026-08-23
evt_00521,Football_International_Friendly_Valencia_1,Sports,Football,International_Friendly,Valencia,valencia_mediterraneo_hall,Mediterraneo_Hall,85.0,117.0,2026-01-10
evt_00522,Football_International_Friendly_Valencia_2,Sports,Football,International_Friendly,Valencia,valencia_ciutat_arena,Ciutat_Arena,87.0,117.0,2026-02-08
evt_00523,Football_International_Friendly_Valencia_3,Sports,Football,International_Friendly,Valencia,valencia_mediterraneo_hall,Mediterraneo_Hall,96.0,108.0,2026-03-13
evt_00524,Football_International_Friendly_Valencia_4,Sports,Football,International_Friendly,Valencia,valencia_ciutat_arena,Ciutat_Arena,84.0,116.0,2026-04-13
evt_00525,Football_International_Friendly_Valencia_5,Sports,Football,International_Friendly,Valencia,valencia_mediterraneo_hall,Mediterraneo_Hall,83.0,107.0,2026-05-22
evt_00526,Football_International_Friendly_Valencia_6,Sports,Football,International_Friendly,Valencia,valencia_ciutat_arena,Ciutat_Arena,81.0,101.0,2026-06-19
evt_00527,Football_International_Friendly_Valencia_7,Sports,Football,International_Friendly,Valencia,valencia_mediterraneo_hall,Mediterraneo_Hall,88.0,106.0,2026-07-19
evt_00528,Football_International_Friendly_Valencia_8,Sports,Football,International_Friendly,Valencia,valencia_ciutat_arena,Ciutat_Arena,76.0,106.0,2026-08-26
evt_00529,Basketball_ACB_Valencia_1,Sports,Basketball,ACB,Valencia,valencia_mediterraneo_hall,Mediterraneo_Hall,58.0,90.0,2026-01-14
evt_00530,Basketball_ACB_Valencia_2,Sports,Basketball,ACB,Valencia,valencia_ciutat_arena,Ciutat_Arena,63.0,75.0,2026-02-07
evt_00531,Basketball_ACB_Valencia_3,Sports,Basketball,ACB,Valencia,valencia_mediterraneo_hall,Mediterraneo_Hall,76.0,92.0,2026-03-17
evt_00532,Basketball_ACB_Valencia_4,Sports,Basketball,ACB,Valencia,valencia_ciutat_arena,Ciutat_Arena,60.0,92.0,2026-04-18
evt_00533,Basketball_ACB_Valencia_5,Sports,Basketball,ACB,Valencia,valencia_mediterraneo_hall,Mediterraneo_Hall,58.0,86.0,2026-05-22
evt_00534,Basketball_ACB_Valencia_6,Sports,Basketball,ACB,Valencia,valencia_ciutat_arena,Ciutat_Arena,70.0,96.0,2026-06-18
evt_00535,Basketball_ACB_Valencia_7,Sports,Basketball,ACB,Valencia,valencia_mediterraneo_hall,Mediterraneo_Hall,62.0,96.0,2026-07-18
evt_00536,Basketball_ACB_Valencia_8,Sports,Basketball,ACB,Valencia,valencia_ciutat_arena,Ciutat_Arena,64.0,96.0,2026-08-20
evt_00537,Basketball_EuroLeague_Valencia_1,Sports,Basketball,EuroLeague,Valencia,valencia_mediterraneo_hall,Mediterraneo_Hall,80.0,100.0,2026-01-13
evt_00538,Basketball_EuroLeague_Valencia_2,Sports,Basketball,EuroLeague,Valencia,valencia_ciutat_arena,Ciutat_Arena,76.0,98.0,2026-02-12
evt_00539,Basketball_EuroLeague_Valencia_3,Sports,Basketball,EuroLeague,Valencia,valencia_mediterraneo_hall,Mediterraneo_Hall,71.0,95.0,2026-03-17
evt_00540,Basketball_EuroLeague_Valencia_4,Sports,Basketball,EuroLeague,Valencia,valencia_ciutat_arena,Ciutat_Arena,62.0,74.0,2026-04-13
evt_00541,Basketball_EuroLeague_Valencia_5,Sports,Basketball,EuroLeague,Valencia,valencia_mediterraneo_hall,Mediterraneo_Hall,61.0,93.0,2026-05-20
evt_00542,Basketball_EuroLeague_Valencia_6,Sports,Basketball,EuroLeague,Valencia,valencia_ciutat_arena,Ciutat_Arena,75.0,101.0,2026-06-19
evt_00543,Basketball_EuroLeague_Valencia_7,Sports,Basketball,EuroLeague,Valencia,valencia_mediterraneo_hall,Mediterraneo_Hall,56.0,82.0,2026-07-17
evt_00544,Basketball_EuroLeague_Valencia_8,Sports,Basketball,EuroLeague,Valencia,valencia_ciutat_arena,Ciutat_Arena,67.0,83.0,2026-08-25
evt_00545,Tennis_ATP_Valencia_1,Sports,Tennis,ATP,Valencia,valencia_mediterraneo_hall,Mediterraneo_Hall,65.0,95.0,2026-01-10
evt_00546,Tennis_ATP_Valencia_2,Sports,Tennis,ATP,Valencia,valencia_ciutat_arena,Ciutat_Arena,83.0,117.0,2026-02-11
evt_00547,Tennis_ATP_Valencia_3,Sports,Tennis,ATP,Valencia,valencia_mediterraneo_hall,Mediterraneo_Hall,84.0,106.0,2026-03-14
evt_00548,Tennis_ATP_Valencia_4,Sports,Tennis,ATP,Valencia,valencia_ciutat_arena,Ciutat_Arena,92.0,108.0,2026-04-14
evt_00549,Tennis_ATP_Valencia_5,Sports,Tennis,ATP,Valencia,valencia_mediterraneo_hall,Mediterraneo_Hall,67.0,103.0,2026-05-18
evt_00550,Tennis_ATP_Valencia_6,Sports,Tennis,ATP,Valencia,valencia_ciutat_arena,Ciutat_Arena,69.0,101.0,2026-06-19
evt_00551,Tennis_ATP_Valencia_7,Sports,Tennis,ATP,Valencia,valencia_mediterraneo_hall,Mediterraneo_Hall,78.0,104.0,2026-07-20
evt_00552,Tennis_ATP_Valencia_8,Sports,Tennis,ATP,Valencia,valencia_ciutat_arena,Ciutat_Arena,90.0,104.0,2026-08-20
evt_00553,Tennis_Exhibition_Valencia_1,Sports,Tennis,Exhibition,Valencia,valencia_mediterraneo_hall,Mediterraneo_Hall,68.0,86.0,2026-01-10
evt_00554,Tennis_Exhibition_Valencia_2,Sports,Tennis,Exhibition,Valencia,valencia_ciutat_arena,Ciutat_Arena,71.0,87.0,2026-02-11
evt_00555,Tennis_Exhibition_Valencia_3,Sports,Tennis,Exhibition,Valencia,valencia_mediterraneo_hall,Mediterraneo_Hall,63.0,91.0,2026-03-14
evt_00556,Tennis_Exhibition_Valencia_4,Sports,Tennis,Exhibition,Valencia,valencia_ciutat_arena,Ciutat_Arena,89.0,101.0,2026-04-12
evt_00557,Tennis_Exhibition_Valencia_5,Sports,Tennis,Exhibition,Valencia,valencia_mediterraneo_hall,Mediterraneo_Hall,70.0,92.0,2026-05-22
evt_00558,Tennis_Exhibition_Valencia_6,Sports,Tennis,Exhibition,Valencia,valencia_ciutat_arena,Ciutat_Arena,64.0,92.0,2026-06-23
evt_00559,Tennis_Exhibition_Valencia_7,Sports,Tennis,Exhibition,Valencia,valencia_mediterraneo_hall,Mediterraneo_Hall,70.0,96.0,2026-07-17
evt_00560,Tennis_Exhibition_Valencia_8,Sports,Tennis,Exhibition,Valencia,valencia_ciutat_arena,Ciutat_Arena,77.0,111.0,2026-08-25
evt_00561,Theatre_Drama_Valencia_1,Arts_Theatre,Theatre,Drama,Valencia,valencia_mediterraneo_hall,Mediterraneo_Hall,16.0,46.0,2026-01-10
evt_00562,Theatre_Drama_Valencia_2,Arts_Theatre,Theatre,Drama,Valencia,valencia_ciutat_arena,Ciutat_Arena,20.0,50.0,2026-02-08
evt_00563,Theatre_Drama_Valencia_3,Arts_Theatre,Theatre,Drama,Valencia,valencia_mediterraneo_hall,Mediterraneo_Hall,46.0,58.0,2026-03-11
evt_00564,Theatre_Drama_Valencia_4,Arts_Theatre,Theatre,Drama,Valencia,valencia_ciutat_arena,Ciutat_Arena,28.0,52.0,2026-04-17
evt_00565,Theatre_Drama_Valencia_5,Arts_Theatre,Theatre,Drama,Valencia,valencia_mediterraneo_hall,Mediterraneo_Hall,18.0,46.0,2026-05-22
evt_00566,Theatre_Drama_Valencia_6,Arts_Theatre,Theatre,Drama,Valencia,valencia_ciutat_arena,Ciutat_Arena,23.0,41.0,2026-06-22
evt_00567,Theatre_Drama_Valencia_7,Arts_Theatre,Theatre,Drama,Valencia,valencia_mediterraneo_hall,Mediterraneo_Hall,36.0,70.0,2026-07-20
evt_00568,Theatre_Drama_Valencia_8,Arts_Theatre,Theatre,Drama,Valencia,valencia_ciutat_arena,Ciutat_Arena,30.0,50.0,2026-08-18
evt_00569,Theatre_Contemporary_Valencia_1,Arts_Theatre,Theatre,Contemporary,Valencia,valencia_mediterraneo_hall,Mediterraneo_Hall,20.0,40.0,2026-01-10
evt_00570,Theatre_Contemporary_Valencia_2,Arts_Theatre,Theatre,Contemporary,Valencia,valencia_ciutat_arena,Ciutat_Arena,35.0,55.0,2026-02-09
evt_00571,Theatre_Contemporary_Valencia_3,Arts_Theatre,Theatre,Contemporary,Valencia,valencia_mediterraneo_hall,Mediterraneo_Hall,24.0,50.0,2026-03-19
evt_00572,Theatre_Contemporary_Valencia_4,Arts_Theatre,Theatre,Contemporary,Valencia,valencia_ciutat_arena,Ciutat_Arena,20.0,56.0,2026-04-16
evt_00573,Theatre_Contemporary_Valencia_5,Arts_Theatre,Theatre,Contemporary,Valencia,valencia_mediterraneo_hall,Mediterraneo_Hall,33.0,49.0,2026-05-22
evt_00574,Theatre_Contemporary_Valencia_6,Arts_Theatre,Theatre,Contemporary,Valencia,valencia_ciutat_arena,Ciutat_Arena,19.0,55.0,2026-06-23
evt_00575,Theatre_Contemporary_Valencia_7,Arts_Theatre,Theatre,Contemporary,Valencia,valencia_mediterraneo_hall,Mediterraneo_Hall,41.0,57.0,2026-07-17
evt_00576,Theatre_Contemporary_Valencia_8,Arts_Theatre,Theatre,Contemporary,Valencia,valencia_ciutat_arena,Ciutat_Arena,17.0,51.0,2026-08-24
evt_00577,Musical_Broadway_Valencia_1,Arts_Theatre,Musical,Broadway,Valencia,valencia_mediterraneo_hall,Mediterraneo_Hall,49.0,77.0,2026-01-10
evt_00578,Musical_Broadway_Valencia_2,Arts_Theatre,Musical,Broadway,Valencia,valencia_ciutat_arena,Ciutat_Arena,49.0,63.0,2026-02-15
evt_00579,Musical_Broadway_Valencia_3,Arts_Theatre,Musical,Broadway,Valencia,valencia_mediterraneo_hall,Mediterraneo_Hall,58.0,82.0,2026-03-15
evt_00580,Musical_Broadway_Valencia_4,Arts_Theatre,Musical,Broadway,Valencia,valencia_ciutat_arena,Ciutat_Arena,61.0,81.0,2026-04-13
evt_00581,Musical_Broadway_Valencia_5,Arts_Theatre,Musical,Broadway,Valencia,valencia_mediterraneo_hall,Mediterraneo_Hall,32.0,68.0,2026-05-18
evt_00582,Musical_Broadway_Valencia_6,Arts_Theatre,Musical,Broadway,Valencia,valencia_ciutat_arena,Ciutat_Arena,50.0,76.0,2026-06-20
evt_00583,Musical_Broadway_Valencia_7,Arts_Theatre,Musical,Broadway,Valencia,valencia_mediterraneo_hall,Mediterraneo_Hall,56.0,82.0,2026-07-23
evt_00584,Musical_Broadway_Valencia_8,Arts_Theatre,Musical,Broadway,Valencia,valencia_ciutat_arena,Ciutat_Arena,58.0,80.0,2026-08-24
evt_00585,Musical_Local_Musical_Valencia_1,Arts_Theatre,Musical,Local_Musical,Valencia,valencia_mediterraneo_hall,Mediterraneo_Hall,60.0,88.0,2026-01-10
evt_00586,Musical_Local_Musical_Valencia_2,Arts_Theatre,Musical,Local_Musical,Valencia,valencia_ciutat_arena,Ciutat_Arena,42.0,66.0,2026-02-07
evt_00587,Musical_Local_Musical_Valencia_3,Arts_Theatre,Musical,Local_Musical,Valencia,valencia_mediterraneo_hall,Mediterraneo_Hall,49.0,71.0,2026-03-12
evt_00588,Musical_Local_Musical_Valencia_4,Arts_Theatre,Musical,Local_Musical,Valencia,valencia_ciutat_arena,Ciutat_Arena,36.0,64.0,2026-04-12
evt_00589,Musical_Local_Musical_Valencia_5,Arts_Theatre,Musical,Local_Musical,Valencia,valencia_mediterraneo_hall,Mediterraneo_Hall,53.0,71.0,2026-05-15
evt_00590,Musical_Local_Musical_Valencia_6,Arts_Theatre,Musical,Local_Musical,Valencia,valencia_ciutat_arena,Ciutat_Arena,52.0,66.0,2026-06-16
evt_00591,Musical_Local_Musical_Valencia_7,Arts_Theatre,Musical,Local_Musical,Valencia,valencia_mediterraneo_hall,Mediterraneo_Hall,47.0,81.0,2026-07-21
evt_00592,Musical_Local_Musical_Valencia_8,Arts_Theatre,Musical,Local_Musical,Valencia,valencia_ciutat_arena,Ciutat_Arena,65.0,83.0,2026-08-23
evt_00593,Comedy_Stand_Up_Valencia_1,Arts_Theatre,Comedy,Stand_Up,Valencia,valencia_mediterraneo_hall,Mediterraneo_Hall,32.0,50.0,2026-01-10
evt_00594,Comedy_Stand_Up_Valencia_2,Arts_Theatre,Comedy,Stand_Up,Valencia,valencia_ciutat_arena,Ciutat_Arena,27.0,63.0,2026-02-14
evt_00595,Comedy_Stand_Up_Valencia_3,Arts_Theatre,Comedy,Stand_Up,Valencia,valencia_mediterraneo_hall,Mediterraneo_Hall,15.0,31.0,2026-03-17
evt_00596,Comedy_Stand_Up_Valencia_4,Arts_Theatre,Comedy,Stand_Up,Valencia,valencia_ciutat_arena,Ciutat_Arena,9.0,37.0,2026-04-15
evt_00597,Comedy_Stand_Up_Valencia_5,Arts_Theatre,Comedy,Stand_Up,Valencia,valencia_mediterraneo_hall,Mediterraneo_Hall,20.0,56.0,2026-05-19
evt_00598,Comedy_Stand_Up_Valencia_6,Arts_Theatre,Comedy,Stand_Up,Valencia,valencia_ciutat_arena,Ciutat_Arena,32.0,60.0,2026-06-21
evt_00599,Comedy_Stand_Up_Valencia_7,Arts_Theatre,Comedy,Stand_Up,Valencia,valencia_mediterraneo_hall,Mediterraneo_Hall,23.0,57.0,2026-07-25
evt_00600,Comedy_Stand_Up_Valencia_8,Arts_Theatre,Comedy,Stand_Up,Valencia,valencia_ciutat_arena,Ciutat_Arena,37.0,55.0,2026-08-19
evt_00601,Comedy_Improvised_Valencia_1,Arts_Theatre,Comedy,Improvised,Valencia,valencia_mediterraneo_hall,Mediterraneo_Hall,8.0,40.0,2026-01-13
evt_00602,Comedy_Improvised_Valencia_2,Arts_Theatre,Comedy,Improvised,Valencia,valencia_ciutat_arena,Ciutat_Arena,24.0,52.0,2026-02-09
evt_00603,Comedy_Improvised_Valencia_3,Arts_Theatre,Comedy,Improvised,Valencia,valencia_mediterraneo_hall,Mediterraneo_Hall,8.0,38.0,2026-03-19
evt_00604,Comedy_Improvised_Valencia_4,Arts_Theatre,Comedy,Improvised,Valencia,valencia_ciutat_arena,Ciutat_Arena,33.0,51.0,2026-04-14
evt_00605,Comedy_Improvised_Valencia_5,Arts_Theatre,Comedy,Improvised,Valencia,valencia_mediterraneo_hall,Mediterraneo_Hall,20.0,48.0,2026-05-21
evt_00606,Comedy_Improvised_Valencia_6,Arts_Theatre,Comedy,Improvised,Valencia,valencia_ciutat_arena,Ciutat_Arena,18.0,40.0,2026-06-20
evt_00607,Comedy_Improvised_Valencia_7,Arts_Theatre,Comedy,Improvised,Valencia,valencia_mediterraneo_hall,Mediterraneo_Hall,18.0,48.0,2026-07-18
evt_00608,Comedy_Improvised_Valencia_8,Arts_Theatre,Comedy,Improvised,Valencia,valencia_ciutat_arena,Ciutat_Arena,34.0,46.0,2026-08-20
evt_00609,Classical_Symphonic_Valencia_1,Arts_Theatre,Classical,Symphonic,Valencia,valencia_mediterraneo_hall,Mediterraneo_Hall,40.0,72.0,2026-01-10
evt_00610,Classical_Symphonic_Valencia_2,Arts_Theatre,Classical,Symphonic,Valencia,valencia_ciutat_arena,Ciutat_Arena,41.0,71.0,2026-02-08
evt_00611,Classical_Symphonic_Valencia_3,Arts_Theatre,Classical,Symphonic,Valencia,valencia_mediterraneo_hall,Mediterraneo_Hall,33.0,57.0,2026-03-15
evt_00612,Classical_Symphonic_Valencia_4,Arts_Theatre,Classical,Symphonic,Valencia,valencia_ciutat_arena,Ciutat_Arena,27.0,57.0,2026-04-20
evt_00613,Classical_Symphonic_Valencia_5,Arts_Theatre,Classical,Symphonic,Valencia,valencia_mediterraneo_hall,Mediterraneo_Hall,38.0,50.0,2026-05-14
evt_00614,Classical_Symphonic_Valencia_6,Arts_Theatre,Classical,Symphonic,Valencia,valencia_ciutat_arena,Ciutat_Arena,32.0,62.0,2026-06-22
evt_00615,Classical_Symphonic_Valencia_7,Arts_Theatre,Classical,Symphonic,Valencia,valencia_mediterraneo_hall,Mediterraneo_Hall,42.0,62.0,2026-07-21
evt_00616,Classical_Symphonic_Valencia_8,Arts_Theatre,Classical,Symphonic,Valencia,valencia_ciutat_arena,Ciutat_Arena,27.0,59.0,2026-08-24
evt_00617,Classical_Chamber_Valencia_1,Arts_Theatre,Classical,Chamber,Valencia,valencia_mediterraneo_hall,Mediterraneo_Hall,25.0,61.0,2026-01-10
evt_00618,Classical_Chamber_Valencia_2,Arts_Theatre,Classical,Chamber,Valencia,valencia_ciutat_arena,Ciutat_Arena,45.0,69.0,2026-02-07
evt_00619,Classical_Chamber_Valencia_3,Arts_Theatre,Classical,Chamber,Valencia,valencia_mediterraneo_hall,Mediterraneo_Hall,32.0,46.0,2026-03-12
evt_00620,Classical_Chamber_Valencia_4,Arts_Theatre,Classical,Chamber,Valencia,valencia_ciutat_arena,Ciutat_Arena,22.0,58.0,2026-04-18
evt_00621,Classical_Chamber_Valencia_5,Arts_Theatre,Classical,Chamber,Valencia,valencia_mediterraneo_hall,Mediterraneo_Hall,47.0,67.0,2026-05-14
evt_00622,Classical_Chamber_Valencia_6,Arts_Theatre,Classical,Chamber,Valencia,valencia_ciutat_arena,Ciutat_Arena,38.0,70.0,2026-06-21
evt_00623,Classical_Chamber_Valencia_7,Arts_Theatre,Classical,Chamber,Valencia,valencia_mediterraneo_hall,Mediterraneo_Hall,45.0,57.0,2026-07-24
evt_00624,Classical_Chamber_Valencia_8,Arts_Theatre,Classical,Chamber,Valencia,valencia_ciutat_arena,Ciutat_Arena,25.0,61.0,2026-08-18
evt_00625,Kids_Interactive_Show_Valencia_1,Family,Kids,Interactive_Show,Valencia,valencia_mediterraneo_hall,Mediterraneo_Hall,28.0,40.0,2026-01-14
evt_00626,Kids_Interactive_Show_Valencia_2,Family,Kids,Interactive_Show,Valencia,valencia_ciutat_arena,Ciutat_Arena,18.0,44.0,2026-02-11
evt_00627,Kids_Interactive_Show_Valencia_3,Family,Kids,Interactive_Show,Valencia,valencia_mediterraneo_hall,Mediterraneo_Hall,29.0,47.0,2026-03-15
evt_00628,Kids_Interactive_Show_Valencia_4,Family,Kids,Interactive_Show,Valencia,valencia_ciutat_arena,Ciutat_Arena,22.0,38.0,2026-04-13
evt_00629,Kids_Interactive_Show_Valencia_5,Family,Kids,Interactive_Show,Valencia,valencia_mediterraneo_hall,Mediterraneo_Hall,22.0,38.0,2026-05-21
evt_00630,Kids_Interactive_Show_Valencia_6,Family,Kids,Interactive_Show,Valencia,valencia_ciutat_arena,Ciutat_Arena,8.0,38.0,2026-06-22
evt_00631,Kids_Interactive_Show_Valencia_7,Family,Kids,Interactive_Show,Valencia,valencia_mediterraneo_hall,Mediterraneo_Hall,27.0,43.0,2026-07-24
evt_00632,Kids_Interactive_Show_Valencia_8,Family,Kids,Interactive_Show,Valencia,valencia_ciutat_arena,Ciutat_Arena,20.0,36.0,2026-08-19
evt_00633,Kids_Storytelling_Valencia_1,Family,Kids,Storytelling,Valencia,valencia_mediterraneo_hall,Mediterraneo_Hall,18.0,30.0,2026-01-13
evt_00634,Kids_Storytelling_Valencia_2,Family,Kids,Storytelling,Valencia,valencia_ciutat_arena,Ciutat_Arena,8.0,32.0,2026-02-10
evt_00635,Kids_Storytelling_Valencia_3,Family,Kids,Storytelling,Valencia,valencia_mediterraneo_hall,Mediterraneo_Hall,23.0,45.0,2026-03-16
evt_00636,Kids_Storytelling_Valencia_4,Family,Kids,Storytelling,Valencia,valencia_ciutat_arena,Ciutat_Arena,17.0,49.0,2026-04-19
evt_00637,Kids_Storytelling_Valencia_5,Family,Kids,Storytelling,Valencia,valencia_mediterraneo_hall,Mediterraneo_Hall,21.0,39.0,2026-05-17
evt_00638,Kids_Storytelling_Valencia_6,Family,Kids,Storytelling,Valencia,valencia_ciutat_arena,Ciutat_Arena,26.0,38.0,2026-06-18
evt_00639,Kids_Storytelling_Valencia_7,Family,Kids,Storytelling,Valencia,valencia_mediterraneo_hall,Mediterraneo_Hall,8.0,31.0,2026-07-24
evt_00640,Kids_Storytelling_Valencia_8,Family,Kids,Storytelling,Valencia,valencia_ciutat_arena,Ciutat_Arena,19.0,51.0,2026-08-19
evt_00641,Circus_Acrobatic_Valencia_1,Family,Circus,Acrobatic,Valencia,valencia_mediterraneo_hall,Mediterraneo_Hall,10.0,44.0,2026-01-10
evt_00642,Circus_Acrobatic_Valencia_2,Family,Circus,Acrobatic,Valencia,valencia_ciutat_arena,Ciutat_Arena,14.0,26.0,2026-02-12
evt_00643,Circus_Acrobatic_Valencia_3,Family,Circus,Acrobatic,Valencia,valencia_mediterraneo_hall,Mediterraneo_Hall,29.0,49.0,2026-03-15
evt_00644,Circus_Acrobatic_Valencia_4,Family,Circus,Acrobatic,Valencia,valencia_ciutat_arena,Ciutat_Arena,24.0,50.0,2026-04-18
evt_00645,Circus_Acrobatic_Valencia_5,Family,Circus,Acrobatic,Valencia,valencia_mediterraneo_hall,Mediterraneo_Hall,30.0,46.0,2026-05-16
evt_00646,Circus_Acrobatic_Valencia_6,Family,Circus,Acrobatic,Valencia,valencia_ciutat_arena,Ciutat_Arena,31.0,53.0,2026-06-20
evt_00647,Circus_Acrobatic_Valencia_7,Family,Circus,Acrobatic,Valencia,valencia_mediterraneo_hall,Mediterraneo_Hall,12.0,48.0,2026-07-23
evt_00648,Circus_Acrobatic_Valencia_8,Family,Circus,Acrobatic,Valencia,valencia_ciutat_arena,Ciutat_Arena,26.0,58.0,2026-08-24
evt_00649,Circus_Family_Circus_Valencia_1,Family,Circus,Family_Circus,Valencia,valencia_mediterraneo_hall,Mediterraneo_Hall,20.0,50.0,2026-01-10
evt_00650,Circus_Family_Circus_Valencia_2,Family,Circus,Family_Circus,Valencia,valencia_ciutat_arena,Ciutat_Arena,16.0,42.0,2026-02-10
evt_00651,Circus_Family_Circus_Valencia_3,Family,Circus,Family_Circus,Valencia,valencia_mediterraneo_hall,Mediterraneo_Hall,14.0,26.0,2026-03-12
evt_00652,Circus_Family_Circus_Valencia_4,Family,Circus,Family_Circus,Valencia,valencia_ciutat_arena,Ciutat_Arena,23.0,49.0,2026-04-19
evt_00653,Circus_Family_Circus_Valencia_5,Family,Circus,Family_Circus,Valencia,valencia_mediterraneo_hall,Mediterraneo_Hall,17.0,31.0,2026-05-16
evt_00654,Circus_Family_Circus_Valencia_6,Family,Circus,Family_Circus,Valencia,valencia_ciutat_arena,Ciutat_Arena,18.0,38.0,2026-06-20
evt_00655,Circus_Family_Circus_Valencia_7,Family,Circus,Family_Circus,Valencia,valencia_mediterraneo_hall,Mediterraneo_Hall,23.0,39.0,2026-07-21
evt_00656,Circus_Family_Circus_Valencia_8,Family,Circus,Family_Circus,Valencia,valencia_ciutat_arena,Ciutat_Arena,15.0,29.0,2026-08-24
evt_00657,Exhibition_Science_Valencia_1,Family,Exhibition,Science,Valencia,valencia_mediterraneo_hall,Mediterraneo_Hall,8.0,30.0,2026-01-10
evt_00658,Exhibition_Science_Valencia_2,Family,Exhibition,Science,Valencia,valencia_ciutat_arena,Ciutat_Arena,18.0,46.0,2026-02-14
evt_00659,Exhibition_Science_Valencia_3,Family,Exhibition,Science,Valencia,valencia_mediterraneo_hall,Mediterraneo_Hall,8.0,32.0,2026-03-12
evt_00660,Exhibition_Science_Valencia_4,Family,Exhibition,Science,Valencia,valencia_ciutat_arena,Ciutat_Arena,8.0,34.0,2026-04-12
evt_00661,Exhibition_Science_Valencia_5,Family,Exhibition,Science,Valencia,valencia_mediterraneo_hall,Mediterraneo_Hall,18.0,40.0,2026-05-20
evt_00662,Exhibition_Science_Valencia_6,Family,Exhibition,Science,Valencia,valencia_ciutat_arena,Ciutat_Arena,8.0,28.0,2026-06-22
evt_00663,Exhibition_Science_Valencia_7,Family,Exhibition,Science,Valencia,valencia_mediterraneo_hall,Mediterraneo_Hall,15.0,49.0,2026-07-18
evt_00664,Exhibition_Science_Valencia_8,Family,Exhibition,Science,Valencia,valencia_ciutat_arena,Ciutat_Arena,17.0,35.0,2026-08-22
evt_00665,Exhibition_Immersive_Valencia_1,Family,Exhibition,Immersive,Valencia,valencia_mediterraneo_hall,Mediterraneo_Hall,8.0,20.0,2026-01-13
evt_00666,Exhibition_Immersive_Valencia_2,Family,Exhibition,Immersive,Valencia,valencia_ciutat_arena,Ciutat_Arena,17.0,31.0,2026-02-15
evt_00667,Exhibition_Immersive_Valencia_3,Family,Exhibition,Immersive,Valencia,valencia_mediterraneo_hall,Mediterraneo_Hall,8.0,35.0,2026-03-18
evt_00668,Exhibition_Immersive_Valencia_4,Family,Exhibition,Immersive,Valencia,valencia_ciutat_arena,Ciutat_Arena,10.0,28.0,2026-04-17
evt_00669,Exhibition_Immersive_Valencia_5,Family,Exhibition,Immersive,Valencia,valencia_mediterraneo_hall,Mediterraneo_Hall,12.0,34.0,2026-05-18
evt_00670,Exhibition_Immersive_Valencia_6,Family,Exhibition,Immersive,Valencia,valencia_ciutat_arena,Ciutat_Arena,11.0,35.0,2026-06-16
evt_00671,Exhibition_Immersive_Valencia_7,Family,Exhibition,Immersive,Valencia,valencia_mediterraneo_hall,Mediterraneo_Hall,8.0,38.0,2026-07-18
evt_00672,Exhibition_Immersive_Valencia_8,Family,Exhibition,Immersive,Valencia,valencia_ciutat_arena,Ciutat_Arena,8.0,37.0,2026-08-23
evt_00673,Rock_Indie_Rock_Sevilla_1,Music,Rock,Indie_Rock,Sevilla,sevilla_triana_hall,Triana_Hall,38.0,64.0,2026-01-10
evt_00674,Rock_Indie_Rock_Sevilla_2,Music,Rock,Indie_Rock,Sevilla,sevilla_alameda_club,Alameda_Club,43.0,55.0,2026-02-12
evt_00675,Rock_Indie_Rock_Sevilla_3,Music,Rock,Indie_Rock,Sevilla,sevilla_triana_hall,Triana_Hall,27.0,51.0,2026-03-19
evt_00676,Rock_Indie_Rock_Sevilla_4,Music,Rock,Indie_Rock,Sevilla,sevilla_alameda_club,Alameda_Club,30.0,64.0,2026-04-17
evt_00677,Rock_Indie_Rock_Sevilla_5,Music,Rock,Indie_Rock,Sevilla,sevilla_triana_hall,Triana_Hall,39.0,65.0,2026-05-14
evt_00678,Rock_Indie_Rock_Sevilla_6,Music,Rock,Indie_Rock,Sevilla,sevilla_alameda_club,Alameda_Club,25.0,47.0,2026-06-17
evt_00679,Rock_Indie_Rock_Sevilla_7,Music,Rock,Indie_Rock,Sevilla,sevilla_triana_hall,Triana_Hall,41.0,71.0,2026-07-18
evt_00680,Rock_Indie_Rock_Sevilla_8,Music,Rock,Indie_Rock,Sevilla,sevilla_alameda_club,Alameda_Club,30.0,62.0,2026-08-25
evt_00681,Rock_Alternative_Rock_Sevilla_1,Music,Rock,Alternative_Rock,Sevilla,sevilla_triana_hall,Triana_Hall,39.0,51.0,2026-01-10
evt_00682,Rock_Alternative_Rock_Sevilla_2,Music,Rock,Alternative_Rock,Sevilla,sevilla_alameda_club,Alameda_Club,45.0,63.0,2026-02-14
evt_00683,Rock_Alternative_Rock_Sevilla_3,Music,Rock,Alternative_Rock,Sevilla,sevilla_triana_hall,Triana_Hall,37.0,71.0,2026-03-14
evt_00684,Rock_Alternative_Rock_Sevilla_4,Music,Rock,Alternative_Rock,Sevilla,sevilla_alameda_club,Alameda_Club,32.0,46.0,2026-04-14
evt_00685,Rock_Alternative_Rock_Sevilla_5,Music,Rock,Alternative_Rock,Sevilla,sevilla_triana_hall,Triana_Hall,36.0,66.0,2026-05-22
evt_00686,Rock_Alternative_Rock_Sevilla_6,Music,Rock,Alternative_Rock,Sevilla,sevilla_alameda_club,Alameda_Club,26.0,58.0,2026-06-22
evt_00687,Rock_Alternative_Rock_Sevilla_7,Music,Rock,Alternative_Rock,Sevilla,sevilla_triana_hall,Triana_Hall,35.0,47.0,2026-07-22
evt_00688,Rock_Alternative_Rock_Sevilla_8,Music,Rock,Alternative_Rock,Sevilla,sevilla_alameda_club,Alameda_Club,44.0,58.0,2026-08-20
evt_00689,Pop_Mainstream_Pop_Sevilla_1,Music,Pop,Mainstream_Pop,Sevilla,sevilla_triana_hall,Triana_Hall,43.0,59.0,2026-01-11
evt_00690,Pop_Mainstream_Pop_Sevilla_2,Music,Pop,Mainstream_Pop,Sevilla,sevilla_alameda_club,Alameda_Club,46.0,82.0,2026-02-12
evt_00691,Pop_Mainstream_Pop_Sevilla_3,Music,Pop,Mainstream_Pop,Sevilla,sevilla_triana_hall,Triana_Hall,51.0,87.0,2026-03-19
evt_00692,Pop_Mainstream_Pop_Sevilla_4,Music,Pop,Mainstream_Pop,Sevilla,sevilla_alameda_club,Alameda_Club,34.0,70.0,2026-04-17
evt_00693,Pop_Mainstream_Pop_Sevilla_5,Music,Pop,Mainstream_Pop,Sevilla,sevilla_triana_hall,Triana_Hall,31.0,67.0,2026-05-15
evt_00694,Pop_Mainstream_Pop_Sevilla_6,Music,Pop,Mainstream_Pop,Sevilla,sevilla_alameda_club,Alameda_Club,41.0,77.0,2026-06-19
evt_00695,Pop_Mainstream_Pop_Sevilla_7,Music,Pop,Mainstream_Pop,Sevilla,sevilla_triana_hall,Triana_Hall,33.0,59.0,2026-07-19
evt_00696,Pop_Mainstream_Pop_Sevilla_8,Music,Pop,Mainstream_Pop,Sevilla,sevilla_alameda_club,Alameda_Club,45.0,71.0,2026-08-19
evt_00697,Pop_Latin_Pop_Sevilla_1,Music,Pop,Latin_Pop,Sevilla,sevilla_triana_hall,Triana_Hall,50.0,84.0,2026-01-11
evt_00698,Pop_Latin_Pop_Sevilla_2,Music,Pop,Latin_Pop,Sevilla,sevilla_alameda_club,Alameda_Club,50.0,72.0,2026-02-13
evt_00699,Pop_Latin_Pop_Sevilla_3,Music,Pop,Latin_Pop,Sevilla,sevilla_triana_hall,Triana_Hall,31.0,67.0,2026-03-18
evt_00700,Pop_Latin_Pop_Sevilla_4,Music,Pop,Latin_Pop,Sevilla,sevilla_alameda_club,Alameda_Club,39.0,69.0,2026-04-12
evt_00701,Pop_Latin_Pop_Sevilla_5,Music,Pop,Latin_Pop,Sevilla,sevilla_triana_hall,Triana_Hall,48.0,78.0,2026-05-21
evt_00702,Pop_Latin_Pop_Sevilla_6,Music,Pop,Latin_Pop,Sevilla,sevilla_alameda_club,Alameda_Club,36.0,72.0,2026-06-18
evt_00703,Pop_Latin_Pop_Sevilla_7,Music,Pop,Latin_Pop,Sevilla,sevilla_triana_hall,Triana_Hall,34.0,56.0,2026-07-20
evt_00704,Pop_Latin_Pop_Sevilla_8,Music,Pop,Latin_Pop,Sevilla,sevilla_alameda_club,Alameda_Club,43.0,79.0,2026-08-25
evt_00705,Electronic_House_Sevilla_1,Music,Electronic,House,Sevilla,sevilla_triana_hall,Triana_Hall,62.0,98.0,2026-01-12
evt_00706,Electronic_House_Sevilla_2,Music,Electronic,House,Sevilla,sevilla_alameda_club,Alameda_Club,64.0,80.0,2026-02-10
evt_00707,Electronic_House_Sevilla_3,Music,Electronic,House,Sevilla,sevilla_triana_hall,Triana_Hall,40.0,72.0,2026-03-13
evt_00708,Electronic_House_Sevilla_4,Music,Electronic,House,Sevilla,sevilla_alameda_club,Alameda_Club,45.0,73.0,2026-04-15
evt_00709,Electronic_House_Sevilla_5,Music,Electronic,House,Sevilla,sevilla_triana_hall,Triana_Hall,71.0,87.0,2026-05-22
evt_00710,Electronic_House_Sevilla_6,Music,Electronic,House,Sevilla,sevilla_alameda_club,Alameda_Club,60.0,94.0,2026-06-19
evt_00711,Electronic_House_Sevilla_7,Music,Electronic,House,Sevilla,sevilla_triana_hall,Triana_Hall,56.0,68.0,2026-07-22
evt_00712,Electronic_House_Sevilla_8,Music,Electronic,House,Sevilla,sevilla_alameda_club,Alameda_Club,45.0,81.0,2026-08-26
evt_00713,Electronic_Techno_Sevilla_1,Music,Electronic,Techno,Sevilla,sevilla_triana_hall,Triana_Hall,54.0,78.0,2026-01-13
evt_00714,Electronic_Techno_Sevilla_2,Music,Electronic,Techno,Sevilla,sevilla_alameda_club,Alameda_Club,53.0,83.0,2026-02-09
evt_00715,Electronic_Techno_Sevilla_3,Music,Electronic,Techno,Sevilla,sevilla_triana_hall,Triana_Hall,48.0,82.0,2026-03-15
evt_00716,Electronic_Techno_Sevilla_4,Music,Electronic,Techno,Sevilla,sevilla_alameda_club,Alameda_Club,60.0,94.0,2026-04-20
evt_00717,Electronic_Techno_Sevilla_5,Music,Electronic,Techno,Sevilla,sevilla_triana_hall,Triana_Hall,58.0,94.0,2026-05-22
evt_00718,Electronic_Techno_Sevilla_6,Music,Electronic,Techno,Sevilla,sevilla_alameda_club,Alameda_Club,51.0,77.0,2026-06-15
evt_00719,Electronic_Techno_Sevilla_7,Music,Electronic,Techno,Sevilla,sevilla_triana_hall,Triana_Hall,50.0,82.0,2026-07-24
evt_00720,Electronic_Techno_Sevilla_8,Music,Electronic,Techno,Sevilla,sevilla_alameda_club,Alameda_Club,61.0,89.0,2026-08-21
evt_00721,Urban_Trap_Sevilla_1,Music,Urban,Trap,Sevilla,sevilla_triana_hall,Triana_Hall,46.0,74.0,2026-01-14
evt_00722,Urban_Trap_Sevilla_2,Music,Urban,Trap,Sevilla,sevilla_alameda_club,Alameda_Club,32.0,62.0,2026-02-13
evt_00723,Urban_Trap_Sevilla_3,Music,Urban,Trap,Sevilla,sevilla_triana_hall,Triana_Hall,37.0,61.0,2026-03-15
evt_00724,Urban_Trap_Sevilla_4,Music,Urban,Trap,Sevilla,sevilla_alameda_club,Alameda_Club,37.0,53.0,2026-04-16
evt_00725,Urban_Trap_Sevilla_5,Music,Urban,Trap,Sevilla,sevilla_triana_hall,Triana_Hall,33.0,59.0,2026-05-15
evt_00726,Urban_Trap_Sevilla_6,Music,Urban,Trap,Sevilla,sevilla_alameda_club,Alameda_Club,54.0,68.0,2026-06-20
evt_00727,Urban_Trap_Sevilla_7,Music,Urban,Trap,Sevilla,sevilla_triana_hall,Triana_Hall,37.0,49.0,2026-07-23
evt_00728,Urban_Trap_Sevilla_8,Music,Urban,Trap,Sevilla,sevilla_alameda_club,Alameda_Club,42.0,72.0,2026-08-18
evt_00729,Urban_Hip_Hop_Sevilla_1,Music,Urban,Hip_Hop,Sevilla,sevilla_triana_hall,Triana_Hall,50.0,62.0,2026-01-10
evt_00730,Urban_Hip_Hop_Sevilla_2,Music,Urban,Hip_Hop,Sevilla,sevilla_alameda_club,Alameda_Club,52.0,64.0,2026-02-15
evt_00731,Urban_Hip_Hop_Sevilla_3,Music,Urban,Hip_Hop,Sevilla,sevilla_triana_hall,Triana_Hall,38.0,52.0,2026-03-18
evt_00732,Urban_Hip_Hop_Sevilla_4,Music,Urban,Hip_Hop,Sevilla,sevilla_alameda_club,Alameda_Club,48.0,74.0,2026-04-14
evt_00733,Urban_Hip_Hop_Sevilla_5,Music,Urban,Hip_Hop,Sevilla,sevilla_triana_hall,Triana_Hall,31.0,67.0,2026-05-14
evt_00734,Urban_Hip_Hop_Sevilla_6,Music,Urban,Hip_Hop,Sevilla,sevilla_alameda_club,Alameda_Club,45.0,81.0,2026-06-20
evt_00735,Urban_Hip_Hop_Sevilla_7,Music,Urban,Hip_Hop,Sevilla,sevilla_triana_hall,Triana_Hall,52.0,66.0,2026-07-21
evt_00736,Urban_Hip_Hop_Sevilla_8,Music,Urban,Hip_Hop,Sevilla,sevilla_alameda_club,Alameda_Club,51.0,67.0,2026-08-25
evt_00737,Football_La_Liga_Sevilla_1,Sports,Football,La_Liga,Sevilla,sevilla_triana_hall,Triana_Hall,83.0,115.0,2026-01-10
evt_00738,Football_La_Liga_Sevilla_2,Sports,Football,La_Liga,Sevilla,sevilla_alameda_club,Alameda_Club,93.0,127.0,2026-02-15
evt_00739,Football_La_Liga_Sevilla_3,Sports,Football,La_Liga,Sevilla,sevilla_triana_hall,Triana_Hall,94.0,114.0,2026-03-17
evt_00740,Football_La_Liga_Sevilla_4,Sports,Football,La_Liga,Sevilla,sevilla_alameda_club,Alameda_Club,78.0,108.0,2026-04-12
evt_00741,Football_La_Liga_Sevilla_5,Sports,Football,La_Liga,Sevilla,sevilla_triana_hall,Triana_Hall,88.0,110.0,2026-05-19
evt_00742,Football_La_Liga_Sevilla_6,Sports,Football,La_Liga,Sevilla,sevilla_alameda_club,Alameda_Club,88.0,124.0,2026-06-17
evt_00743,Football_La_Liga_Sevilla_7,Sports,Football,La_Liga,Sevilla,sevilla_triana_hall,Triana_Hall,98.0,110.0,2026-07-25
evt_00744,Football_La_Liga_Sevilla_8,Sports,Football,La_Liga,Sevilla,sevilla_alameda_club,Alameda_Club,79.0,95.0,2026-08-26
evt_00745,Football_International_Friendly_Sevilla_1,Sports,Football,International_Friendly,Sevilla,sevilla_triana_hall,Triana_Hall,70.0,104.0,2026-01-14
evt_00746,Football_International_Friendly_Sevilla_2,Sports,Football,International_Friendly,Sevilla,sevilla_alameda_club,Alameda_Club,95.0,111.0,2026-02-08
evt_00747,Football_International_Friendly_Sevilla_3,Sports,Football,International_Friendly,Sevilla,sevilla_triana_hall,Triana_Hall,87.0,115.0,2026-03-12
evt_00748,Football_International_Friendly_Sevilla_4,Sports,Football,International_Friendly,Sevilla,sevilla_alameda_club,Alameda_Club,82.0,104.0,2026-04-13
evt_00749,Football_International_Friendly_Sevilla_5,Sports,Football,International_Friendly,Sevilla,sevilla_triana_hall,Triana_Hall,90.0,112.0,2026-05-16
evt_00750,Football_International_Friendly_Sevilla_6,Sports,Football,International_Friendly,Sevilla,sevilla_alameda_club,Alameda_Club,70.0,106.0,2026-06-20
evt_00751,Football_International_Friendly_Sevilla_7,Sports,Football,International_Friendly,Sevilla,sevilla_triana_hall,Triana_Hall,88.0,124.0,2026-07-21
evt_00752,Football_International_Friendly_Sevilla_8,Sports,Football,International_Friendly,Sevilla,sevilla_alameda_club,Alameda_Club,101.0,115.0,2026-08-21
evt_00753,Basketball_ACB_Sevilla_1,Sports,Basketball,ACB,Sevilla,sevilla_triana_hall,Triana_Hall,55.0,81.0,2026-01-13
evt_00754,Basketball_ACB_Sevilla_2,Sports,Basketball,ACB,Sevilla,sevilla_alameda_club,Alameda_Club,66.0,94.0,2026-02-15
evt_00755,Basketball_ACB_Sevilla_3,Sports,Basketball,ACB,Sevilla,sevilla_triana_hall,Triana_Hall,80.0,100.0,2026-03-11
evt_00756,Basketball_ACB_Sevilla_4,Sports,Basketball,ACB,Sevilla,sevilla_alameda_club,Alameda_Club,50.0,86.0,2026-04-18
evt_00757,Basketball_ACB_Sevilla_5,Sports,Basketball,ACB,Sevilla,sevilla_triana_hall,Triana_Hall,70.0,96.0,2026-05-22
evt_00758,Basketball_ACB_Sevilla_6,Sports,Basketball,ACB,Sevilla,sevilla_alameda_club,Alameda_Club,82.0,94.0,2026-06-22
evt_00759,Basketball_ACB_Sevilla_7,Sports,Basketball,ACB,Sevilla,sevilla_triana_hall,Triana_Hall,58.0,90.0,2026-07-20
evt_00760,Basketball_ACB_Sevilla_8,Sports,Basketball,ACB,Sevilla,sevilla_alameda_club,Alameda_Club,80.0,100.0,2026-08-23
evt_00761,Basketball_EuroLeague_Sevilla_1,Sports,Basketball,EuroLeague,Sevilla,sevilla_triana_hall,Triana_Hall,59.0,95.0,2026-01-10
evt_00762,Basketball_EuroLeague_Sevilla_2,Sports,Basketball,EuroLeague,Sevilla,sevilla_alameda_club,Alameda_Club,66.0,86.0,2026-02-07
evt_00763,Basketball_EuroLeague_Sevilla_3,Sports,Basketball,EuroLeague,Sevilla,sevilla_triana_hall,Triana_Hall,69.0,85.0,2026-03-19
evt_00764,Basketball_EuroLeague_Sevilla_4,Sports,Basketball,EuroLeague,Sevilla,sevilla_alameda_club,Alameda_Club,64.0,90.0,2026-04-13
evt_00765,Basketball_EuroLeague_Sevilla_5,Sports,Basketball,EuroLeague,Sevilla,sevilla_triana_hall,Triana_Hall,68.0,88.0,2026-05-18
evt_00766,Basketball_EuroLeague_Sevilla_6,Sports,Basketball,EuroLeague,Sevilla,sevilla_alameda_club,Alameda_Club,65.0,89.0,2026-06-20
evt_00767,Basketball_EuroLeague_Sevilla_7,Sports,Basketball,EuroLeague,Sevilla,sevilla_triana_hall,Triana_Hall,58.0,84.0,2026-07-21
evt_00768,Basketball_EuroLeague_Sevilla_8,Sports,Basketball,EuroLeague,Sevilla,sevilla_alameda_club,Alameda_Club,77.0,91.0,2026-08-20
evt_00769,Tennis_ATP_Sevilla_1,Sports,Tennis,ATP,Sevilla,sevilla_triana_hall,Triana_Hall,76.0,102.0,2026-01-10
evt_00770,Tennis_ATP_Sevilla_2,Sports,Tennis,ATP,Sevilla,sevilla_alameda_club,Alameda_Club,88.0,104.0,2026-02-10
evt_00771,Tennis_ATP_Sevilla_3,Sports,Tennis,ATP,Sevilla,sevilla_triana_hall,Triana_Hall,62.0,94.0,2026-03-15
evt_00772,Tennis_ATP_Sevilla_4,Sports,Tennis,ATP,Sevilla,sevilla_alameda_club,Alameda_Club,66.0,92.0,2026-04-20
evt_00773,Tennis_ATP_Sevilla_5,Sports,Tennis,ATP,Sevilla,sevilla_triana_hall,Triana_Hall,76.0,104.0,2026-05-15
evt_00774,Tennis_ATP_Sevilla_6,Sports,Tennis,ATP,Sevilla,sevilla_alameda_club,Alameda_Club,70.0,92.0,2026-06-21
evt_00775,Tennis_ATP_Sevilla_7,Sports,Tennis,ATP,Sevilla,sevilla_triana_hall,Triana_Hall,81.0,105.0,2026-07-22
evt_00776,Tennis_ATP_Sevilla_8,Sports,Tennis,ATP,Sevilla,sevilla_alameda_club,Alameda_Club,61.0,95.0,2026-08-24
evt_00777,Tennis_Exhibition_Sevilla_1,Sports,Tennis,Exhibition,Sevilla,sevilla_triana_hall,Triana_Hall,64.0,90.0,2026-01-11
evt_00778,Tennis_Exhibition_Sevilla_2,Sports,Tennis,Exhibition,Sevilla,sevilla_alameda_club,Alameda_Club,71.0,99.0,2026-02-12
evt_00779,Tennis_Exhibition_Sevilla_3,Sports,Tennis,Exhibition,Sevilla,sevilla_triana_hall,Triana_Hall,85.0,109.0,2026-03-15
evt_00780,Tennis_Exhibition_Sevilla_4,Sports,Tennis,Exhibition,Sevilla,sevilla_alameda_club,Alameda_Club,76.0,108.0,2026-04-13
evt_00781,Tennis_Exhibition_Sevilla_5,Sports,Tennis,Exhibition,Sevilla,sevilla_triana_hall,Triana_Hall,71.0,103.0,2026-05-22
evt_00782,Tennis_Exhibition_Sevilla_6,Sports,Tennis,Exhibition,Sevilla,sevilla_alameda_club,Alameda_Club,67.0,103.0,2026-06-18
evt_00783,Tennis_Exhibition_Sevilla_7,Sports,Tennis,Exhibition,Sevilla,sevilla_triana_hall,Triana_Hall,80.0,94.0,2026-07-25
evt_00784,Tennis_Exhibition_Sevilla_8,Sports,Tennis,Exhibition,Sevilla,sevilla_alameda_club,Alameda_Club,89.0,103.0,2026-08-23
evt_00785,Theatre_Drama_Sevilla_1,Arts_Theatre,Theatre,Drama,Sevilla,sevilla_triana_hall,Triana_Hall,31.0,53.0,2026-01-10
evt_00786,Theatre_Drama_Sevilla_2,Arts_Theatre,Theatre,Drama,Sevilla,sevilla_alameda_club,Alameda_Club,37.0,53.0,2026-02-14
evt_00787,Theatre_Drama_Sevilla_3,Arts_Theatre,Theatre,Drama,Sevilla,sevilla_triana_hall,Triana_Hall,30.0,44.0,2026-03-19
evt_00788,Theatre_Drama_Sevilla_4,Arts_Theatre,Theatre,Drama,Sevilla,sevilla_alameda_club,Alameda_Club,24.0,46.0,2026-04-16
evt_00789,Theatre_Drama_Sevilla_5,Arts_Theatre,Theatre,Drama,Sevilla,sevilla_triana_hall,Triana_Hall,35.0,51.0,2026-05-19
evt_00790,Theatre_Drama_Sevilla_6,Arts_Theatre,Theatre,Drama,Sevilla,sevilla_alameda_club,Alameda_Club,22.0,46.0,2026-06-17
evt_00791,Theatre_Drama_Sevilla_7,Arts_Theatre,Theatre,Drama,Sevilla,sevilla_triana_hall,Triana_Hall,37.0,63.0,2026-07-19
evt_00792,Theatre_Drama_Sevilla_8,Arts_Theatre,Theatre,Drama,Sevilla,sevilla_alameda_club,Alameda_Club,24.0,58.0,2026-08-23
evt_00793,Theatre_Contemporary_Sevilla_1,Arts_Theatre,Theatre,Contemporary,Sevilla,sevilla_triana_hall,Triana_Hall,18.0,46.0,2026-01-10
evt_00794,Theatre_Contemporary_Sevilla_2,Arts_Theatre,Theatre,Contemporary,Sevilla,sevilla_alameda_club,Alameda_Club,18.0,40.0,2026-02-13
evt_00795,Theatre_Contemporary_Sevilla_3,Arts_Theatre,Theatre,Contemporary,Sevilla,sevilla_triana_hall,Triana_Hall,32.0,54.0,2026-03-19
evt_00796,Theatre_Contemporary_Sevilla_4,Arts_Theatre,Theatre,Contemporary,Sevilla,sevilla_alameda_club,Alameda_Club,27.0,53.0,2026-04-18
evt_00797,Theatre_Contemporary_Sevilla_5,Arts_Theatre,Theatre,Contemporary,Sevilla,sevilla_triana_hall,Triana_Hall,41.0,53.0,2026-05-19
evt_00798,Theatre_Contemporary_Sevilla_6,Arts_Theatre,Theatre,Contemporary,Sevilla,sevilla_alameda_club,Alameda_Club,43.0,61.0,2026-06-17
evt_00799,Theatre_Contemporary_Sevilla_7,Arts_Theatre,Theatre,Contemporary,Sevilla,sevilla_triana_hall,Triana_Hall,30.0,54.0,2026-07-20
evt_00800,Theatre_Contemporary_Sevilla_8,Arts_Theatre,Theatre,Contemporary,Sevilla,sevilla_alameda_club,Alameda_Club,38.0,54.0,2026-08-24
evt_00801,Musical_Broadway_Sevilla_1,Arts_Theatre,Musical,Broadway,Sevilla,sevilla_triana_hall,Triana_Hall,39.0,67.0,2026-01-10
evt_00802,Musical_Broadway_Sevilla_2,Arts_Theatre,Musical,Broadway,Sevilla,sevilla_alameda_club,Alameda_Club,37.0,63.0,2026-02-08
evt_00803,Musical_Broadway_Sevilla_3,Arts_Theatre,Musical,Broadway,Sevilla,sevilla_triana_hall,Triana_Hall,65.0,83.0,2026-03-11
evt_00804,Musical_Broadway_Sevilla_4,Arts_Theatre,Musical,Broadway,Sevilla,sevilla_alameda_club,Alameda_Club,58.0,84.0,2026-04-13
evt_00805,Musical_Broadway_Sevilla_5,Arts_Theatre,Musical,Broadway,Sevilla,sevilla_triana_hall,Triana_Hall,49.0,79.0,2026-05-22
evt_00806,Musical_Broadway_Sevilla_6,Arts_Theatre,Musical,Broadway,Sevilla,sevilla_alameda_club,Alameda_Club,38.0,70.0,2026-06-23
evt_00807,Musical_Broadway_Sevilla_7,Arts_Theatre,Musical,Broadway,Sevilla,sevilla_triana_hall,Triana_Hall,51.0,79.0,2026-07-21
evt_00808,Musical_Broadway_Sevilla_8,Arts_Theatre,Musical,Broadway,Sevilla,sevilla_alameda_club,Alameda_Club,46.0,78.0,2026-08-18
evt_00809,Musical_Local_Musical_Sevilla_1,Arts_Theatre,Musical,Local_Musical,Sevilla,sevilla_triana_hall,Triana_Hall,45.0,59.0,2026-01-10
evt_00810,Musical_Local_Musical_Sevilla_2,Arts_Theatre,Musical,Local_Musical,Sevilla,sevilla_alameda_club,Alameda_Club,37.0,69.0,2026-02-09
evt_00811,Musical_Local_Musical_Sevilla_3,Arts_Theatre,Musical,Local_Musical,Sevilla,sevilla_triana_hall,Triana_Hall,45.0,79.0,2026-03-18
evt_00812,Musical_Local_Musical_Sevilla_4,Arts_Theatre,Musical,Local_Musical,Sevilla,sevilla_alameda_club,Alameda_Club,59.0,83.0,2026-04-15
evt_00813,Musical_Local_Musical_Sevilla_5,Arts_Theatre,Musical,Local_Musical,Sevilla,sevilla_triana_hall,Triana_Hall,35.0,69.0,2026-05-20
evt_00814,Musical_Local_Musical_Sevilla_6,Arts_Theatre,Musical,Local_Musical,Sevilla,sevilla_alameda_club,Alameda_Club,58.0,86.0,2026-06-15
evt_00815,Musical_Local_Musical_Sevilla_7,Arts_Theatre,Musical,Local_Musical,Sevilla,sevilla_triana_hall,Triana_Hall,50.0,82.0,2026-07-22
evt_00816,Musical_Local_Musical_Sevilla_8,Arts_Theatre,Musical,Local_Musical,Sevilla,sevilla_alameda_club,Alameda_Club,46.0,82.0,2026-08-23
evt_00817,Comedy_Stand_Up_Sevilla_1,Arts_Theatre,Comedy,Stand_Up,Sevilla,sevilla_triana_hall,Triana_Hall,29.0,43.0,2026-01-14
evt_00818,Comedy_Stand_Up_Sevilla_2,Arts_Theatre,Comedy,Stand_Up,Sevilla,sevilla_alameda_club,Alameda_Club,12.0,44.0,2026-02-09
evt_00819,Comedy_Stand_Up_Sevilla_3,Arts_Theatre,Comedy,Stand_Up,Sevilla,sevilla_triana_hall,Triana_Hall,35.0,51.0,2026-03-16
evt_00820,Comedy_Stand_Up_Sevilla_4,Arts_Theatre,Comedy,Stand_Up,Sevilla,sevilla_alameda_club,Alameda_Club,15.0,45.0,2026-04-14
evt_00821,Comedy_Stand_Up_Sevilla_5,Arts_Theatre,Comedy,Stand_Up,Sevilla,sevilla_triana_hall,Triana_Hall,27.0,45.0,2026-05-17
evt_00822,Comedy_Stand_Up_Sevilla_6,Arts_Theatre,Comedy,Stand_Up,Sevilla,sevilla_alameda_club,Alameda_Club,22.0,42.0,2026-06-22
evt_00823,Comedy_Stand_Up_Sevilla_7,Arts_Theatre,Comedy,Stand_Up,Sevilla,sevilla_triana_hall,Triana_Hall,22.0,38.0,2026-07-22
evt_00824,Comedy_Stand_Up_Sevilla_8,Arts_Theatre,Comedy,Stand_Up,Sevilla,sevilla_alameda_club,Alameda_Club,9.0,45.0,2026-08-20
evt_00825,Comedy_Improvised_Sevilla_1,Arts_Theatre,Comedy,Improvised,Sevilla,sevilla_triana_hall,Triana_Hall,17.0,35.0,2026-01-10
evt_00826,Comedy_Improvised_Sevilla_2,Arts_Theatre,Comedy,Improvised,Sevilla,sevilla_alameda_club,Alameda_Club,23.0,43.0,2026-02-11
evt_00827,Comedy_Improvised_Sevilla_3,Arts_Theatre,Comedy,Improvised,Sevilla,sevilla_triana_hall,Triana_Hall,37.0,53.0,2026-03-15
evt_00828,Comedy_Improvised_Sevilla_4,Arts_Theatre,Comedy,Improvised,Sevilla,sevilla_alameda_club,Alameda_Club,10.0,40.0,2026-04-18
evt_00829,Comedy_Improvised_Sevilla_5,Arts_Theatre,Comedy,Improvised,Sevilla,sevilla_triana_hall,Triana_Hall,38.0,52.0,2026-05-15
evt_00830,Comedy_Improvised_Sevilla_6,Arts_Theatre,Comedy,Improvised,Sevilla,sevilla_alameda_club,Alameda_Club,11.0,37.0,2026-06-16
evt_00831,Comedy_Improvised_Sevilla_7,Arts_Theatre,Comedy,Improvised,Sevilla,sevilla_triana_hall,Triana_Hall,29.0,51.0,2026-07-24
evt_00832,Comedy_Improvised_Sevilla_8,Arts_Theatre,Comedy,Improvised,Sevilla,sevilla_alameda_club,Alameda_Club,20.0,44.0,2026-08-25
evt_00833,Classical_Symphonic_Sevilla_1,Arts_Theatre,Classical,Symphonic,Sevilla,sevilla_triana_hall,Triana_Hall,32.0,66.0,2026-01-10
evt_00834,Classical_Symphonic_Sevilla_2,Arts_Theatre,Classical,Symphonic,Sevilla,sevilla_alameda_club,Alameda_Club,40.0,72.0,2026-02-07
evt_00835,Classical_Symphonic_Sevilla_3,Arts_Theatre,Classical,Symphonic,Sevilla,sevilla_triana_hall,Triana_Hall,38.0,60.0,2026-03-15
evt_00836,Classical_Symphonic_Sevilla_4,Arts_Theatre,Classical,Symphonic,Sevilla,sevilla_alameda_club,Alameda_Club,35.0,47.0,2026-04-19
evt_00837,Classical_Symphonic_Sevilla_5,Arts_Theatre,Classical,Symphonic,Sevilla,sevilla_triana_hall,Triana_Hall,25.0,55.0,2026-05-16
evt_00838,Classical_Symphonic_Sevilla_6,Arts_Theatre,Classical,Symphonic,Sevilla,sevilla_alameda_club,Alameda_Club,44.0,70.0,2026-06-21
evt_00839,Classical_Symphonic_Sevilla_7,Arts_Theatre,Classical,Symphonic,Sevilla,sevilla_triana_hall,Triana_Hall,32.0,44.0,2026-07-17
evt_00840,Classical_Symphonic_Sevilla_8,Arts_Theatre,Classical,Symphonic,Sevilla,sevilla_alameda_club,Alameda_Club,30.0,48.0,2026-08-26
evt_00841,Classical_Chamber_Sevilla_1,Arts_Theatre,Classical,Chamber,Sevilla,sevilla_triana_hall,Triana_Hall,28.0,44.0,2026-01-10
evt_00842,Classical_Chamber_Sevilla_2,Arts_Theatre,Classical,Chamber,Sevilla,sevilla_alameda_club,Alameda_Club,44.0,56.0,2026-02-09
evt_00843,Classical_Chamber_Sevilla_3,Arts_Theatre,Classical,Chamber,Sevilla,sevilla_triana_hall,Triana_Hall,51.0,69.0,2026-03-14
evt_00844,Classical_Chamber_Sevilla_4,Arts_Theatre,Classical,Chamber,Sevilla,sevilla_alameda_club,Alameda_Club,26.0,46.0,2026-04-14
evt_00845,Classical_Chamber_Sevilla_5,Arts_Theatre,Classical,Chamber,Sevilla,sevilla_triana_hall,Triana_Hall,25.0,53.0,2026-05-22
evt_00846,Classical_Chamber_Sevilla_6,Arts_Theatre,Classical,Chamber,Sevilla,sevilla_alameda_club,Alameda_Club,30.0,44.0,2026-06-22
evt_00847,Classical_Chamber_Sevilla_7,Arts_Theatre,Classical,Chamber,Sevilla,sevilla_triana_hall,Triana_Hall,35.0,51.0,2026-07-25
evt_00848,Classical_Chamber_Sevilla_8,Arts_Theatre,Classical,Chamber,Sevilla,sevilla_alameda_club,Alameda_Club,43.0,67.0,2026-08-19
evt_00849,Kids_Interactive_Show_Sevilla_1,Family,Kids,Interactive_Show,Sevilla,sevilla_triana_hall,Triana_Hall,11.0,27.0,2026-01-12
evt_00850,Kids_Interactive_Show_Sevilla_2,Family,Kids,Interactive_Show,Sevilla,sevilla_alameda_club,Alameda_Club,8.0,34.0,2026-02-08
evt_00851,Kids_Interactive_Show_Sevilla_3,Family,Kids,Interactive_Show,Sevilla,sevilla_triana_hall,Triana_Hall,29.0,45.0,2026-03-13
evt_00852,Kids_Interactive_Show_Sevilla_4,Family,Kids,Interactive_Show,Sevilla,sevilla_alameda_club,Alameda_Club,11.0,43.0,2026-04-13
evt_00853,Kids_Interactive_Show_Sevilla_5,Family,Kids,Interactive_Show,Sevilla,sevilla_triana_hall,Triana_Hall,19.0,39.0,2026-05-22
evt_00854,Kids_Interactive_Show_Sevilla_6,Family,Kids,Interactive_Show,Sevilla,sevilla_alameda_club,Alameda_Club,13.0,37.0,2026-06-17
evt_00855,Kids_Interactive_Show_Sevilla_7,Family,Kids,Interactive_Show,Sevilla,sevilla_triana_hall,Triana_Hall,13.0,37.0,2026-07-17
evt_00856,Kids_Interactive_Show_Sevilla_8,Family,Kids,Interactive_Show,Sevilla,sevilla_alameda_club,Alameda_Club,13.0,45.0,2026-08-21
evt_00857,Kids_Storytelling_Sevilla_1,Family,Kids,Storytelling,Sevilla,sevilla_triana_hall,Triana_Hall,30.0,46.0,2026-01-14
evt_00858,Kids_Storytelling_Sevilla_2,Family,Kids,Storytelling,Sevilla,sevilla_alameda_club,Alameda_Club,8.0,33.0,2026-02-15
evt_00859,Kids_Storytelling_Sevilla_3,Family,Kids,Storytelling,Sevilla,sevilla_triana_hall,Triana_Hall,27.0,39.0,2026-03-15
evt_00860,Kids_Storytelling_Sevilla_4,Family,Kids,Storytelling,Sevilla,sevilla_alameda_club,Alameda_Club,8.0,35.0,2026-04-17
evt_00861,Kids_Storytelling_Sevilla_5,Family,Kids,Storytelling,Sevilla,sevilla_triana_hall,Triana_Hall,8.0,23.0,2026-05-14
evt_00862,Kids_Storytelling_Sevilla_6,Family,Kids,Storytelling,Sevilla,sevilla_alameda_club,Alameda_Club,8.0,28.0,2026-06-20
evt_00863,Kids_Storytelling_Sevilla_7,Family,Kids,Storytelling,Sevilla,sevilla_triana_hall,Triana_Hall,19.0,39.0,2026-07-23
evt_00864,Kids_Storytelling_Sevilla_8,Family,Kids,Storytelling,Sevilla,sevilla_alameda_club,Alameda_Club,11.0,29.0,2026-08-21
evt_00865,Circus_Acrobatic_Sevilla_1,Family,Circus,Acrobatic,Sevilla,sevilla_triana_hall,Triana_Hall,12.0,44.0,2026-01-10
evt_00866,Circus_Acrobatic_Sevilla_2,Family,Circus,Acrobatic,Sevilla,sevilla_alameda_club,Alameda_Club,11.0,31.0,2026-02-14
evt_00867,Circus_Acrobatic_Sevilla_3,Family,Circus,Acrobatic,Sevilla,sevilla_triana_hall,Triana_Hall,35.0,49.0,2026-03-11
evt_00868,Circus_Acrobatic_Sevilla_4,Family,Circus,Acrobatic,Sevilla,sevilla_alameda_club,Alameda_Club,8.0,32.0,2026-04-16
evt_00869,Circus_Acrobatic_Sevilla_5,Family,Circus,Acrobatic,Sevilla,sevilla_triana_hall,Triana_Hall,28.0,48.0,2026-05-17
evt_00870,Circus_Acrobatic_Sevilla_6,Family,Circus,Acrobatic,Sevilla,sevilla_alameda_club,Alameda_Club,15.0,49.0,2026-06-18
evt_00871,Circus_Acrobatic_Sevilla_7,Family,Circus,Acrobatic,Sevilla,sevilla_triana_hall,Triana_Hall,27.0,43.0,2026-07-25
evt_00872,Circus_Acrobatic_Sevilla_8,Family,Circus,Acrobatic,Sevilla,sevilla_alameda_club,Alameda_Club,10.0,32.0,2026-08-21
evt_00873,Circus_Family_Circus_Sevilla_1,Family,Circus,Family_Circus,Sevilla,sevilla_triana_hall,Triana_Hall,8.0,38.0,2026-01-10
evt_00874,Circus_Family_Circus_Sevilla_2,Family,Circus,Family_Circus,Sevilla,sevilla_alameda_club,Alameda_Club,14.0,26.0,2026-02-09
evt_00875,Circus_Family_Circus_Sevilla_3,Family,Circus,Family_Circus,Sevilla,sevilla_triana_hall,Triana_Hall,15.0,47.0,2026-03-17
evt_00876,Circus_Family_Circus_Sevilla_4,Family,Circus,Family_Circus,Sevilla,sevilla_alameda_club,Alameda_Club,21.0,35.0,2026-04-19
evt_00877,Circus_Family_Circus_Sevilla_5,Family,Circus,Family_Circus,Sevilla,sevilla_triana_hall,Triana_Hall,22.0,58.0,2026-05-16
evt_00878,Circus_Family_Circus_Sevilla_6,Family,Circus,Family_Circus,Sevilla,sevilla_alameda_club,Alameda_Club,19.0,49.0,2026-06-20
evt_00879,Circus_Family_Circus_Sevilla_7,Family,Circus,Family_Circus,Sevilla,sevilla_triana_hall,Triana_Hall,11.0,35.0,2026-07-18
evt_00880,Circus_Family_Circus_Sevilla_8,Family,Circus,Family_Circus,Sevilla,sevilla_alameda_club,Alameda_Club,36.0,50.0,2026-08-19
evt_00881,Exhibition_Science_Sevilla_1,Family,Exhibition,Science,Sevilla,sevilla_triana_hall,Triana_Hall,24.0,44.0,2026-01-13
evt_00882,Exhibition_Science_Sevilla_2,Family,Exhibition,Science,Sevilla,sevilla_alameda_club,Alameda_Club,11.0,27.0,2026-02-14
evt_00883,Exhibition_Science_Sevilla_3,Family,Exhibition,Science,Sevilla,sevilla_triana_hall,Triana_Hall,23.0,39.0,2026-03-13
evt_00884,Exhibition_Science_Sevilla_4,Family,Exhibition,Science,Sevilla,sevilla_alameda_club,Alameda_Club,17.0,31.0,2026-04-19
evt_00885,Exhibition_Science_Sevilla_5,Family,Exhibition,Science,Sevilla,sevilla_triana_hall,Triana_Hall,8.0,28.0,2026-05-22
evt_00886,Exhibition_Science_Sevilla_6,Family,Exhibition,Science,Sevilla,sevilla_alameda_club,Alameda_Club,8.0,32.0,2026-06-16
evt_00887,Exhibition_Science_Sevilla_7,Family,Exhibition,Science,Sevilla,sevilla_triana_hall,Triana_Hall,12.0,30.0,2026-07-23
evt_00888,Exhibition_Science_Sevilla_8,Family,Exhibition,Science,Sevilla,sevilla_alameda_club,Alameda_Club,8.0,40.0,2026-08-25
evt_00889,Exhibition_Immersive_Sevilla_1,Family,Exhibition,Immersive,Sevilla,sevilla_triana_hall,Triana_Hall,22.0,42.0,2026-01-10
evt_00890,Exhibition_Immersive_Sevilla_2,Family,Exhibition,Immersive,Sevilla,sevilla_alameda_club,Alameda_Club,15.0,47.0,2026-02-08
evt_00891,Exhibition_Immersive_Sevilla_3,Family,Exhibition,Immersive,Sevilla,sevilla_triana_hall,Triana_Hall,8.0,39.0,2026-03-11
evt_00892,Exhibition_Immersive_Sevilla_4,Family,Exhibition,Immersive,Sevilla,sevilla_alameda_club,Alameda_Club,10.0,42.0,2026-04-17
evt_00893,Exhibition_Immersive_Sevilla_5,Family,Exhibition,Immersive,Sevilla,sevilla_triana_hall,Triana_Hall,8.0,36.0,2026-05-20
evt_00894,Exhibition_Immersive_Sevilla_6,Family,Exhibition,Immersive,Sevilla,sevilla_alameda_club,Alameda_Club,8.0,38.0,2026-06-16
evt_00895,Exhibition_Immersive_Sevilla_7,Family,Exhibition,Immersive,Sevilla,sevilla_triana_hall,Triana_Hall,8.0,31.0,2026-07-25
evt_00896,Exhibition_Immersive_Sevilla_8,Family,Exhibition,Immersive,Sevilla,sevilla_alameda_club,Alameda_Club,14.0,30.0,2026-08-19
evt_00897,Rock_Indie_Rock_Bilbao_1,Music,Rock,Indie_Rock,Bilbao,bilbao_abando_arena,Abando_Arena,42.0,62.0,2026-01-10
evt_00898,Rock_Indie_Rock_Bilbao_2,Music,Rock,Indie_Rock,Bilbao,bilbao_arenal_stage,Arenal_Stage,35.0,71.0,2026-02-08
evt_00899,Rock_Indie_Rock_Bilbao_3,Music,Rock,Indie_Rock,Bilbao,bilbao_abando_arena,Abando_Arena,34.0,50.0,2026-03-14
evt_00900,Rock_Indie_Rock_Bilbao_4,Music,Rock,Indie_Rock,Bilbao,bilbao_arenal_stage,Arenal_Stage,50.0,62.0,2026-04-13
evt_00901,Rock_Indie_Rock_Bilbao_5,Music,Rock,Indie_Rock,Bilbao,bilbao_abando_arena,Abando_Arena,30.0,60.0,2026-05-15
evt_00902,Rock_Indie_Rock_Bilbao_6,Music,Rock,Indie_Rock,Bilbao,bilbao_arenal_stage,Arenal_Stage,47.0,65.0,2026-06-17
evt_00903,Rock_Indie_Rock_Bilbao_7,Music,Rock,Indie_Rock,Bilbao,bilbao_abando_arena,Abando_Arena,26.0,54.0,2026-07-20
evt_00904,Rock_Indie_Rock_Bilbao_8,Music,Rock,Indie_Rock,Bilbao,bilbao_arenal_stage,Arenal_Stage,22.0,50.0,2026-08-26
evt_00905,Rock_Alternative_Rock_Bilbao_1,Music,Rock,Alternative_Rock,Bilbao,bilbao_abando_arena,Abando_Arena,47.0,63.0,2026-01-14
evt_00906,Rock_Alternative_Rock_Bilbao_2,Music,Rock,Alternative_Rock,Bilbao,bilbao_arenal_stage,Arenal_Stage,35.0,57.0,2026-02-13
evt_00907,Rock_Alternative_Rock_Bilbao_3,Music,Rock,Alternative_Rock,Bilbao,bilbao_abando_arena,Abando_Arena,31.0,47.0,2026-03-19
evt_00908,Rock_Alternative_Rock_Bilbao_4,Music,Rock,Alternative_Rock,Bilbao,bilbao_arenal_stage,Arenal_Stage,22.0,54.0,2026-04-15
evt_00909,Rock_Alternative_Rock_Bilbao_5,Music,Rock,Alternative_Rock,Bilbao,bilbao_abando_arena,Abando_Arena,44.0,56.0,2026-05-18
evt_00910,Rock_Alternative_Rock_Bilbao_6,Music,Rock,Alternative_Rock,Bilbao,bilbao_arenal_stage,Arenal_Stage,46.0,68.0,2026-06-22
evt_00911,Rock_Alternative_Rock_Bilbao_7,Music,Rock,Alternative_Rock,Bilbao,bilbao_abando_arena,Abando_Arena,31.0,45.0,2026-07-25
evt_00912,Rock_Alternative_Rock_Bilbao_8,Music,Rock,Alternative_Rock,Bilbao,bilbao_arenal_stage,Arenal_Stage,47.0,63.0,2026-08-25
evt_00913,Pop_Mainstream_Pop_Bilbao_1,Music,Pop,Mainstream_Pop,Bilbao,bilbao_abando_arena,Abando_Arena,53.0,71.0,2026-01-10
evt_00914,Pop_Mainstream_Pop_Bilbao_2,Music,Pop,Mainstream_Pop,Bilbao,bilbao_arenal_stage,Arenal_Stage,30.0,62.0,2026-02-15
evt_00915,Pop_Mainstream_Pop_Bilbao_3,Music,Pop,Mainstream_Pop,Bilbao,bilbao_abando_arena,Abando_Arena,47.0,81.0,2026-03-19
evt_00916,Pop_Mainstream_Pop_Bilbao_4,Music,Pop,Mainstream_Pop,Bilbao,bilbao_arenal_stage,Arenal_Stage,35.0,61.0,2026-04-14
evt_00917,Pop_Mainstream_Pop_Bilbao_5,Music,Pop,Mainstream_Pop,Bilbao,bilbao_abando_arena,Abando_Arena,37.0,55.0,2026-05-18
evt_00918,Pop_Mainstream_Pop_Bilbao_6,Music,Pop,Mainstream_Pop,Bilbao,bilbao_arenal_stage,Arenal_Stage,32.0,60.0,2026-06-18
evt_00919,Pop_Mainstream_Pop_Bilbao_7,Music,Pop,Mainstream_Pop,Bilbao,bilbao_abando_arena,Abando_Arena,34.0,68.0,2026-07-23
evt_00920,Pop_Mainstream_Pop_Bilbao_8,Music,Pop,Mainstream_Pop,Bilbao,bilbao_arenal_stage,Arenal_Stage,35.0,59.0,2026-08-19
evt_00921,Pop_Latin_Pop_Bilbao_1,Music,Pop,Latin_Pop,Bilbao,bilbao_abando_arena,Abando_Arena,59.0,71.0,2026-01-10
evt_00922,Pop_Latin_Pop_Bilbao_2,Music,Pop,Latin_Pop,Bilbao,bilbao_arenal_stage,Arenal_Stage,53.0,79.0,2026-02-15
evt_00923,Pop_Latin_Pop_Bilbao_3,Music,Pop,Latin_Pop,Bilbao,bilbao_abando_arena,Abando_Arena,47.0,61.0,2026-03-13
evt_00924,Pop_Latin_Pop_Bilbao_4,Music,Pop,Latin_Pop,Bilbao,bilbao_arenal_stage,Arenal_Stage,37.0,55.0,2026-04-16
evt_00925,Pop_Latin_Pop_Bilbao_5,Music,Pop,Latin_Pop,Bilbao,bilbao_abando_arena,Abando_Arena,28.0,62.0,2026-05-21
evt_00926,Pop_Latin_Pop_Bilbao_6,Music,Pop,Latin_Pop,Bilbao,bilbao_arenal_stage,Arenal_Stage,36.0,64.0,2026-06-16
evt_00927,Pop_Latin_Pop_Bilbao_7,Music,Pop,Latin_Pop,Bilbao,bilbao_abando_arena,Abando_Arena,52.0,74.0,2026-07-20
evt_00928,Pop_Latin_Pop_Bilbao_8,Music,Pop,Latin_Pop,Bilbao,bilbao_arenal_stage,Arenal_Stage,49.0,73.0,2026-08-21
evt_00929,Electronic_House_Bilbao_1,Music,Electronic,House,Bilbao,bilbao_abando_arena,Abando_Arena,72.0,88.0,2026-01-13
evt_00930,Electronic_House_Bilbao_2,Music,Electronic,House,Bilbao,bilbao_arenal_stage,Arenal_Stage,46.0,74.0,2026-02-15
evt_00931,Electronic_House_Bilbao_3,Music,Electronic,House,Bilbao,bilbao_abando_arena,Abando_Arena,57.0,71.0,2026-03-15
evt_00932,Electronic_House_Bilbao_4,Music,Electronic,House,Bilbao,bilbao_arenal_stage,Arenal_Stage,48.0,76.0,2026-04-13
evt_00933,Electronic_House_Bilbao_5,Music,Electronic,House,Bilbao,bilbao_abando_arena,Abando_Arena,57.0,79.0,2026-05-18
evt_00934,Electronic_House_Bilbao_6,Music,Electronic,House,Bilbao,bilbao_arenal_stage,Arenal_Stage,56.0,90.0,2026-06-19
evt_00935,Electronic_House_Bilbao_7,Music,Electronic,House,Bilbao,bilbao_abando_arena,Abando_Arena,61.0,77.0,2026-07-21
evt_00936,Electronic_House_Bilbao_8,Music,Electronic,House,Bilbao,bilbao_arenal_stage,Arenal_Stage,64.0,82.0,2026-08-21
evt_00937,Electronic_Techno_Bilbao_1,Music,Electronic,Techno,Bilbao,bilbao_abando_arena,Abando_Arena,62.0,94.0,2026-01-10
evt_00938,Electronic_Techno_Bilbao_2,Music,Electronic,Techno,Bilbao,bilbao_arenal_stage,Arenal_Stage,49.0,71.0,2026-02-14
evt_00939,Electronic_Techno_Bilbao_3,Music,Electronic,Techno,Bilbao,bilbao_abando_arena,Abando_Arena,49.0,85.0,2026-03-12
evt_00940,Electronic_Techno_Bilbao_4,Music,Electronic,Techno,Bilbao,bilbao_arenal_stage,Arenal_Stage,66.0,92.0,2026-04-15
evt_00941,Electronic_Techno_Bilbao_5,Music,Electronic,Techno,Bilbao,bilbao_abando_arena,Abando_Arena,72.0,88.0,2026-05-20
evt_00942,Electronic_Techno_Bilbao_6,Music,Electronic,Techno,Bilbao,bilbao_arenal_stage,Arenal_Stage,73.0,85.0,2026-06-19
evt_00943,Electronic_Techno_Bilbao_7,Music,Electronic,Techno,Bilbao,bilbao_abando_arena,Abando_Arena,48.0,84.0,2026-07-20
evt_00944,Electronic_Techno_Bilbao_8,Music,Electronic,Techno,Bilbao,bilbao_arenal_stage,Arenal_Stage,60.0,74.0,2026-08-26
evt_00945,Urban_Trap_Bilbao_1,Music,Urban,Trap,Bilbao,bilbao_abando_arena,Abando_Arena,39.0,69.0,2026-01-10
evt_00946,Urban_Trap_Bilbao_2,Music,Urban,Trap,Bilbao,bilbao_arenal_stage,Arenal_Stage,41.0,63.0,2026-02-10
evt_00947,Urban_Trap_Bilbao_3,Music,Urban,Trap,Bilbao,bilbao_abando_arena,Abando_Arena,47.0,81.0,2026-03-13
evt_00948,Urban_Trap_Bilbao_4,Music,Urban,Trap,Bilbao,bilbao_arenal_stage,Arenal_Stage,39.0,65.0,2026-04-15
evt_00949,Urban_Trap_Bilbao_5,Music,Urban,Trap,Bilbao,bilbao_abando_arena,Abando_Arena,47.0,75.0,2026-05-21
evt_00950,Urban_Trap_Bilbao_6,Music,Urban,Trap,Bilbao,bilbao_arenal_stage,Arenal_Stage,55.0,67.0,2026-06-19
evt_00951,Urban_Trap_Bilbao_7,Music,Urban,Trap,Bilbao,bilbao_abando_arena,Abando_Arena,45.0,75.0,2026-07-19
evt_00952,Urban_Trap_Bilbao_8,Music,Urban,Trap,Bilbao,bilbao_arenal_stage,Arenal_Stage,43.0,55.0,2026-08-20
evt_00953,Urban_Hip_Hop_Bilbao_1,Music,Urban,Hip_Hop,Bilbao,bilbao_abando_arena,Abando_Arena,31.0,67.0,2026-01-10
evt_00954,Urban_Hip_Hop_Bilbao_2,Music,Urban,Hip_Hop,Bilbao,bilbao_arenal_stage,Arenal_Stage,31.0,55.0,2026-02-14
evt_00955,Urban_Hip_Hop_Bilbao_3,Music,Urban,Hip_Hop,Bilbao,bilbao_abando_arena,Abando_Arena,42.0,60.0,2026-03-11
evt_00956,Urban_Hip_Hop_Bilbao_4,Music,Urban,Hip_Hop,Bilbao,bilbao_arenal_stage,Arenal_Stage,44.0,64.0,2026-04-14
evt_00957,Urban_Hip_Hop_Bilbao_5,Music,Urban,Hip_Hop,Bilbao,bilbao_abando_arena,Abando_Arena,55.0,73.0,2026-05-15
evt_00958,Urban_Hip_Hop_Bilbao_6,Music,Urban,Hip_Hop,Bilbao,bilbao_arenal_stage,Arenal_Stage,32.0,48.0,2026-06-16
evt_00959,Urban_Hip_Hop_Bilbao_7,Music,Urban,Hip_Hop,Bilbao,bilbao_abando_arena,Abando_Arena,39.0,67.0,2026-07-24
evt_00960,Urban_Hip_Hop_Bilbao_8,Music,Urban,Hip_Hop,Bilbao,bilbao_arenal_stage,Arenal_Stage,55.0,67.0,2026-08-24
evt_00961,Football_La_Liga_Bilbao_1,Sports,Football,La_Liga,Bilbao,bilbao_abando_arena,Abando_Arena,92.0,128.0,2026-01-12
evt_00962,Football_La_Liga_Bilbao_2,Sports,Football,La_Liga,Bilbao,bilbao_arenal_stage,Arenal_Stage,92.0,126.0,2026-02-14
evt_00963,Football_La_Liga_Bilbao_3,Sports,Football,La_Liga,Bilbao,bilbao_abando_arena,Abando_Arena,79.0,109.0,2026-03-19
evt_00964,Football_La_Liga_Bilbao_4,Sports,Football,La_Liga,Bilbao,bilbao_arenal_stage,Arenal_Stage,92.0,110.0,2026-04-13
evt_00965,Football_La_Liga_Bilbao_5,Sports,Football,La_Liga,Bilbao,bilbao_abando_arena,Abando_Arena,101.0,113.0,2026-05-20
evt_00966,Football_La_Liga_Bilbao_6,Sports,Football,La_Liga,Bilbao,bilbao_arenal_stage,Arenal_Stage,72.0,102.0,2026-06-22
evt_00967,Football_La_Liga_Bilbao_7,Sports,Football,La_Liga,Bilbao,bilbao_abando_arena,Abando_Arena,96.0,108.0,2026-07-21
evt_00968,Football_La_Liga_Bilbao_8,Sports,Football,La_Liga,Bilbao,bilbao_arenal_stage,Arenal_Stage,83.0,95.0,2026-08-24
evt_00969,Football_International_Friendly_Bilbao_1,Sports,Football,International_Friendly,Bilbao,bilbao_abando_arena,Abando_Arena,70.0,106.0,2026-01-10
evt_00970,Football_International_Friendly_Bilbao_2,Sports,Football,International_Friendly,Bilbao,bilbao_arenal_stage,Arenal_Stage,94.0,114.0,2026-02-12
evt_00971,Football_International_Friendly_Bilbao_3,Sports,Football,International_Friendly,Bilbao,bilbao_abando_arena,Abando_Arena,86.0,120.0,2026-03-17
evt_00972,Football_International_Friendly_Bilbao_4,Sports,Football,International_Friendly,Bilbao,bilbao_arenal_stage,Arenal_Stage,84.0,120.0,2026-04-18
evt_00973,Football_International_Friendly_Bilbao_5,Sports,Football,International_Friendly,Bilbao,bilbao_abando_arena,Abando_Arena,102.0,116.0,2026-05-19
evt_00974,Football_International_Friendly_Bilbao_6,Sports,Football,International_Friendly,Bilbao,bilbao_arenal_stage,Arenal_Stage,100.0,114.0,2026-06-15
evt_00975,Football_International_Friendly_Bilbao_7,Sports,Football,International_Friendly,Bilbao,bilbao_abando_arena,Abando_Arena,98.0,112.0,2026-07-18
evt_00976,Football_International_Friendly_Bilbao_8,Sports,Football,International_Friendly,Bilbao,bilbao_arenal_stage,Arenal_Stage,94.0,110.0,2026-08-23
evt_00977,Basketball_ACB_Bilbao_1,Sports,Basketball,ACB,Bilbao,bilbao_abando_arena,Abando_Arena,70.0,96.0,2026-01-10
evt_00978,Basketball_ACB_Bilbao_2,Sports,Basketball,ACB,Bilbao,bilbao_arenal_stage,Arenal_Stage,58.0,92.0,2026-02-12
evt_00979,Basketball_ACB_Bilbao_3,Sports,Basketball,ACB,Bilbao,bilbao_abando_arena,Abando_Arena,67.0,85.0,2026-03-15
evt_00980,Basketball_ACB_Bilbao_4,Sports,Basketball,ACB,Bilbao,bilbao_arenal_stage,Arenal_Stage,73.0,105.0,2026-04-16
evt_00981,Basketball_ACB_Bilbao_5,Sports,Basketball,ACB,Bilbao,bilbao_abando_arena,Abando_Arena,63.0,87.0,2026-05-21
evt_00982,Basketball_ACB_Bilbao_6,Sports,Basketball,ACB,Bilbao,bilbao_arenal_stage,Arenal_Stage,51.0,85.0,2026-06-16
evt_00983,Basketball_ACB_Bilbao_7,Sports,Basketball,ACB,Bilbao,bilbao_abando_arena,Abando_Arena,69.0,93.0,2026-07-21
evt_00984,Basketball_ACB_Bilbao_8,Sports,Basketball,ACB,Bilbao,bilbao_arenal_stage,Arenal_Stage,74.0,104.0,2026-08-22
evt_00985,Basketball_EuroLeague_Bilbao_1,Sports,Basketball,EuroLeague,Bilbao,bilbao_abando_arena,Abando_Arena,72.0,104.0,2026-01-11
evt_00986,Basketball_EuroLeague_Bilbao_2,Sports,Basketball,EuroLeague,Bilbao,bilbao_arenal_stage,Arenal_Stage,64.0,96.0,2026-02-14
evt_00987,Basketball_EuroLeague_Bilbao_3,Sports,Basketball,EuroLeague,Bilbao,bilbao_abando_arena,Abando_Arena,69.0,85.0,2026-03-15
evt_00988,Basketball_EuroLeague_Bilbao_4,Sports,Basketball,EuroLeague,Bilbao,bilbao_arenal_stage,Arenal_Stage,57.0,85.0,2026-04-13
evt_00989,Basketball_EuroLeague_Bilbao_5,Sports,Basketball,EuroLeague,Bilbao,bilbao_abando_arena,Abando_Arena,70.0,102.0,2026-05-22
evt_00990,Basketball_EuroLeague_Bilbao_6,Sports,Basketball,EuroLeague,Bilbao,bilbao_arenal_stage,Arenal_Stage,69.0,91.0,2026-06-23
evt_00991,Basketball_EuroLeague_Bilbao_7,Sports,Basketball,EuroLeague,Bilbao,bilbao_abando_arena,Abando_Arena,52.0,88.0,2026-07-20
evt_00992,Basketball_EuroLeague_Bilbao_8,Sports,Basketball,EuroLeague,Bilbao,bilbao_arenal_stage,Arenal_Stage,67.0,103.0,2026-08-26
evt_00993,Tennis_ATP_Bilbao_1,Sports,Tennis,ATP,Bilbao,bilbao_abando_arena,Abando_Arena,65.0,95.0,2026-01-12
evt_00994,Tennis_ATP_Bilbao_2,Sports,Tennis,ATP,Bilbao,bilbao_arenal_stage,Arenal_Stage,75.0,87.0,2026-02-09
evt_00995,Tennis_ATP_Bilbao_3,Sports,Tennis,ATP,Bilbao,bilbao_abando_arena,Abando_Arena,79.0,111.0,2026-03-14
evt_00996,Tennis_ATP_Bilbao_4,Sports,Tennis,ATP,Bilbao,bilbao_arenal_stage,Arenal_Stage,68.0,104.0,2026-04-15
evt_00997,Tennis_ATP_Bilbao_5,Sports,Tennis,ATP,Bilbao,bilbao_abando_arena,Abando_Arena,69.0,95.0,2026-05-14
evt_00998,Tennis_ATP_Bilbao_6,Sports,Tennis,ATP,Bilbao,bilbao_arenal_stage,Arenal_Stage,72.0,84.0,2026-06-15
evt_00999,Tennis_ATP_Bilbao_7,Sports,Tennis,ATP,Bilbao,bilbao_abando_arena,Abando_Arena,76.0,90.0,2026-07-22
evt_01000,Tennis_ATP_Bilbao_8,Sports,Tennis,ATP,Bilbao,bilbao_arenal_stage,Arenal_Stage,74.0,102.0,2026-08-21
evt_01001,Tennis_Exhibition_Bilbao_1,Sports,Tennis,Exhibition,Bilbao,bilbao_abando_arena,Abando_Arena,81.0,113.0,2026-01-14
evt_01002,Tennis_Exhibition_Bilbao_2,Sports,Tennis,Exhibition,Bilbao,bilbao_arenal_stage,Arenal_Stage,80.0,116.0,2026-02-14
evt_01003,Tennis_Exhibition_Bilbao_3,Sports,Tennis,Exhibition,Bilbao,bilbao_abando_arena,Abando_Arena,82.0,102.0,2026-03-14
evt_01004,Tennis_Exhibition_Bilbao_4,Sports,Tennis,Exhibition,Bilbao,bilbao_arenal_stage,Arenal_Stage,64.0,94.0,2026-04-17
evt_01005,Tennis_Exhibition_Bilbao_5,Sports,Tennis,Exhibition,Bilbao,bilbao_abando_arena,Abando_Arena,89.0,101.0,2026-05-21
evt_01006,Tennis_Exhibition_Bilbao_6,Sports,Tennis,Exhibition,Bilbao,bilbao_arenal_stage,Arenal_Stage,79.0,105.0,2026-06-19
evt_01007,Tennis_Exhibition_Bilbao_7,Sports,Tennis,Exhibition,Bilbao,bilbao_abando_arena,Abando_Arena,76.0,94.0,2026-07-23
evt_01008,Tennis_Exhibition_Bilbao_8,Sports,Tennis,Exhibition,Bilbao,bilbao_arenal_stage,Arenal_Stage,80.0,114.0,2026-08-20
evt_01009,Theatre_Drama_Bilbao_1,Arts_Theatre,Theatre,Drama,Bilbao,bilbao_abando_arena,Abando_Arena,37.0,57.0,2026-01-12
evt_01010,Theatre_Drama_Bilbao_2,Arts_Theatre,Theatre,Drama,Bilbao,bilbao_arenal_stage,Arenal_Stage,18.0,54.0,2026-02-12
evt_01011,Theatre_Drama_Bilbao_3,Arts_Theatre,Theatre,Drama,Bilbao,bilbao_abando_arena,Abando_Arena,40.0,52.0,2026-03-16
evt_01012,Theatre_Drama_Bilbao_4,Arts_Theatre,Theatre,Drama,Bilbao,bilbao_arenal_stage,Arenal_Stage,27.0,41.0,2026-04-13
evt_01013,Theatre_Drama_Bilbao_5,Arts_Theatre,Theatre,Drama,Bilbao,bilbao_abando_arena,Abando_Arena,27.0,47.0,2026-05-21
evt_01014,Theatre_Drama_Bilbao_6,Arts_Theatre,Theatre,Drama,Bilbao,bilbao_arenal_stage,Arenal_Stage,19.0,51.0,2026-06-18
evt_01015,Theatre_Drama_Bilbao_7,Arts_Theatre,Theatre,Drama,Bilbao,bilbao_abando_arena,Abando_Arena,27.0,63.0,2026-07-18
evt_01016,Theatre_Drama_Bilbao_8,Arts_Theatre,Theatre,Drama,Bilbao,bilbao_arenal_stage,Arenal_Stage,30.0,54.0,2026-08-19
evt_01017,Theatre_Contemporary_Bilbao_1,Arts_Theatre,Theatre,Contemporary,Bilbao,bilbao_abando_arena,Abando_Arena,25.0,51.0,2026-01-12
evt_01018,Theatre_Contemporary_Bilbao_2,Arts_Theatre,Theatre,Contemporary,Bilbao,bilbao_arenal_stage,Arenal_Stage,16.0,50.0,2026-02-11
evt_01019,Theatre_Contemporary_Bilbao_3,Arts_Theatre,Theatre,Contemporary,Bilbao,bilbao_abando_arena,Abando_Arena,32.0,66.0,2026-03-13
evt_01020,Theatre_Contemporary_Bilbao_4,Arts_Theatre,Theatre,Contemporary,Bilbao,bilbao_arenal_stage,Arenal_Stage,26.0,62.0,2026-04-20
evt_01021,Theatre_Contemporary_Bilbao_5,Arts_Theatre,Theatre,Contemporary,Bilbao,bilbao_abando_arena,Abando_Arena,31.0,45.0,2026-05-16
evt_01022,Theatre_Contemporary_Bilbao_6,Arts_Theatre,Theatre,Contemporary,Bilbao,bilbao_arenal_stage,Arenal_Stage,22.0,48.0,2026-06-16
evt_01023,Theatre_Contemporary_Bilbao_7,Arts_Theatre,Theatre,Contemporary,Bilbao,bilbao_abando_arena,Abando_Arena,31.0,65.0,2026-07-20
evt_01024,Theatre_Contemporary_Bilbao_8,Arts_Theatre,Theatre,Contemporary,Bilbao,bilbao_arenal_stage,Arenal_Stage,20.0,56.0,2026-08-24
evt_01025,Musical_Broadway_Bilbao_1,Arts_Theatre,Musical,Broadway,Bilbao,bilbao_abando_arena,Abando_Arena,34.0,68.0,2026-01-10
evt_01026,Musical_Broadway_Bilbao_2,Arts_Theatre,Musical,Broadway,Bilbao,bilbao_arenal_stage,Arenal_Stage,36.0,64.0,2026-02-10
evt_01027,Musical_Broadway_Bilbao_3,Arts_Theatre,Musical,Broadway,Bilbao,bilbao_abando_arena,Abando_Arena,49.0,61.0,2026-03-19
evt_01028,Musical_Broadway_Bilbao_4,Arts_Theatre,Musical,Broadway,Bilbao,bilbao_arenal_stage,Arenal_Stage,47.0,71.0,2026-04-17
evt_01029,Musical_Broadway_Bilbao_5,Arts_Theatre,Musical,Broadway,Bilbao,bilbao_abando_arena,Abando_Arena,60.0,78.0,2026-05-18
evt_01030,Musical_Broadway_Bilbao_6,Arts_Theatre,Musical,Broadway,Bilbao,bilbao_arenal_stage,Arenal_Stage,46.0,70.0,2026-06-23
evt_01031,Musical_Broadway_Bilbao_7,Arts_Theatre,Musical,Broadway,Bilbao,bilbao_abando_arena,Abando_Arena,50.0,68.0,2026-07-18
evt_01032,Musical_Broadway_Bilbao_8,Arts_Theatre,Musical,Broadway,Bilbao,bilbao_arenal_stage,Arenal_Stage,59.0,73.0,2026-08-22
evt_01033,Musical_Local_Musical_Bilbao_1,Arts_Theatre,Musical,Local_Musical,Bilbao,bilbao_abando_arena,Abando_Arena,43.0,79.0,2026-01-10
evt_01034,Musical_Local_Musical_Bilbao_2,Arts_Theatre,Musical,Local_Musical,Bilbao,bilbao_arenal_stage,Arenal_Stage,57.0,71.0,2026-02-09
evt_01035,Musical_Local_Musical_Bilbao_3,Arts_Theatre,Musical,Local_Musical,Bilbao,bilbao_abando_arena,Abando_Arena,48.0,78.0,2026-03-18
evt_01036,Musical_Local_Musical_Bilbao_4,Arts_Theatre,Musical,Local_Musical,Bilbao,bilbao_arenal_stage,Arenal_Stage,45.0,57.0,2026-04-12
evt_01037,Musical_Local_Musical_Bilbao_5,Arts_Theatre,Musical,Local_Musical,Bilbao,bilbao_abando_arena,Abando_Arena,48.0,70.0,2026-05-18
evt_01038,Musical_Local_Musical_Bilbao_6,Arts_Theatre,Musical,Local_Musical,Bilbao,bilbao_arenal_stage,Arenal_Stage,51.0,73.0,2026-06-17
evt_01039,Musical_Local_Musical_Bilbao_7,Arts_Theatre,Musical,Local_Musical,Bilbao,bilbao_abando_arena,Abando_Arena,60.0,86.0,2026-07-23
evt_01040,Musical_Local_Musical_Bilbao_8,Arts_Theatre,Musical,Local_Musical,Bilbao,bilbao_arenal_stage,Arenal_Stage,52.0,70.0,2026-08-18
evt_01041,Comedy_Stand_Up_Bilbao_1,Arts_Theatre,Comedy,Stand_Up,Bilbao,bilbao_abando_arena,Abando_Arena,9.0,37.0,2026-01-10
evt_01042,Comedy_Stand_Up_Bilbao_2,Arts_Theatre,Comedy,Stand_Up,Bilbao,bilbao_arenal_stage,Arenal_Stage,38.0,50.0,2026-02-07
evt_01043,Comedy_Stand_Up_Bilbao_3,Arts_Theatre,Comedy,Stand_Up,Bilbao,bilbao_abando_arena,Abando_Arena,26.0,46.0,2026-03-19
evt_01044,Comedy_Stand_Up_Bilbao_4,Arts_Theatre,Comedy,Stand_Up,Bilbao,bilbao_arenal_stage,Arenal_Stage,24.0,40.0,2026-04-18
evt_01045,Comedy_Stand_Up_Bilbao_5,Arts_Theatre,Comedy,Stand_Up,Bilbao,bilbao_abando_arena,Abando_Arena,18.0,46.0,2026-05-14
evt_01046,Comedy_Stand_Up_Bilbao_6,Arts_Theatre,Comedy,Stand_Up,Bilbao,bilbao_arenal_stage,Arenal_Stage,28.0,40.0,2026-06-23
evt_01047,Comedy_Stand_Up_Bilbao_7,Arts_Theatre,Comedy,Stand_Up,Bilbao,bilbao_abando_arena,Abando_Arena,15.0,33.0,2026-07-17
evt_01048,Comedy_Stand_Up_Bilbao_8,Arts_Theatre,Comedy,Stand_Up,Bilbao,bilbao_arenal_stage,Arenal_Stage,22.0,42.0,2026-08-24
evt_01049,Comedy_Improvised_Bilbao_1,Arts_Theatre,Comedy,Improvised,Bilbao,bilbao_abando_arena,Abando_Arena,21.0,41.0,2026-01-10
evt_01050,Comedy_Improvised_Bilbao_2,Arts_Theatre,Comedy,Improvised,Bilbao,bilbao_arenal_stage,Arenal_Stage,28.0,52.0,2026-02-09
evt_01051,Comedy_Improvised_Bilbao_3,Arts_Theatre,Comedy,Improvised,Bilbao,bilbao_abando_arena,Abando_Arena,21.0,41.0,2026-03-19
evt_01052,Comedy_Improvised_Bilbao_4,Arts_Theatre,Comedy,Improvised,Bilbao,bilbao_arenal_stage,Arenal_Stage,15.0,41.0,2026-04-20
evt_01053,Comedy_Improvised_Bilbao_5,Arts_Theatre,Comedy,Improvised,Bilbao,bilbao_abando_arena,Abando_Arena,22.0,34.0,2026-05-20
evt_01054,Comedy_Improvised_Bilbao_6,Arts_Theatre,Comedy,Improvised,Bilbao,bilbao_arenal_stage,Arenal_Stage,13.0,33.0,2026-06-15
evt_01055,Comedy_Improvised_Bilbao_7,Arts_Theatre,Comedy,Improvised,Bilbao,bilbao_abando_arena,Abando_Arena,28.0,48.0,2026-07-23
evt_01056,Comedy_Improvised_Bilbao_8,Arts_Theatre,Comedy,Improvised,Bilbao,bilbao_arenal_stage,Arenal_Stage,27.0,45.0,2026-08-19
evt_01057,Classical_Symphonic_Bilbao_1,Arts_Theatre,Classical,Symphonic,Bilbao,bilbao_abando_arena,Abando_Arena,31.0,49.0,2026-01-10
evt_01058,Classical_Symphonic_Bilbao_2,Arts_Theatre,Classical,Symphonic,Bilbao,bilbao_arenal_stage,Arenal_Stage,32.0,58.0,2026-02-07
evt_01059,Classical_Symphonic_Bilbao_3,Arts_Theatre,Classical,Symphonic,Bilbao,bilbao_abando_arena,Abando_Arena,42.0,56.0,2026-03-18
evt_01060,Classical_Symphonic_Bilbao_4,Arts_Theatre,Classical,Symphonic,Bilbao,bilbao_arenal_stage,Arenal_Stage,34.0,58.0,2026-04-20
evt_01061,Classical_Symphonic_Bilbao_5,Arts_Theatre,Classical,Symphonic,Bilbao,bilbao_abando_arena,Abando_Arena,37.0,63.0,2026-05-19
evt_01062,Classical_Symphonic_Bilbao_6,Arts_Theatre,Classical,Symphonic,Bilbao,bilbao_arenal_stage,Arenal_Stage,28.0,50.0,2026-06-17
evt_01063,Classical_Symphonic_Bilbao_7,Arts_Theatre,Classical,Symphonic,Bilbao,bilbao_abando_arena,Abando_Arena,27.0,61.0,2026-07-22
evt_01064,Classical_Symphonic_Bilbao_8,Arts_Theatre,Classical,Symphonic,Bilbao,bilbao_arenal_stage,Arenal_Stage,45.0,63.0,2026-08-19
evt_01065,Classical_Chamber_Bilbao_1,Arts_Theatre,Classical,Chamber,Bilbao,bilbao_abando_arena,Abando_Arena,42.0,60.0,2026-01-13
evt_01066,Classical_Chamber_Bilbao_2,Arts_Theatre,Classical,Chamber,Bilbao,bilbao_arenal_stage,Arenal_Stage,33.0,51.0,2026-02-13
evt_01067,Classical_Chamber_Bilbao_3,Arts_Theatre,Classical,Chamber,Bilbao,bilbao_abando_arena,Abando_Arena,38.0,74.0,2026-03-14
evt_01068,Classical_Chamber_Bilbao_4,Arts_Theatre,Classical,Chamber,Bilbao,bilbao_arenal_stage,Arenal_Stage,43.0,55.0,2026-04-18
evt_01069,Classical_Chamber_Bilbao_5,Arts_Theatre,Classical,Chamber,Bilbao,bilbao_abando_arena,Abando_Arena,37.0,53.0,2026-05-19
evt_01070,Classical_Chamber_Bilbao_6,Arts_Theatre,Classical,Chamber,Bilbao,bilbao_arenal_stage,Arenal_Stage,37.0,57.0,2026-06-23
evt_01071,Classical_Chamber_Bilbao_7,Arts_Theatre,Classical,Chamber,Bilbao,bilbao_abando_arena,Abando_Arena,28.0,48.0,2026-07-25
evt_01072,Classical_Chamber_Bilbao_8,Arts_Theatre,Classical,Chamber,Bilbao,bilbao_arenal_stage,Arenal_Stage,42.0,58.0,2026-08-20
evt_01073,Kids_Interactive_Show_Bilbao_1,Family,Kids,Interactive_Show,Bilbao,bilbao_abando_arena,Abando_Arena,12.0,44.0,2026-01-14
evt_01074,Kids_Interactive_Show_Bilbao_2,Family,Kids,Interactive_Show,Bilbao,bilbao_arenal_stage,Arenal_Stage,8.0,35.0,2026-02-13
evt_01075,Kids_Interactive_Show_Bilbao_3,Family,Kids,Interactive_Show,Bilbao,bilbao_abando_arena,Abando_Arena,12.0,34.0,2026-03-19
evt_01076,Kids_Interactive_Show_Bilbao_4,Family,Kids,Interactive_Show,Bilbao,bilbao_arenal_stage,Arenal_Stage,15.0,29.0,2026-04-15
evt_01077,Kids_Interactive_Show_Bilbao_5,Family,Kids,Interactive_Show,Bilbao,bilbao_abando_arena,Abando_Arena,26.0,48.0,2026-05-14
evt_01078,Kids_Interactive_Show_Bilbao_6,Family,Kids,Interactive_Show,Bilbao,bilbao_arenal_stage,Arenal_Stage,10.0,44.0,2026-06-18
evt_01079,Kids_Interactive_Show_Bilbao_7,Family,Kids,Interactive_Show,Bilbao,bilbao_abando_arena,Abando_Arena,8.0,34.0,2026-07-23
evt_01080,Kids_Interactive_Show_Bilbao_8,Family,Kids,Interactive_Show,Bilbao,bilbao_arenal_stage,Arenal_Stage,10.0,22.0,2026-08-20
evt_01081,Kids_Storytelling_Bilbao_1,Family,Kids,Storytelling,Bilbao,bilbao_abando_arena,Abando_Arena,8.0,33.0,2026-01-10
evt_01082,Kids_Storytelling_Bilbao_2,Family,Kids,Storytelling,Bilbao,bilbao_arenal_stage,Arenal_Stage,8.0,24.0,2026-02-11
evt_01083,Kids_Storytelling_Bilbao_3,Family,Kids,Storytelling,Bilbao,bilbao_abando_arena,Abando_Arena,20.0,46.0,2026-03-17
evt_01084,Kids_Storytelling_Bilbao_4,Family,Kids,Storytelling,Bilbao,bilbao_arenal_stage,Arenal_Stage,18.0,36.0,2026-04-15
evt_01085,Kids_Storytelling_Bilbao_5,Family,Kids,Storytelling,Bilbao,bilbao_abando_arena,Abando_Arena,21.0,45.0,2026-05-20
evt_01086,Kids_Storytelling_Bilbao_6,Family,Kids,Storytelling,Bilbao,bilbao_arenal_stage,Arenal_Stage,19.0,31.0,2026-06-21
evt_01087,Kids_Storytelling_Bilbao_7,Family,Kids,Storytelling,Bilbao,bilbao_abando_arena,Abando_Arena,8.0,34.0,2026-07-20
evt_01088,Kids_Storytelling_Bilbao_8,Family,Kids,Storytelling,Bilbao,bilbao_arenal_stage,Arenal_Stage,22.0,40.0,2026-08-26
evt_01089,Circus_Acrobatic_Bilbao_1,Family,Circus,Acrobatic,Bilbao,bilbao_abando_arena,Abando_Arena,10.0,34.0,2026-01-10
evt_01090,Circus_Acrobatic_Bilbao_2,Family,Circus,Acrobatic,Bilbao,bilbao_arenal_stage,Arenal_Stage,17.0,53.0,2026-02-09
evt_01091,Circus_Acrobatic_Bilbao_3,Family,Circus,Acrobatic,Bilbao,bilbao_abando_arena,Abando_Arena,8.0,32.0,2026-03-19
evt_01092,Circus_Acrobatic_Bilbao_4,Family,Circus,Acrobatic,Bilbao,bilbao_arenal_stage,Arenal_Stage,35.0,53.0,2026-04-20
evt_01093,Circus_Acrobatic_Bilbao_5,Family,Circus,Acrobatic,Bilbao,bilbao_abando_arena,Abando_Arena,14.0,32.0,2026-05-15
evt_01094,Circus_Acrobatic_Bilbao_6,Family,Circus,Acrobatic,Bilbao,bilbao_arenal_stage,Arenal_Stage,28.0,48.0,2026-06-19
evt_01095,Circus_Acrobatic_Bilbao_7,Family,Circus,Acrobatic,Bilbao,bilbao_abando_arena,Abando_Arena,25.0,59.0,2026-07-19
evt_01096,Circus_Acrobatic_Bilbao_8,Family,Circus,Acrobatic,Bilbao,bilbao_arenal_stage,Arenal_Stage,31.0,49.0,2026-08-25
evt_01097,Circus_Family_Circus_Bilbao_1,Family,Circus,Family_Circus,Bilbao,bilbao_abando_arena,Abando_Arena,9.0,45.0,2026-01-13
evt_01098,Circus_Family_Circus_Bilbao_2,Family,Circus,Family_Circus,Bilbao,bilbao_arenal_stage,Arenal_Stage,14.0,30.0,2026-02-07
evt_01099,Circus_Family_Circus_Bilbao_3,Family,Circus,Family_Circus,Bilbao,bilbao_abando_arena,Abando_Arena,29.0,51.0,2026-03-14
evt_01100,Circus_Family_Circus_Bilbao_4,Family,Circus,Family_Circus,Bilbao,bilbao_arenal_stage,Arenal_Stage,23.0,35.0,2026-04-15
evt_01101,Circus_Family_Circus_Bilbao_5,Family,Circus,Family_Circus,Bilbao,bilbao_abando_arena,Abando_Arena,15.0,35.0,2026-05-19
evt_01102,Circus_Family_Circus_Bilbao_6,Family,Circus,Family_Circus,Bilbao,bilbao_arenal_stage,Arenal_Stage,26.0,54.0,2026-06-19
evt_01103,Circus_Family_Circus_Bilbao_7,Family,Circus,Family_Circus,Bilbao,bilbao_abando_arena,Abando_Arena,23.0,53.0,2026-07-18
evt_01104,Circus_Family_Circus_Bilbao_8,Family,Circus,Family_Circus,Bilbao,bilbao_arenal_stage,Arenal_Stage,30.0,52.0,2026-08-19
evt_01105,Exhibition_Science_Bilbao_1,Family,Exhibition,Science,Bilbao,bilbao_abando_arena,Abando_Arena,8.0,24.0,2026-01-11
evt_01106,Exhibition_Science_Bilbao_2,Family,Exhibition,Science,Bilbao,bilbao_arenal_stage,Arenal_Stage,8.0,36.0,2026-02-08
evt_01107,Exhibition_Science_Bilbao_3,Family,Exhibition,Science,Bilbao,bilbao_abando_arena,Abando_Arena,13.0,39.0,2026-03-18
evt_01108,Exhibition_Science_Bilbao_4,Family,Exhibition,Science,Bilbao,bilbao_arenal_stage,Arenal_Stage,20.0,44.0,2026-04-15
evt_01109,Exhibition_Science_Bilbao_5,Family,Exhibition,Science,Bilbao,bilbao_abando_arena,Abando_Arena,19.0,45.0,2026-05-17
evt_01110,Exhibition_Science_Bilbao_6,Family,Exhibition,Science,Bilbao,bilbao_arenal_stage,Arenal_Stage,8.0,20.0,2026-06-23
evt_01111,Exhibition_Science_Bilbao_7,Family,Exhibition,Science,Bilbao,bilbao_abando_arena,Abando_Arena,11.0,45.0,2026-07-20
evt_01112,Exhibition_Science_Bilbao_8,Family,Exhibition,Science,Bilbao,bilbao_arenal_stage,Arenal_Stage,18.0,36.0,2026-08-25
evt_01113,Exhibition_Immersive_Bilbao_1,Family,Exhibition,Immersive,Bilbao,bilbao_abando_arena,Abando_Arena,8.0,30.0,2026-01-10
evt_01114,Exhibition_Immersive_Bilbao_2,Family,Exhibition,Immersive,Bilbao,bilbao_arenal_stage,Arenal_Stage,20.0,36.0,2026-02-09
evt_01115,Exhibition_Immersive_Bilbao_3,Family,Exhibition,Immersive,Bilbao,bilbao_abando_arena,Abando_Arena,12.0,26.0,2026-03-18
evt_01116,Exhibition_Immersive_Bilbao_4,Family,Exhibition,Immersive,Bilbao,bilbao_arenal_stage,Arenal_Stage,19.0,47.0,2026-04-13
evt_01117,Exhibition_Immersive_Bilbao_5,Family,Exhibition,Immersive,Bilbao,bilbao_abando_arena,Abando_Arena,27.0,41.0,2026-05-17
evt_01118,Exhibition_Immersive_Bilbao_6,Family,Exhibition,Immersive,Bilbao,bilbao_arenal_stage,Arenal_Stage,11.0,47.0,2026-06-22
evt_01119,Exhibition_Immersive_Bilbao_7,Family,Exhibition,Immersive,Bilbao,bilbao_abando_arena,Abando_Arena,18.0,46.0,2026-07-21
evt_01120,Exhibition_Immersive_Bilbao_8,Family,Exhibition,Immersive,Bilbao,bilbao_arenal_stage,Arenal_Stage,11.0,37.0,2026-08-19
evt_01121,Rock_Indie_Rock_Malaga_1,Music,Rock,Indie_Rock,Malaga,malaga_malaga_forum,Malaga_Forum,22.0,50.0,2026-01-10
evt_01122,Rock_Indie_Rock_Malaga_2,Music,Rock,Indie_Rock,Malaga,malaga_alcazaba_hall,Alcazaba_Hall,35.0,71.0,2026-02-10
evt_01123,Rock_Indie_Rock_Malaga_3,Music,Rock,Indie_Rock,Malaga,malaga_malaga_forum,Malaga_Forum,36.0,58.0,2026-03-14
evt_01124,Rock_Indie_Rock_Malaga_4,Music,Rock,Indie_Rock,Malaga,malaga_alcazaba_hall,Alcazaba_Hall,29.0,61.0,2026-04-15
evt_01125,Rock_Indie_Rock_Malaga_5,Music,Rock,Indie_Rock,Malaga,malaga_malaga_forum,Malaga_Forum,49.0,61.0,2026-05-21
evt_01126,Rock_Indie_Rock_Malaga_6,Music,Rock,Indie_Rock,Malaga,malaga_alcazaba_hall,Alcazaba_Hall,46.0,60.0,2026-06-20
evt_01127,Rock_Indie_Rock_Malaga_7,Music,Rock,Indie_Rock,Malaga,malaga_malaga_forum,Malaga_Forum,24.0,48.0,2026-07-19
evt_01128,Rock_Indie_Rock_Malaga_8,Music,Rock,Indie_Rock,Malaga,malaga_alcazaba_hall,Alcazaba_Hall,37.0,71.0,2026-08-18
evt_01129,Rock_Alternative_Rock_Malaga_1,Music,Rock,Alternative_Rock,Malaga,malaga_malaga_forum,Malaga_Forum,31.0,61.0,2026-01-12
evt_01130,Rock_Alternative_Rock_Malaga_2,Music,Rock,Alternative_Rock,Malaga,malaga_alcazaba_hall,Alcazaba_Hall,26.0,44.0,2026-02-08
evt_01131,Rock_Alternative_Rock_Malaga_3,Music,Rock,Alternative_Rock,Malaga,malaga_malaga_forum,Malaga_Forum,34.0,58.0,2026-03-13
evt_01132,Rock_Alternative_Rock_Malaga_4,Music,Rock,Alternative_Rock,Malaga,malaga_alcazaba_hall,Alcazaba_Hall,34.0,48.0,2026-04-16
evt_01133,Rock_Alternative_Rock_Malaga_5,Music,Rock,Alternative_Rock,Malaga,malaga_malaga_forum,Malaga_Forum,24.0,48.0,2026-05-19
evt_01134,Rock_Alternative_Rock_Malaga_6,Music,Rock,Alternative_Rock,Malaga,malaga_alcazaba_hall,Alcazaba_Hall,48.0,60.0,2026-06-23
evt_01135,Rock_Alternative_Rock_Malaga_7,Music,Rock,Alternative_Rock,Malaga,malaga_malaga_forum,Malaga_Forum,48.0,66.0,2026-07-19
evt_01136,Rock_Alternative_Rock_Malaga_8,Music,Rock,Alternative_Rock,Malaga,malaga_alcazaba_hall,Alcazaba_Hall,45.0,71.0,2026-08-25
evt_01137,Pop_Mainstream_Pop_Malaga_1,Music,Pop,Mainstream_Pop,Malaga,malaga_malaga_forum,Malaga_Forum,32.0,66.0,2026-01-10
evt_01138,Pop_Mainstream_Pop_Malaga_2,Music,Pop,Mainstream_Pop,Malaga,malaga_alcazaba_hall,Alcazaba_Hall,58.0,70.0,2026-02-13
evt_01139,Pop_Mainstream_Pop_Malaga_3,Music,Pop,Mainstream_Pop,Malaga,malaga_malaga_forum,Malaga_Forum,37.0,59.0,2026-03-17
evt_01140,Pop_Mainstream_Pop_Malaga_4,Music,Pop,Mainstream_Pop,Malaga,malaga_alcazaba_hall,Alcazaba_Hall,49.0,85.0,2026-04-13
evt_01141,Pop_Mainstream_Pop_Malaga_5,Music,Pop,Mainstream_Pop,Malaga,malaga_malaga_forum,Malaga_Forum,37.0,71.0,2026-05-15
evt_01142,Pop_Mainstream_Pop_Malaga_6,Music,Pop,Mainstream_Pop,Malaga,malaga_alcazaba_hall,Alcazaba_Hall,36.0,56.0,2026-06-21
evt_01143,Pop_Mainstream_Pop_Malaga_7,Music,Pop,Mainstream_Pop,Malaga,malaga_malaga_forum,Malaga_Forum,53.0,77.0,2026-07-23
evt_01144,Pop_Mainstream_Pop_Malaga_8,Music,Pop,Mainstream_Pop,Malaga,malaga_alcazaba_hall,Alcazaba_Hall,49.0,73.0,2026-08-18
evt_01145,Pop_Latin_Pop_Malaga_1,Music,Pop,Latin_Pop,Malaga,malaga_malaga_forum,Malaga_Forum,61.0,77.0,2026-01-11
evt_01146,Pop_Latin_Pop_Malaga_2,Music,Pop,Latin_Pop,Malaga,malaga_alcazaba_hall,Alcazaba_Hall,29.0,65.0,2026-02-10
evt_01147,Pop_Latin_Pop_Malaga_3,Music,Pop,Latin_Pop,Malaga,malaga_malaga_forum,Malaga_Forum,48.0,64.0,2026-03-17
evt_01148,Pop_Latin_Pop_Malaga_4,Music,Pop,Latin_Pop,Malaga,malaga_alcazaba_hall,Alcazaba_Hall,46.0,70.0,2026-04-15
evt_01149,Pop_Latin_Pop_Malaga_5,Music,Pop,Latin_Pop,Malaga,malaga_malaga_forum,Malaga_Forum,61.0,77.0,2026-05-19
evt_01150,Pop_Latin_Pop_Malaga_6,Music,Pop,Latin_Pop,Malaga,malaga_alcazaba_hall,Alcazaba_Hall,43.0,67.0,2026-06-20
evt_01151,Pop_Latin_Pop_Malaga_7,Music,Pop,Latin_Pop,Malaga,malaga_malaga_forum,Malaga_Forum,36.0,56.0,2026-07-22
evt_01152,Pop_Latin_Pop_Malaga_8,Music,Pop,Latin_Pop,Malaga,malaga_alcazaba_hall,Alcazaba_Hall,41.0,61.0,2026-08-26
evt_01153,Electronic_House_Malaga_1,Music,Electronic,House,Malaga,malaga_malaga_forum,Malaga_Forum,55.0,91.0,2026-01-10
evt_01154,Electronic_House_Malaga_2,Music,Electronic,House,Malaga,malaga_alcazaba_hall,Alcazaba_Hall,49.0,67.0,2026-02-11
evt_01155,Electronic_House_Malaga_3,Music,Electronic,House,Malaga,malaga_malaga_forum,Malaga_Forum,57.0,81.0,2026-03-12
evt_01156,Electronic_House_Malaga_4,Music,Electronic,House,Malaga,malaga_alcazaba_hall,Alcazaba_Hall,59.0,85.0,2026-04-18
evt_01157,Electronic_House_Malaga_5,Music,Electronic,House,Malaga,malaga_malaga_forum,Malaga_Forum,50.0,70.0,2026-05-15
evt_01158,Electronic_House_Malaga_6,Music,Electronic,House,Malaga,malaga_alcazaba_hall,Alcazaba_Hall,52.0,68.0,2026-06-15
evt_01159,Electronic_House_Malaga_7,Music,Electronic,House,Malaga,malaga_malaga_forum,Malaga_Forum,60.0,72.0,2026-07-24
evt_01160,Electronic_House_Malaga_8,Music,Electronic,House,Malaga,malaga_alcazaba_hall,Alcazaba_Hall,54.0,70.0,2026-08-26
evt_01161,Electronic_Techno_Malaga_1,Music,Electronic,Techno,Malaga,malaga_malaga_forum,Malaga_Forum,56.0,80.0,2026-01-13
evt_01162,Electronic_Techno_Malaga_2,Music,Electronic,Techno,Malaga,malaga_alcazaba_hall,Alcazaba_Hall,56.0,72.0,2026-02-10
evt_01163,Electronic_Techno_Malaga_3,Music,Electronic,Techno,Malaga,malaga_malaga_forum,Malaga_Forum,68.0,92.0,2026-03-12
evt_01164,Electronic_Techno_Malaga_4,Music,Electronic,Techno,Malaga,malaga_alcazaba_hall,Alcazaba_Hall,51.0,63.0,2026-04-13
evt_01165,Electronic_Techno_Malaga_5,Music,Electronic,Techno,Malaga,malaga_malaga_forum,Malaga_Forum,45.0,71.0,2026-05-22
evt_01166,Electronic_Techno_Malaga_6,Music,Electronic,Techno,Malaga,malaga_alcazaba_hall,Alcazaba_Hall,62.0,80.0,2026-06-21
evt_01167,Electronic_Techno_Malaga_7,Music,Electronic,Techno,Malaga,malaga_malaga_forum,Malaga_Forum,44.0,72.0,2026-07-22
evt_01168,Electronic_Techno_Malaga_8,Music,Electronic,Techno,Malaga,malaga_alcazaba_hall,Alcazaba_Hall,50.0,76.0,2026-08-19
evt_01169,Urban_Trap_Malaga_1,Music,Urban,Trap,Malaga,malaga_malaga_forum,Malaga_Forum,37.0,49.0,2026-01-10
evt_01170,Urban_Trap_Malaga_2,Music,Urban,Trap,Malaga,malaga_alcazaba_hall,Alcazaba_Hall,45.0,59.0,2026-02-15
evt_01171,Urban_Trap_Malaga_3,Music,Urban,Trap,Malaga,malaga_malaga_forum,Malaga_Forum,29.0,63.0,2026-03-13
evt_01172,Urban_Trap_Malaga_4,Music,Urban,Trap,Malaga,malaga_alcazaba_hall,Alcazaba_Hall,30.0,54.0,2026-04-19
evt_01173,Urban_Trap_Malaga_5,Music,Urban,Trap,Malaga,malaga_malaga_forum,Malaga_Forum,38.0,54.0,2026-05-22
evt_01174,Urban_Trap_Malaga_6,Music,Urban,Trap,Malaga,malaga_alcazaba_hall,Alcazaba_Hall,44.0,56.0,2026-06-22
evt_01175,Urban_Trap_Malaga_7,Music,Urban,Trap,Malaga,malaga_malaga_forum,Malaga_Forum,46.0,60.0,2026-07-22
evt_01176,Urban_Trap_Malaga_8,Music,Urban,Trap,Malaga,malaga_alcazaba_hall,Alcazaba_Hall,29.0,59.0,2026-08-20
evt_01177,Urban_Hip_Hop_Malaga_1,Music,Urban,Hip_Hop,Malaga,malaga_malaga_forum,Malaga_Forum,38.0,54.0,2026-01-10
evt_01178,Urban_Hip_Hop_Malaga_2,Music,Urban,Hip_Hop,Malaga,malaga_alcazaba_hall,Alcazaba_Hall,43.0,59.0,2026-02-10
evt_01179,Urban_Hip_Hop_Malaga_3,Music,Urban,Hip_Hop,Malaga,malaga_malaga_forum,Malaga_Forum,41.0,55.0,2026-03-15
evt_01180,Urban_Hip_Hop_Malaga_4,Music,Urban,Hip_Hop,Malaga,malaga_alcazaba_hall,Alcazaba_Hall,41.0,65.0,2026-04-18
evt_01181,Urban_Hip_Hop_Malaga_5,Music,Urban,Hip_Hop,Malaga,malaga_malaga_forum,Malaga_Forum,34.0,50.0,2026-05-19
evt_01182,Urban_Hip_Hop_Malaga_6,Music,Urban,Hip_Hop,Malaga,malaga_alcazaba_hall,Alcazaba_Hall,35.0,59.0,2026-06-16
evt_01183,Urban_Hip_Hop_Malaga_7,Music,Urban,Hip_Hop,Malaga,malaga_malaga_forum,Malaga_Forum,38.0,52.0,2026-07-23
evt_01184,Urban_Hip_Hop_Malaga_8,Music,Urban,Hip_Hop,Malaga,malaga_alcazaba_hall,Alcazaba_Hall,53.0,67.0,2026-08-21
evt_01185,Football_La_Liga_Malaga_1,Sports,Football,La_Liga,Malaga,malaga_malaga_forum,Malaga_Forum,85.0,109.0,2026-01-10
evt_01186,Football_La_Liga_Malaga_2,Sports,Football,La_Liga,Malaga,malaga_alcazaba_hall,Alcazaba_Hall,86.0,104.0,2026-02-15
evt_01187,Football_La_Liga_Malaga_3,Sports,Football,La_Liga,Malaga,malaga_malaga_forum,Malaga_Forum,77.0,99.0,2026-03-15
evt_01188,Football_La_Liga_Malaga_4,Sports,Football,La_Liga,Malaga,malaga_alcazaba_hall,Alcazaba_Hall,98.0,110.0,2026-04-17
evt_01189,Football_La_Liga_Malaga_5,Sports,Football,La_Liga,Malaga,malaga_malaga_forum,Malaga_Forum,90.0,110.0,2026-05-14
evt_01190,Football_La_Liga_Malaga_6,Sports,Football,La_Liga,Malaga,malaga_alcazaba_hall,Alcazaba_Hall,86.0,118.0,2026-06-23
evt_01191,Football_La_Liga_Malaga_7,Sports,Football,La_Liga,Malaga,malaga_malaga_forum,Malaga_Forum,96.0,108.0,2026-07-19
evt_01192,Football_La_Liga_Malaga_8,Sports,Football,La_Liga,Malaga,malaga_alcazaba_hall,Alcazaba_Hall,98.0,118.0,2026-08-21
evt_01193,Football_International_Friendly_Malaga_1,Sports,Football,International_Friendly,Malaga,malaga_malaga_forum,Malaga_Forum,69.0,103.0,2026-01-10
evt_01194,Football_International_Friendly_Malaga_2,Sports,Football,International_Friendly,Malaga,malaga_alcazaba_hall,Alcazaba_Hall,81.0,111.0,2026-02-08
evt_01195,Football_International_Friendly_Malaga_3,Sports,Football,International_Friendly,Malaga,malaga_malaga_forum,Malaga_Forum,100.0,112.0,2026-03-12
evt_01196,Football_International_Friendly_Malaga_4,Sports,Football,International_Friendly,Malaga,malaga_alcazaba_hall,Alcazaba_Hall,84.0,108.0,2026-04-12
evt_01197,Football_International_Friendly_Malaga_5,Sports,Football,International_Friendly,Malaga,malaga_malaga_forum,Malaga_Forum,94.0,124.0,2026-05-18
evt_01198,Football_International_Friendly_Malaga_6,Sports,Football,International_Friendly,Malaga,malaga_alcazaba_hall,Alcazaba_Hall,95.0,107.0,2026-06-17
evt_01199,Football_International_Friendly_Malaga_7,Sports,Football,International_Friendly,Malaga,malaga_malaga_forum,Malaga_Forum,91.0,115.0,2026-07-21
evt_01200,Football_International_Friendly_Malaga_8,Sports,Football,International_Friendly,Malaga,malaga_alcazaba_hall,Alcazaba_Hall,79.0,109.0,2026-08-26
evt_01201,Basketball_ACB_Malaga_1,Sports,Basketball,ACB,Malaga,malaga_malaga_forum,Malaga_Forum,60.0,80.0,2026-01-11
evt_01202,Basketball_ACB_Malaga_2,Sports,Basketball,ACB,Malaga,malaga_alcazaba_hall,Alcazaba_Hall,73.0,97.0,2026-02-10
evt_01203,Basketball_ACB_Malaga_3,Sports,Basketball,ACB,Malaga,malaga_malaga_forum,Malaga_Forum,82.0,96.0,2026-03-13
evt_01204,Basketball_ACB_Malaga_4,Sports,Basketball,ACB,Malaga,malaga_alcazaba_hall,Alcazaba_Hall,72.0,108.0,2026-04-13
evt_01205,Basketball_ACB_Malaga_5,Sports,Basketball,ACB,Malaga,malaga_malaga_forum,Malaga_Forum,75.0,95.0,2026-05-14
evt_01206,Basketball_ACB_Malaga_6,Sports,Basketball,ACB,Malaga,malaga_alcazaba_hall,Alcazaba_Hall,67.0,103.0,2026-06-20
evt_01207,Basketball_ACB_Malaga_7,Sports,Basketball,ACB,Malaga,malaga_malaga_forum,Malaga_Forum,76.0,90.0,2026-07-17
evt_01208,Basketball_ACB_Malaga_8,Sports,Basketball,ACB,Malaga,malaga_alcazaba_hall,Alcazaba_Hall,64.0,92.0,2026-08-23
evt_01209,Basketball_EuroLeague_Malaga_1,Sports,Basketball,EuroLeague,Malaga,malaga_malaga_forum,Malaga_Forum,63.0,83.0,2026-01-12
evt_01210,Basketball_EuroLeague_Malaga_2,Sports,Basketball,EuroLeague,Malaga,malaga_alcazaba_hall,Alcazaba_Hall,72.0,88.0,2026-02-08
evt_01211,Basketball_EuroLeague_Malaga_3,Sports,Basketball,EuroLeague,Malaga,malaga_malaga_forum,Malaga_Forum,76.0,100.0,2026-03-13
evt_01212,Basketball_EuroLeague_Malaga_4,Sports,Basketball,EuroLeague,Malaga,malaga_alcazaba_hall,Alcazaba_Hall,60.0,88.0,2026-04-15
evt_01213,Basketball_EuroLeague_Malaga_5,Sports,Basketball,EuroLeague,Malaga,malaga_malaga_forum,Malaga_Forum,80.0,98.0,2026-05-22
evt_01214,Basketball_EuroLeague_Malaga_6,Sports,Basketball,EuroLeague,Malaga,malaga_alcazaba_hall,Alcazaba_Hall,76.0,104.0,2026-06-18
evt_01215,Basketball_EuroLeague_Malaga_7,Sports,Basketball,EuroLeague,Malaga,malaga_malaga_forum,Malaga_Forum,54.0,78.0,2026-07-20
evt_01216,Basketball_EuroLeague_Malaga_8,Sports,Basketball,EuroLeague,Malaga,malaga_alcazaba_hall,Alcazaba_Hall,70.0,92.0,2026-08-26
evt_01217,Tennis_ATP_Malaga_1,Sports,Tennis,ATP,Malaga,malaga_malaga_forum,Malaga_Forum,93.0,105.0,2026-01-10
evt_01218,Tennis_ATP_Malaga_2,Sports,Tennis,ATP,Malaga,malaga_alcazaba_hall,Alcazaba_Hall,82.0,96.0,2026-02-07
evt_01219,Tennis_ATP_Malaga_3,Sports,Tennis,ATP,Malaga,malaga_malaga_forum,Malaga_Forum,74.0,102.0,2026-03-15
evt_01220,Tennis_ATP_Malaga_4,Sports,Tennis,ATP,Malaga,malaga_alcazaba_hall,Alcazaba_Hall,81.0,101.0,2026-04-16
evt_01221,Tennis_ATP_Malaga_5,Sports,Tennis,ATP,Malaga,malaga_malaga_forum,Malaga_Forum,71.0,101.0,2026-05-15
evt_01222,Tennis_ATP_Malaga_6,Sports,Tennis,ATP,Malaga,malaga_alcazaba_hall,Alcazaba_Hall,59.0,93.0,2026-06-22
evt_01223,Tennis_ATP_Malaga_7,Sports,Tennis,ATP,Malaga,malaga_malaga_forum,Malaga_Forum,66.0,88.0,2026-07-21
evt_01224,Tennis_ATP_Malaga_8,Sports,Tennis,ATP,Malaga,malaga_alcazaba_hall,Alcazaba_Hall,68.0,104.0,2026-08-21
evt_01225,Tennis_Exhibition_Malaga_1,Sports,Tennis,Exhibition,Malaga,malaga_malaga_forum,Malaga_Forum,76.0,108.0,2026-01-12
evt_01226,Tennis_Exhibition_Malaga_2,Sports,Tennis,Exhibition,Malaga,malaga_alcazaba_hall,Alcazaba_Hall,70.0,106.0,2026-02-07
evt_01227,Tennis_Exhibition_Malaga_3,Sports,Tennis,Exhibition,Malaga,malaga_malaga_forum,Malaga_Forum,79.0,103.0,2026-03-16
evt_01228,Tennis_Exhibition_Malaga_4,Sports,Tennis,Exhibition,Malaga,malaga_alcazaba_hall,Alcazaba_Hall,84.0,110.0,2026-04-15
evt_01229,Tennis_Exhibition_Malaga_5,Sports,Tennis,Exhibition,Malaga,malaga_malaga_forum,Malaga_Forum,90.0,108.0,2026-05-16
evt_01230,Tennis_Exhibition_Malaga_6,Sports,Tennis,Exhibition,Malaga,malaga_alcazaba_hall,Alcazaba_Hall,76.0,104.0,2026-06-22
evt_01231,Tennis_Exhibition_Malaga_7,Sports,Tennis,Exhibition,Malaga,malaga_malaga_forum,Malaga_Forum,93.0,107.0,2026-07-23
evt_01232,Tennis_Exhibition_Malaga_8,Sports,Tennis,Exhibition,Malaga,malaga_alcazaba_hall,Alcazaba_Hall,83.0,99.0,2026-08-22
evt_01233,Theatre_Drama_Malaga_1,Arts_Theatre,Theatre,Drama,Malaga,malaga_malaga_forum,Malaga_Forum,42.0,64.0,2026-01-10
evt_01234,Theatre_Drama_Malaga_2,Arts_Theatre,Theatre,Drama,Malaga,malaga_alcazaba_hall,Alcazaba_Hall,16.0,48.0,2026-02-08
evt_01235,Theatre_Drama_Malaga_3,Arts_Theatre,Theatre,Drama,Malaga,malaga_malaga_forum,Malaga_Forum,30.0,64.0,2026-03-17
evt_01236,Theatre_Drama_Malaga_4,Arts_Theatre,Theatre,Drama,Malaga,malaga_alcazaba_hall,Alcazaba_Hall,24.0,60.0,2026-04-13
evt_01237,Theatre_Drama_Malaga_5,Arts_Theatre,Theatre,Drama,Malaga,malaga_malaga_forum,Malaga_Forum,34.0,56.0,2026-05-20
evt_01238,Theatre_Drama_Malaga_6,Arts_Theatre,Theatre,Drama,Malaga,malaga_alcazaba_hall,Alcazaba_Hall,24.0,60.0,2026-06-23
evt_01239,Theatre_Drama_Malaga_7,Arts_Theatre,Theatre,Drama,Malaga,malaga_malaga_forum,Malaga_Forum,25.0,47.0,2026-07-24
evt_01240,Theatre_Drama_Malaga_8,Arts_Theatre,Theatre,Drama,Malaga,malaga_alcazaba_hall,Alcazaba_Hall,44.0,62.0,2026-08-23
evt_01241,Theatre_Contemporary_Malaga_1,Arts_Theatre,Theatre,Contemporary,Malaga,malaga_malaga_forum,Malaga_Forum,33.0,59.0,2026-01-10
evt_01242,Theatre_Contemporary_Malaga_2,Arts_Theatre,Theatre,Contemporary,Malaga,malaga_alcazaba_hall,Alcazaba_Hall,36.0,70.0,2026-02-10
evt_01243,Theatre_Contemporary_Malaga_3,Arts_Theatre,Theatre,Contemporary,Malaga,malaga_malaga_forum,Malaga_Forum,32.0,60.0,2026-03-17
evt_01244,Theatre_Contemporary_Malaga_4,Arts_Theatre,Theatre,Contemporary,Malaga,malaga_alcazaba_hall,Alcazaba_Hall,42.0,54.0,2026-04-18
evt_01245,Theatre_Contemporary_Malaga_5,Arts_Theatre,Theatre,Contemporary,Malaga,malaga_malaga_forum,Malaga_Forum,18.0,52.0,2026-05-14
evt_01246,Theatre_Contemporary_Malaga_6,Arts_Theatre,Theatre,Contemporary,Malaga,malaga_alcazaba_hall,Alcazaba_Hall,34.0,60.0,2026-06-20
evt_01247,Theatre_Contemporary_Malaga_7,Arts_Theatre,Theatre,Contemporary,Malaga,malaga_malaga_forum,Malaga_Forum,26.0,60.0,2026-07-18
evt_01248,Theatre_Contemporary_Malaga_8,Arts_Theatre,Theatre,Contemporary,Malaga,malaga_alcazaba_hall,Alcazaba_Hall,26.0,42.0,2026-08-22
evt_01249,Musical_Broadway_Malaga_1,Arts_Theatre,Musical,Broadway,Malaga,malaga_malaga_forum,Malaga_Forum,41.0,69.0,2026-01-10
evt_01250,Musical_Broadway_Malaga_2,Arts_Theatre,Musical,Broadway,Malaga,malaga_alcazaba_hall,Alcazaba_Hall,49.0,67.0,2026-02-08
evt_01251,Musical_Broadway_Malaga_3,Arts_Theatre,Musical,Broadway,Malaga,malaga_malaga_forum,Malaga_Forum,47.0,69.0,2026-03-18
evt_01252,Musical_Broadway_Malaga_4,Arts_Theatre,Musical,Broadway,Malaga,malaga_alcazaba_hall,Alcazaba_Hall,44.0,60.0,2026-04-19
evt_01253,Musical_Broadway_Malaga_5,Arts_Theatre,Musical,Broadway,Malaga,malaga_malaga_forum,Malaga_Forum,37.0,69.0,2026-05-22
evt_01254,Musical_Broadway_Malaga_6,Arts_Theatre,Musical,Broadway,Malaga,malaga_alcazaba_hall,Alcazaba_Hall,54.0,72.0,2026-06-18
evt_01255,Musical_Broadway_Malaga_7,Arts_Theatre,Musical,Broadway,Malaga,malaga_malaga_forum,Malaga_Forum,58.0,86.0,2026-07-19
evt_01256,Musical_Broadway_Malaga_8,Arts_Theatre,Musical,Broadway,Malaga,malaga_alcazaba_hall,Alcazaba_Hall,51.0,75.0,2026-08-18
evt_01257,Musical_Local_Musical_Malaga_1,Arts_Theatre,Musical,Local_Musical,Malaga,malaga_malaga_forum,Malaga_Forum,54.0,86.0,2026-01-10
evt_01258,Musical_Local_Musical_Malaga_2,Arts_Theatre,Musical,Local_Musical,Malaga,malaga_alcazaba_hall,Alcazaba_Hall,38.0,64.0,2026-02-14
evt_01259,Musical_Local_Musical_Malaga_3,Arts_Theatre,Musical,Local_Musical,Malaga,malaga_malaga_forum,Malaga_Forum,56.0,84.0,2026-03-14
evt_01260,Musical_Local_Musical_Malaga_4,Arts_Theatre,Musical,Local_Musical,Malaga,malaga_alcazaba_hall,Alcazaba_Hall,67.0,81.0,2026-04-16
evt_01261,Musical_Local_Musical_Malaga_5,Arts_Theatre,Musical,Local_Musical,Malaga,malaga_malaga_forum,Malaga_Forum,51.0,69.0,2026-05-15
evt_01262,Musical_Local_Musical_Malaga_6,Arts_Theatre,Musical,Local_Musical,Malaga,malaga_alcazaba_hall,Alcazaba_Hall,53.0,85.0,2026-06-17
evt_01263,Musical_Local_Musical_Malaga_7,Arts_Theatre,Musical,Local_Musical,Malaga,malaga_malaga_forum,Malaga_Forum,56.0,72.0,2026-07-23
evt_01264,Musical_Local_Musical_Malaga_8,Arts_Theatre,Musical,Local_Musical,Malaga,malaga_alcazaba_hall,Alcazaba_Hall,60.0,88.0,2026-08-26
evt_01265,Comedy_Stand_Up_Malaga_1,Arts_Theatre,Comedy,Stand_Up,Malaga,malaga_malaga_forum,Malaga_Forum,31.0,49.0,2026-01-13
evt_01266,Comedy_Stand_Up_Malaga_2,Arts_Theatre,Comedy,Stand_Up,Malaga,malaga_alcazaba_hall,Alcazaba_Hall,20.0,38.0,2026-02-12
evt_01267,Comedy_Stand_Up_Malaga_3,Arts_Theatre,Comedy,Stand_Up,Malaga,malaga_malaga_forum,Malaga_Forum,14.0,36.0,2026-03-16
evt_01268,Comedy_Stand_Up_Malaga_4,Arts_Theatre,Comedy,Stand_Up,Malaga,malaga_alcazaba_hall,Alcazaba_Hall,30.0,52.0,2026-04-18
evt_01269,Comedy_Stand_Up_Malaga_5,Arts_Theatre,Comedy,Stand_Up,Malaga,malaga_malaga_forum,Malaga_Forum,14.0,50.0,2026-05-16
evt_01270,Comedy_Stand_Up_Malaga_6,Arts_Theatre,Comedy,Stand_Up,Malaga,malaga_alcazaba_hall,Alcazaba_Hall,14.0,48.0,2026-06-20
evt_01271,Comedy_Stand_Up_Malaga_7,Arts_Theatre,Comedy,Stand_Up,Malaga,malaga_malaga_forum,Malaga_Forum,33.0,53.0,2026-07-19
evt_01272,Comedy_Stand_Up_Malaga_8,Arts_Theatre,Comedy,Stand_Up,Malaga,malaga_alcazaba_hall,Alcazaba_Hall,34.0,46.0,2026-08-18
evt_01273,Comedy_Improvised_Malaga_1,Arts_Theatre,Comedy,Improvised,Malaga,malaga_malaga_forum,Malaga_Forum,32.0,46.0,2026-01-10
evt_01274,Comedy_Improvised_Malaga_2,Arts_Theatre,Comedy,Improvised,Malaga,malaga_alcazaba_hall,Alcazaba_Hall,12.0,38.0,2026-02-11
evt_01275,Comedy_Improvised_Malaga_3,Arts_Theatre,Comedy,Improvised,Malaga,malaga_malaga_forum,Malaga_Forum,20.0,54.0,2026-03-12
evt_01276,Comedy_Improvised_Malaga_4,Arts_Theatre,Comedy,Improvised,Malaga,malaga_alcazaba_hall,Alcazaba_Hall,39.0,51.0,2026-04-17
evt_01277,Comedy_Improvised_Malaga_5,Arts_Theatre,Comedy,Improvised,Malaga,malaga_malaga_forum,Malaga_Forum,24.0,50.0,2026-05-19
evt_01278,Comedy_Improvised_Malaga_6,Arts_Theatre,Comedy,Improvised,Malaga,malaga_alcazaba_hall,Alcazaba_Hall,17.0,33.0,2026-06-23
evt_01279,Comedy_Improvised_Malaga_7,Arts_Theatre,Comedy,Improvised,Malaga,malaga_malaga_forum,Malaga_Forum,26.0,58.0,2026-07-19
evt_01280,Comedy_Improvised_Malaga_8,Arts_Theatre,Comedy,Improvised,Malaga,malaga_alcazaba_hall,Alcazaba_Hall,8.0,40.0,2026-08-21
evt_01281,Classical_Symphonic_Malaga_1,Arts_Theatre,Classical,Symphonic,Malaga,malaga_malaga_forum,Malaga_Forum,45.0,75.0,2026-01-10
evt_01282,Classical_Symphonic_Malaga_2,Arts_Theatre,Classical,Symphonic,Malaga,malaga_alcazaba_hall,Alcazaba_Hall,43.0,77.0,2026-02-11
evt_01283,Classical_Symphonic_Malaga_3,Arts_Theatre,Classical,Symphonic,Malaga,malaga_malaga_forum,Malaga_Forum,32.0,54.0,2026-03-17
evt_01284,Classical_Symphonic_Malaga_4,Arts_Theatre,Classical,Symphonic,Malaga,malaga_alcazaba_hall,Alcazaba_Hall,38.0,64.0,2026-04-19
evt_01285,Classical_Symphonic_Malaga_5,Arts_Theatre,Classical,Symphonic,Malaga,malaga_malaga_forum,Malaga_Forum,35.0,67.0,2026-05-14
evt_01286,Classical_Symphonic_Malaga_6,Arts_Theatre,Classical,Symphonic,Malaga,malaga_alcazaba_hall,Alcazaba_Hall,33.0,57.0,2026-06-16
evt_01287,Classical_Symphonic_Malaga_7,Arts_Theatre,Classical,Symphonic,Malaga,malaga_malaga_forum,Malaga_Forum,25.0,49.0,2026-07-17
evt_01288,Classical_Symphonic_Malaga_8,Arts_Theatre,Classical,Symphonic,Malaga,malaga_alcazaba_hall,Alcazaba_Hall,42.0,58.0,2026-08-22
evt_01289,Classical_Chamber_Malaga_1,Arts_Theatre,Classical,Chamber,Malaga,malaga_malaga_forum,Malaga_Forum,40.0,70.0,2026-01-10
evt_01290,Classical_Chamber_Malaga_2,Arts_Theatre,Classical,Chamber,Malaga,malaga_alcazaba_hall,Alcazaba_Hall,36.0,56.0,2026-02-09
evt_01291,Classical_Chamber_Malaga_3,Arts_Theatre,Classical,Chamber,Malaga,malaga_malaga_forum,Malaga_Forum,41.0,77.0,2026-03-14
evt_01292,Classical_Chamber_Malaga_4,Arts_Theatre,Classical,Chamber,Malaga,malaga_alcazaba_hall,Alcazaba_Hall,39.0,61.0,2026-04-20
evt_01293,Classical_Chamber_Malaga_5,Arts_Theatre,Classical,Chamber,Malaga,malaga_malaga_forum,Malaga_Forum,26.0,58.0,2026-05-18
evt_01294,Classical_Chamber_Malaga_6,Arts_Theatre,Classical,Chamber,Malaga,malaga_alcazaba_hall,Alcazaba_Hall,24.0,48.0,2026-06-23
evt_01295,Classical_Chamber_Malaga_7,Arts_Theatre,Classical,Chamber,Malaga,malaga_malaga_forum,Malaga_Forum,35.0,59.0,2026-07-24
evt_01296,Classical_Chamber_Malaga_8,Arts_Theatre,Classical,Chamber,Malaga,malaga_alcazaba_hall,Alcazaba_Hall,42.0,68.0,2026-08-20
evt_01297,Kids_Interactive_Show_Malaga_1,Family,Kids,Interactive_Show,Malaga,malaga_malaga_forum,Malaga_Forum,21.0,43.0,2026-01-10
evt_01298,Kids_Interactive_Show_Malaga_2,Family,Kids,Interactive_Show,Malaga,malaga_alcazaba_hall,Alcazaba_Hall,16.0,52.0,2026-02-12
evt_01299,Kids_Interactive_Show_Malaga_3,Family,Kids,Interactive_Show,Malaga,malaga_malaga_forum,Malaga_Forum,17.0,31.0,2026-03-15
evt_01300,Kids_Interactive_Show_Malaga_4,Family,Kids,Interactive_Show,Malaga,malaga_alcazaba_hall,Alcazaba_Hall,21.0,45.0,2026-04-17
evt_01301,Kids_Interactive_Show_Malaga_5,Family,Kids,Interactive_Show,Malaga,malaga_malaga_forum,Malaga_Forum,10.0,26.0,2026-05-15
evt_01302,Kids_Interactive_Show_Malaga_6,Family,Kids,Interactive_Show,Malaga,malaga_alcazaba_hall,Alcazaba_Hall,8.0,30.0,2026-06-17
evt_01303,Kids_Interactive_Show_Malaga_7,Family,Kids,Interactive_Show,Malaga,malaga_malaga_forum,Malaga_Forum,8.0,39.0,2026-07-23
evt_01304,Kids_Interactive_Show_Malaga_8,Family,Kids,Interactive_Show,Malaga,malaga_alcazaba_hall,Alcazaba_Hall,8.0,32.0,2026-08-18
evt_01305,Kids_Storytelling_Malaga_1,Family,Kids,Storytelling,Malaga,malaga_malaga_forum,Malaga_Forum,17.0,53.0,2026-01-10
evt_01306,Kids_Storytelling_Malaga_2,Family,Kids,Storytelling,Malaga,malaga_alcazaba_hall,Alcazaba_Hall,22.0,42.0,2026-02-13
evt_01307,Kids_Storytelling_Malaga_3,Family,Kids,Storytelling,Malaga,malaga_malaga_forum,Malaga_Forum,13.0,31.0,2026-03-14
evt_01308,Kids_Storytelling_Malaga_4,Family,Kids,Storytelling,Malaga,malaga_alcazaba_hall,Alcazaba_Hall,8.0,32.0,2026-04-13
evt_01309,Kids_Storytelling_Malaga_5,Family,Kids,Storytelling,Malaga,malaga_malaga_forum,Malaga_Forum,15.0,39.0,2026-05-17
evt_01310,Kids_Storytelling_Malaga_6,Family,Kids,Storytelling,Malaga,malaga_alcazaba_hall,Alcazaba_Hall,8.0,32.0,2026-06-19
evt_01311,Kids_Storytelling_Malaga_7,Family,Kids,Storytelling,Malaga,malaga_malaga_forum,Malaga_Forum,23.0,53.0,2026-07-18
evt_01312,Kids_Storytelling_Malaga_8,Family,Kids,Storytelling,Malaga,malaga_alcazaba_hall,Alcazaba_Hall,10.0,28.0,2026-08-20
evt_01313,Circus_Acrobatic_Malaga_1,Family,Circus,Acrobatic,Malaga,malaga_malaga_forum,Malaga_Forum,14.0,36.0,2026-01-10
evt_01314,Circus_Acrobatic_Malaga_2,Family,Circus,Acrobatic,Malaga,malaga_alcazaba_hall,Alcazaba_Hall,8.0,40.0,2026-02-07
evt_01315,Circus_Acrobatic_Malaga_3,Family,Circus,Acrobatic,Malaga,malaga_malaga_forum,Malaga_Forum,8.0,38.0,2026-03-17
evt_01316,Circus_Acrobatic_Malaga_4,Family,Circus,Acrobatic,Malaga,malaga_alcazaba_hall,Alcazaba_Hall,24.0,40.0,2026-04-18
evt_01317,Circus_Acrobatic_Malaga_5,Family,Circus,Acrobatic,Malaga,malaga_malaga_forum,Malaga_Forum,22.0,54.0,2026-05-15
evt_01318,Circus_Acrobatic_Malaga_6,Family,Circus,Acrobatic,Malaga,malaga_alcazaba_hall,Alcazaba_Hall,13.0,31.0,2026-06-17
evt_01319,Circus_Acrobatic_Malaga_7,Family,Circus,Acrobatic,Malaga,malaga_malaga_forum,Malaga_Forum,12.0,30.0,2026-07-24
evt_01320,Circus_Acrobatic_Malaga_8,Family,Circus,Acrobatic,Malaga,malaga_alcazaba_hall,Alcazaba_Hall,22.0,54.0,2026-08-24
evt_01321,Circus_Family_Circus_Malaga_1,Family,Circus,Family_Circus,Malaga,malaga_malaga_forum,Malaga_Forum,11.0,33.0,2026-01-10
evt_01322,Circus_Family_Circus_Malaga_2,Family,Circus,Family_Circus,Malaga,malaga_alcazaba_hall,Alcazaba_Hall,29.0,45.0,2026-02-10
evt_01323,Circus_Family_Circus_Malaga_3,Family,Circus,Family_Circus,Malaga,malaga_malaga_forum,Malaga_Forum,20.0,36.0,2026-03-14
evt_01324,Circus_Family_Circus_Malaga_4,Family,Circus,Family_Circus,Malaga,malaga_alcazaba_hall,Alcazaba_Hall,9.0,43.0,2026-04-13
evt_01325,Circus_Family_Circus_Malaga_5,Family,Circus,Family_Circus,Malaga,malaga_malaga_forum,Malaga_Forum,18.0,54.0,2026-05-17
evt_01326,Circus_Family_Circus_Malaga_6,Family,Circus,Family_Circus,Malaga,malaga_alcazaba_hall,Alcazaba_Hall,21.0,41.0,2026-06-23
evt_01327,Circus_Family_Circus_Malaga_7,Family,Circus,Family_Circus,Malaga,malaga_malaga_forum,Malaga_Forum,24.0,52.0,2026-07-23
evt_01328,Circus_Family_Circus_Malaga_8,Family,Circus,Family_Circus,Malaga,malaga_alcazaba_hall,Alcazaba_Hall,22.0,52.0,2026-08-24
evt_01329,Exhibition_Science_Malaga_1,Family,Exhibition,Science,Malaga,malaga_malaga_forum,Malaga_Forum,21.0,47.0,2026-01-11
evt_01330,Exhibition_Science_Malaga_2,Family,Exhibition,Science,Malaga,malaga_alcazaba_hall,Alcazaba_Hall,8.0,21.0,2026-02-09
evt_01331,Exhibition_Science_Malaga_3,Family,Exhibition,Science,Malaga,malaga_malaga_forum,Malaga_Forum,8.0,30.0,2026-03-14
evt_01332,Exhibition_Science_Malaga_4,Family,Exhibition,Science,Malaga,malaga_alcazaba_hall,Alcazaba_Hall,20.0,48.0,2026-04-12
evt_01333,Exhibition_Science_Malaga_5,Family,Exhibition,Science,Malaga,malaga_malaga_forum,Malaga_Forum,8.0,32.0,2026-05-19
evt_01334,Exhibition_Science_Malaga_6,Family,Exhibition,Science,Malaga,malaga_alcazaba_hall,Alcazaba_Hall,17.0,41.0,2026-06-21
evt_01335,Exhibition_Science_Malaga_7,Family,Exhibition,Science,Malaga,malaga_malaga_forum,Malaga_Forum,21.0,35.0,2026-07-18
evt_01336,Exhibition_Science_Malaga_8,Family,Exhibition,Science,Malaga,malaga_alcazaba_hall,Alcazaba_Hall,14.0,32.0,2026-08-21
evt_01337,Exhibition_Immersive_Malaga_1,Family,Exhibition,Immersive,Malaga,malaga_malaga_forum,Malaga_Forum,8.0,28.0,2026-01-10
evt_01338,Exhibition_Immersive_Malaga_2,Family,Exhibition,Immersive,Malaga,malaga_alcazaba_hall,Alcazaba_Hall,11.0,47.0,2026-02-11
evt_01339,Exhibition_Immersive_Malaga_3,Family,Exhibition,Immersive,Malaga,malaga_malaga_forum,Malaga_Forum,15.0,37.0,2026-03-12
evt_01340,Exhibition_Immersive_Malaga_4,Family,Exhibition,Immersive,Malaga,malaga_alcazaba_hall,Alcazaba_Hall,8.0,33.0,2026-04-20
evt_01341,Exhibition_Immersive_Malaga_5,Family,Exhibition,Immersive,Malaga,malaga_malaga_forum,Malaga_Forum,30.0,42.0,2026-05-15
evt_01342,Exhibition_Immersive_Malaga_6,Family,Exhibition,Immersive,Malaga,malaga_alcazaba_hall,Alcazaba_Hall,11.0,41.0,2026-06-22
evt_01343,Exhibition_Immersive_Malaga_7,Family,Exhibition,Immersive,Malaga,malaga_malaga_forum,Malaga_Forum,26.0,46.0,2026-07-21
evt_01344,Exhibition_Immersive_Malaga_8,Family,Exhibition,Immersive,Malaga,malaga_alcazaba_hall,Alcazaba_Hall,19.0,37.0,2026-08-25
