cluster_label,users,share
0,25,0.1388888888888889
1,30,0.16666666666666666
2,35,0.19444444444444445
3,30,0.16666666666666666
4,30,0.16666666666666666
5,30,0.16666666666666666
