user_id,home_city,synthetic_persona,total_swipes_30d,total_right_swipes_30d,right_swipe_rate_30d,avg_dwell_ms_30d,avg_right_dwell_ms_30d,distinct_segments_liked_30d,distinct_genres_liked_30d,distinct_cities_liked_30d,local_like_rate_30d,local_swipe_share_30d,avg_days_until_event_liked_30d,avg_price_mid_liked_30d,median_price_mid_liked_30d,avg_price_mid_disliked_30d,chat_swipe_share_30d,chat_right_rate_30d,days_since_last_right_swipe_30d,like_rate_segment_music_30d,like_rate_segment_sports_30d,like_rate_segment_arts_theatre_30d,like_rate_segment_family_30d,like_rate_genre_rock_30d,like_rate_genre_pop_30d,like_rate_genre_electronic_30d,like_rate_genre_urban_30d,like_rate_genre_football_30d,like_rate_genre_basketball_30d,like_rate_genre_tennis_30d,like_rate_genre_theatre_30d,like_rate_genre_musical_30d,like_rate_genre_comedy_30d,like_rate_genre_classical_30d,like_rate_genre_kids_30d,like_rate_genre_circus_30d,like_rate_genre_exhibition_30d,total_swipes_90d,total_right_swipes_90d,right_swipe_rate_90d,avg_dwell_ms_90d,avg_right_dwell_ms_90d,distinct_segments_liked_90d,distinct_genres_liked_90d,distinct_cities_liked_90d,local_like_rate_90d,local_swipe_share_90d,avg_days_until_event_liked_90d,avg_price_mid_liked_90d,median_price_mid_liked_90d,avg_price_mid_disliked_90d,chat_swipe_share_90d,chat_right_rate_90d,days_since_last_right_swipe_90d,like_rate_segment_music_90d,like_rate_segment_sports_90d,like_rate_segment_arts_theatre_90d,like_rate_segment_family_90d,like_rate_genre_rock_90d,like_rate_genre_pop_90d,like_rate_genre_electronic_90d,like_rate_genre_urban_90d,like_rate_genre_football_90d,like_rate_genre_basketball_90d,like_rate_genre_tennis_90d,like_rate_genre_theatre_90d,like_rate_genre_musical_90d,like_rate_genre_comedy_90d,like_rate_genre_classical_90d,like_rate_genre_kids_90d,like_rate_genre_circus_90d,like_rate_genre_exhibition_90d,right_swipe_rate_delta_30_vs_90,total_swipes_delta_30_vs_90
user_0001,Barcelona,music_local_budget,46.0,23.0,0.5,3642.5,6083.26087,4.0,11.0,6.0,0.304348,0.26087,47.826087,50.73913,53.0,55.652174,0.130435,0.5,0.0,0.578947,0.166667,0.571429,0.428571,0.333333,0.75,0.666667,0.666667,0.0,0.0,0.5,0.666667,0.666667,0.428571,1.0,0.0,0.5,1.0,95.0,38.0,0.4,3199.126316,6120.789474,4.0,13.0,6.0,0.236842,0.2,47.263158,50.447368,51.0,56.622807,0.084211,0.5,0.0,0.525,0.142857,0.347826,0.388889,0.5,0.333333,0.5,0.777778,0.0,0.333333,0.2,0.4,0.333333,0.375,0.25,0.2,0.428571,0.5,0.1,-49.0
user_0002,Malaga,music_local_budget,60.0,20.0,0.333333,2851.683333,5662.55,3.0,9.0,6.0,0.4,0.233333,45.1,44.0,45.0,49.875,0.15,0.555556,0.0,0.44,0.0,0.266667,0.294118,0.4,0.416667,0.5,0.5,0.0,0.0,0.0,0.333333,0.0,0.285714,0.333333,0.333333,0.0,0.5,111.0,45.0,0.405405,3104.162162,5563.888889,4.0,12.0,6.0,0.311111,0.189189,43.577778,47.733333,46.0,49.628788,0.135135,0.533333,0.0,0.553191,0.25,0.266667,0.346154,0.727273,0.4,0.636364,0.5,0.5,0.333333,0.0,0.166667,0.0,0.307692,0.375,0.4,0.142857,0.444444,-0.072072,-51.0
user_0003,Sevilla,music_local_budget,46.0,17.0,0.369565,3105.217391,5679.823529,4.0,8.0,6.0,0.176471,0.130435,57.117647,47.941176,43.0,50.258621,0.152174,0.285714,0.0,0.346154,0.333333,0.545455,0.166667,0.222222,0.75,0.0,0.444444,0.0,0.5,0.0,0.75,0.0,0.666667,0.333333,0.333333,0.0,0.0,88.0,35.0,0.397727,3467.840909,6281.571429,4.0,11.0,6.0,0.171429,0.170455,60.314286,50.385714,47.0,46.716981,0.113636,0.4,0.0,0.44186,0.6,0.36,0.266667,0.307692,0.777778,0.25,0.461538,1.0,0.666667,0.0,0.444444,0.0,0.333333,0.4,0.428571,0.0,0.25,-0.028162,-42.0
user_0004,Madrid,music_local_budget,53.0,23.0,0.433962,3153.188679,5659.478261,4.0,10.0,6.0,0.173913,0.150943,56.913043,50.826087,51.0,47.933333,0.09434,0.8,0.0,0.538462,0.25,0.428571,0.222222,0.5,0.833333,0.333333,0.444444,0.5,0.0,0.0,0.333333,1.0,0.25,0.5,0.5,0.0,0.0,112.0,42.0,0.375,2832.151786,5299.309524,4.0,11.0,6.0,0.261905,0.160714,49.738095,50.428571,47.0,46.442857,0.071429,0.5,0.0,0.52,0.2,0.37931,0.130435,0.647059,0.538462,0.25,0.5,0.5,0.0,0.0,0.166667,0.5,0.4,0.444444,0.181818,0.166667,0.0,0.058962,-59.0
user_0005,Bilbao,music_local_budget,42.0,15.0,0.357143,2817.047619,5302.466667,4.0,9.0,5.0,0.133333,0.190476,65.333333,49.666667,47.0,54.444444,0.095238,0.25,0.0,0.538462,0.25,0.166667,0.444444,0.75,0.5,0.0,0.5,0.0,0.25,0.25,0.0,0.4,0.0,0.0,0.5,0.4,0.5,86.0,34.0,0.395349,3073.267442,5412.088235,4.0,12.0,6.0,0.264706,0.244186,67.029412,50.897059,50.0,50.269231,0.081395,0.428571,0.0,0.578947,0.222222,0.217391,0.3125,0.9,0.454545,0.5,0.461538,0.0,0.25,0.2,0.142857,0.5,0.0,0.142857,0.5,0.285714,0.2,-0.038206,-44.0
user_0006,Barcelona,music_local_budget,49.0,20.0,0.408163,3249.020408,5698.3,4.0,8.0,5.0,0.25,0.163265,41.1,55.4,54.5,54.706897,0.061224,0.666667,0.0,0.681818,0.142857,0.214286,0.166667,0.8,0.4,0.777778,0.666667,0.0,0.0,0.5,0.4,0.0,0.0,0.5,0.5,0.0,0.0,88.0,39.0,0.443182,3434.795455,5708.025641,4.0,10.0,6.0,0.307692,0.204545,46.230769,55.589744,54.0,51.94898,0.079545,0.714286,0.0,0.615385,0.3,0.333333,0.222222,0.625,0.5,0.692308,0.6,0.333333,0.0,0.666667,0.428571,0.5,0.0,0.333333,0.666667,0.0,0.0,-0.035019,-39.0
user_0007,Bilbao,music_local_budget,44.0,20.0,0.454545,3591.75,6152.2,4.0,10.0,6.0,0.3,0.181818,58.25,52.3,49.5,47.770833,0.136364,0.5,0.0,0.590909,0.333333,0.2,0.444444,0.714286,0.25,0.833333,0.4,1.0,0.0,0.0,0.0,0.5,0.0,0.333333,0.2,1.0,0.5,98.0,41.0,0.418367,3354.632653,5899.487805,4.0,12.0,6.0,0.317073,0.193878,52.512195,49.560976,48.0,51.438596,0.142857,0.571429,0.0,0.571429,0.2,0.233333,0.5,0.714286,0.444444,0.5,0.555556,0.333333,0.0,0.2,0.0,0.375,0.222222,0.333333,0.2,0.857143,0.25,0.036178,-54.0
user_0008,Bilbao,music_local_budget,42.0,18.0,0.428571,3157.02381,5625.777778,3.0,10.0,6.0,0.222222,0.190476,63.611111,47.0,48.0,58.75,0.095238,0.5,1.0,0.6,0.0,0.272727,0.75,0.6,0.5,0.666667,0.625,0.0,0.0,0.0,0.333333,0.0,0.333333,0.333333,1.0,1.0,0.5,85.0,34.0,0.4,3091.2,5719.588235,4.0,11.0,6.0,0.117647,0.129412,63.911765,49.941176,51.5,58.745098,0.094118,0.375,1.0,0.605263,0.071429,0.136364,0.636364,0.666667,0.625,0.6,0.545455,0.25,0.0,0.0,0.166667,0.0,0.25,0.166667,1.0,0.333333,0.714286,0.028571,-43.0
user_0009,Malaga,music_local_budget,42.0,11.0,0.261905,3089.404762,7060.636364,3.0,7.0,5.0,0.454545,0.309524,74.090909,58.272727,58.0,54.209677,0.047619,0.5,0.0,0.4,0.2,0.222222,0.0,0.5,0.428571,0.6,0.166667,0.0,0.0,0.5,0.333333,0.0,0.5,0.0,0.0,0.0,0.0,88.0,32.0,0.363636,3463.806818,6565.375,4.0,11.0,6.0,0.3125,0.25,66.46875,51.71875,52.0,53.517857,0.102273,0.555556,0.0,0.475,0.181818,0.35,0.235294,0.625,0.444444,0.583333,0.272727,0.2,0.0,0.5,0.625,0.0,0.4,0.0,0.5,0.2,0.125,-0.101732,-46.0
user_0010,Sevilla,music_local_budget,54.0,24.0,0.444444,3835.981481,6331.791667,4.0,11.0,6.0,0.083333,0.148148,62.0,55.916667,57.0,48.25,0.12963,0.571429,0.0,0.736842,0.25,0.411765,0.1,0.8,1.0,0.8,0.25,0.0,0.2,1.0,0.5,1.0,0.4,0.25,0.0,0.0,0.333333,106.0,48.0,0.45283,3719.811321,6011.8125,4.0,13.0,6.0,0.1875,0.169811,50.125,54.6875,53.5,49.818966,0.141509,0.533333,0.0,0.666667,0.294118,0.433333,0.117647,0.571429,0.888889,0.666667,0.6,0.2,0.333333,0.333333,0.428571,1.0,0.444444,0.2,0.111111,0.0,0.25,-0.008386,-52.0
user_0011,Bilbao,music_local_budget,53.0,26.0,0.490566,3599.245283,5651.692308,4.0,11.0,6.0,0.384615,0.245283,53.461538,54.038462,46.0,56.425926,0.245283,0.461538,0.0,0.636364,0.444444,0.181818,0.545455,1.0,1.0,0.285714,0.5,0.5,0.25,0.666667,0.5,0.0,0.0,0.0,0.666667,0.5,0.5,100.0,46.0,0.46,3382.6,5388.521739,4.0,12.0,6.0,0.217391,0.17,53.630435,56.108696,53.0,55.546296,0.27,0.518519,0.0,0.54,0.533333,0.210526,0.4375,0.75,0.625,0.285714,0.583333,0.5,0.2,0.833333,0.5,0.0,0.2,0.0,0.666667,0.25,0.6,0.030566,-47.0
user_0012,Barcelona,music_local_budget,53.0,19.0,0.358491,3290.773585,6471.210526,4.0,10.0,5.0,0.263158,0.132075,56.368421,49.105263,46.0,52.073529,0.169811,0.333333,0.0,0.55,0.111111,0.416667,0.166667,0.0,0.625,1.0,0.571429,0.25,0.0,0.0,0.2,0.333333,0.666667,1.0,0.166667,0.333333,0.0,104.0,37.0,0.355769,3193.134615,6136.810811,4.0,13.0,6.0,0.189189,0.153846,55.108108,53.054054,48.0,51.291045,0.163462,0.352941,0.0,0.512195,0.235294,0.333333,0.181818,0.25,0.636364,0.666667,0.5,0.4,0.0,0.222222,0.3,0.2,0.75,0.2,0.166667,0.125,0.25,0.002721,-51.0
user_0013,Barcelona,music_local_budget,42.0,19.0,0.452381,3519.52381,5768.263158,4.0,9.0,6.0,0.210526,0.214286,44.842105,52.052632,50.0,46.478261,0.119048,0.6,0.0,0.538462,0.5,0.4,0.222222,0.833333,0.444444,0.4,0.5,0.0,0.5,0.0,0.5,0.0,0.0,0.5,0.0,0.5,0.2,105.0,39.0,0.371429,3144.952381,5701.051282,4.0,11.0,6.0,0.282051,0.2,38.794872,49.358974,49.0,49.560606,0.12381,0.307692,0.0,0.52,0.125,0.217391,0.291667,0.666667,0.538462,0.5,0.384615,0.0,0.25,0.0,0.5,0.0,0.3,0.2,0.222222,0.571429,0.125,0.080952,-63.0
user_0014,Valencia,music_local_budget,40.0,16.0,0.4,3535.175,6477.375,3.0,7.0,6.0,0.1875,0.275,47.9375,53.375,53.5,60.875,0.2,0.375,2.0,0.666667,0.125,0.0,0.75,0.6,0.75,0.5,1.0,0.0,0.0,0.333333,0.0,0.0,0.0,0.0,1.0,0.5,0.0,90.0,38.0,0.422222,3642.722222,6375.631579,4.0,10.0,6.0,0.131579,0.233333,48.842105,51.763158,50.5,57.355769,0.133333,0.416667,2.0,0.659091,0.133333,0.142857,0.4,0.692308,0.714286,0.538462,0.727273,0.0,0.0,0.285714,0.333333,0.166667,0.125,0.0,0.6,0.333333,0.0,-0.022222,-50.0
user_0015,Malaga,music_local_budget,40.0,21.0,0.525,3944.25,5819.142857,4.0,10.0,6.0,0.428571,0.275,54.095238,48.190476,42.0,53.894737,0.05,1.0,0.0,0.588235,0.428571,0.571429,0.444444,0.714286,0.333333,0.5,1.0,0.333333,1.0,0.0,0.333333,0.0,1.0,0.0,0.0,1.0,0.75,88.0,39.0,0.443182,3346.977273,5504.846154,4.0,12.0,6.0,0.358974,0.204545,58.974359,51.141026,47.0,47.122449,0.068182,0.333333,0.0,0.5,0.555556,0.5,0.26087,0.583333,0.4375,0.363636,1.0,0.333333,1.0,0.0,0.333333,0.0,0.75,0.666667,0.1,0.2,0.5,0.081818,-48.0
user_0016,Valencia,music_local_budget,32.0,13.0,0.40625,3644.90625,6724.615385,3.0,6.0,4.0,0.076923,0.0625,60.692308,53.538462,54.0,45.684211,0.125,0.5,0.0,0.833333,0.25,0.2,0.0,1.0,0.0,1.0,0.833333,0.0,0.333333,0.0,0.25,0.0,0.0,0.333333,0.0,0.0,0.0,78.0,29.0,0.371795,3376.371795,6254.896552,4.0,10.0,6.0,0.172414,0.166667,54.758621,49.931034,47.0,47.94898,0.089744,0.571429,0.0,0.62069,0.142857,0.32,0.117647,0.7,0.0,0.571429,0.875,0.0,0.25,0.0,0.285714,0.4,0.25,0.4,0.111111,0.0,0.2,0.034455,-46.0
user_0017,Bilbao,music_local_budget,53.0,18.0,0.339623,3090.849057,5800.0,4.0,9.0,6.0,0.333333,0.264151,62.277778,46.333333,45.0,51.014286,0.150943,0.375,0.0,0.428571,0.142857,0.266667,0.4,0.625,0.25,0.25,0.4,0.0,0.0,0.2,0.0,0.666667,0.0,0.25,0.5,0.0,0.333333,108.0,48.0,0.444444,3350.703704,5576.5,4.0,13.0,6.0,0.270833,0.231481,58.5,50.8125,48.5,51.275,0.12037,0.461538,0.0,0.52,0.428571,0.333333,0.411765,0.705882,0.4,0.416667,0.454545,0.5,0.333333,0.428571,0.0,0.4,0.375,0.333333,0.5,0.4,0.25,-0.104822,-55.0
user_0018,Barcelona,music_local_budget,51.0,19.0,0.372549,3604.470588,6815.578947,4.0,10.0,5.0,0.263158,0.196078,59.789474,50.657895,47.0,51.78125,0.196078,0.4,0.0,0.466667,0.5,0.277778,0.333333,0.75,0.0,0.444444,0.0,0.0,0.5,0.5,0.333333,0.166667,0.428571,0.0,1.0,0.142857,0.333333,106.0,39.0,0.367925,3375.933962,6480.0,4.0,13.0,6.0,0.333333,0.264151,58.25641,53.75641,50.0,54.298507,0.169811,0.333333,0.0,0.5,0.368421,0.294118,0.235294,0.636364,0.4,0.5,0.375,0.5,0.333333,0.333333,0.222222,0.333333,0.555556,0.0,0.666667,0.1,0.25,0.004624,-55.0
user_0019,Sevilla,music_local_budget,43.0,15.0,0.348837,2839.116279,5083.6,3.0,8.0,5.0,0.2,0.186047,57.0,47.033333,45.0,54.464286,0.139535,0.333333,0.0,0.473684,0.0,0.222222,0.444444,0.333333,1.0,0.5,0.2,0.0,0.0,0.0,0.5,0.0,0.0,0.5,1.0,0.333333,0.0,97.0,35.0,0.360825,2818.350515,5095.971429,4.0,13.0,6.0,0.285714,0.216495,55.114286,49.385714,45.0,53.677419,0.134021,0.384615,0.0,0.435897,0.266667,0.304348,0.35,0.545455,0.5,0.285714,0.363636,0.5,0.25,0.2,0.4,0.2,0.0,0.5,0.75,0.333333,0.142857,-0.011988,-54.0
user_0020,Barcelona,music_local_budget,61.0,27.0,0.442623,3176.04918,5245.148148,4.0,10.0,6.0,0.407407,0.295082,50.925926,53.796296,54.0,49.926471,0.081967,0.8,0.0,0.53125,0.333333,0.272727,0.416667,0.375,0.8,0.444444,0.4,0.5,1.0,0.0,0.0,0.0,0.333333,0.5,0.428571,0.5,0.0,114.0,45.0,0.394737,3118.54386,5560.577778,4.0,13.0,6.0,0.311111,0.280702,48.066667,49.355556,48.0,50.57971,0.096491,0.636364,0.0,0.481481,0.166667,0.28,0.434783,0.352941,0.714286,0.333333,0.545455,0.333333,0.25,0.0,0.166667,0.25,0.272727,0.5,0.6,0.428571,0.166667,0.047886,-53.0
user_0021,Madrid,music_local_budget,49.0,19.0,0.387755,2977.55102,5513.421053,3.0,9.0,6.0,0.105263,0.183673,63.526316,47.421053,44.0,47.566667,0.122449,0.833333,0.0,0.55,0.0,0.368421,0.125,0.833333,0.5,0.5,0.25,0.0,0.0,0.0,0.5,0.2,0.5,0.25,0.5,0.0,0.0,104.0,40.0,0.384615,3302.75,6160.25,4.0,12.0,6.0,0.2,0.201923,66.05,51.3,45.5,49.265625,0.067308,0.857143,0.0,0.547619,0.363636,0.305556,0.133333,0.846154,0.416667,0.571429,0.3,0.0,0.75,0.2,0.5,0.125,0.307692,0.285714,0.25,0.142857,0.0,0.00314,-55.0
user_0022,Valencia,music_local_budget,45.0,17.0,0.377778,2999.377778,5439.941176,4.0,8.0,6.0,0.176471,0.311111,54.647059,50.205882,50.0,52.821429,0.244444,0.181818,0.0,0.571429,0.125,0.166667,0.3,0.625,0.333333,0.5,0.666667,0.0,0.0,0.2,0.5,0.0,0.0,0.0,0.4,0.5,0.0,95.0,39.0,0.410526,3246.757895,5656.25641,4.0,12.0,6.0,0.128205,0.221053,58.179487,48.064103,46.0,56.339286,0.2,0.263158,0.0,0.594595,0.111111,0.391304,0.352941,0.583333,0.6,0.428571,0.75,0.166667,0.0,0.125,0.5,0.142857,0.4,0.6,0.5,0.428571,0.0,-0.032749,-50.0
user_0023,Sevilla,music_local_budget,49.0,14.0,0.285714,2276.877551,4683.428571,3.0,9.0,6.0,0.285714,0.183673,72.0,43.571429,42.5,54.828571,0.122449,0.5,0.0,0.421053,0.0,0.363636,0.2,0.4,0.666667,0.333333,0.375,0.0,0.0,0.0,0.5,0.0,0.5,0.2,0.0,0.25,0.2,98.0,28.0,0.285714,2447.969388,5193.964286,3.0,10.0,6.0,0.214286,0.153061,61.392857,45.214286,42.5,51.492857,0.102041,0.5,0.0,0.348837,0.0,0.333333,0.210526,0.4,0.333333,0.333333,0.333333,0.0,0.0,0.0,0.3,0.5,0.5,0.222222,0.0,0.285714,0.285714,0.0,-49.0
user_0024,Barcelona,music_local_budget,45.0,15.0,0.333333,3326.044444,6309.133333,4.0,7.0,6.0,0.133333,0.2,54.0,53.8,52.0,52.616667,0.088889,0.5,0.0,0.6,0.142857,0.090909,0.142857,0.666667,0.666667,0.5,0.666667,0.333333,0.0,0.0,0.0,0.0,0.0,0.5,0.0,1.0,0.0,88.0,35.0,0.397727,3315.136364,5683.171429,4.0,10.0,6.0,0.2,0.204545,46.457143,52.771429,51.0,51.009434,0.068182,0.333333,0.0,0.657895,0.166667,0.173913,0.266667,0.692308,0.666667,0.583333,0.714286,0.333333,0.0,0.166667,0.0,0.2,0.0,0.5,0.4,0.5,0.0,-0.064394,-43.0
user_0025,Sevilla,music_local_budget,55.0,24.0,0.436364,3456.6,5817.791667,4.0,9.0,6.0,0.25,0.254545,57.833333,54.291667,51.5,55.33871,0.145455,0.5,0.0,0.571429,0.2,0.5,0.142857,0.333333,0.4,0.75,0.833333,0.0,0.0,0.333333,0.666667,0.0,0.5,0.5,0.0,0.0,0.2,104.0,44.0,0.423077,3419.519231,5845.295455,4.0,12.0,6.0,0.227273,0.211538,60.613636,55.477273,51.5,52.858333,0.125,0.461538,0.0,0.568627,0.294118,0.363636,0.142857,0.571429,0.555556,0.625,0.5,0.25,0.333333,0.285714,0.6,0.0,0.375,0.333333,0.2,0.0,0.166667,0.013287,-49.0
user_0026,Madrid,music_local_budget,41.0,11.0,0.268293,2508.439024,5272.363636,3.0,7.0,6.0,0.181818,0.268293,68.545455,55.454545,58.0,51.716667,0.04878,0.5,0.0,0.533333,0.111111,0.25,0.0,0.333333,0.666667,0.4,0.75,0.0,0.25,0.0,1.0,0.333333,0.0,0.0,0.0,0.0,0.0,87.0,27.0,0.310345,2694.908046,5587.888889,4.0,11.0,6.0,0.185185,0.218391,63.0,49.740741,49.0,51.5,0.091954,0.25,0.0,0.5,0.076923,0.263158,0.157895,0.3,0.75,0.272727,0.857143,0.0,0.166667,0.0,0.5,0.2,0.25,0.166667,0.142857,0.0,0.25,-0.042052,-46.0
user_0027,Valencia,music_local_budget,52.0,25.0,0.480769,3110.442308,5019.52,4.0,8.0,6.0,0.24,0.211538,58.08,52.5,51.0,55.777778,0.134615,0.285714,0.0,0.72,0.125,0.285714,0.4,0.8,0.6,0.8,0.7,0.0,0.0,0.25,0.0,0.5,0.0,0.428571,0.0,0.0,0.666667,115.0,50.0,0.434783,3072.295652,5305.86,4.0,12.0,6.0,0.32,0.208696,56.12,48.55,50.0,54.630769,0.130435,0.4,0.0,0.6,0.076923,0.315789,0.5,0.7,0.538462,0.583333,0.6,0.0,0.0,0.142857,0.375,0.428571,0.272727,0.25,0.5,0.333333,0.571429,0.045987,-63.0
user_0028,Valencia,music_local_budget,45.0,16.0,0.355556,3054.333333,5719.5,4.0,9.0,5.0,0.4375,0.288889,70.125,52.75,52.0,52.948276,0.133333,0.333333,0.0,0.5625,0.125,0.2,0.363636,0.333333,0.333333,0.857143,0.333333,0.0,0.0,0.25,0.333333,0.0,0.0,0.5,0.5,0.5,0.0,80.0,31.0,0.3875,3351.225,6130.258065,4.0,12.0,6.0,0.322581,0.25,60.225806,49.419355,48.0,49.714286,0.1,0.5,0.0,0.5625,0.181818,0.222222,0.368421,0.7,0.428571,0.7,0.2,0.0,0.333333,0.2,0.4,0.0,0.125,0.25,0.4,0.333333,0.333333,-0.031944,-35.0
user_0029,Barcelona,music_local_budget,59.0,27.0,0.457627,3386.576271,5634.259259,4.0,13.0,6.0,0.333333,0.254237,60.481481,50.092593,46.0,52.3125,0.084746,0.6,0.0,0.571429,0.428571,0.368421,0.416667,0.75,0.666667,0.444444,0.6,0.0,0.4,1.0,0.4,0.333333,0.166667,0.6,0.25,0.25,0.75,112.0,48.0,0.428571,3284.607143,5613.0,4.0,13.0,6.0,0.270833,0.25,55.479167,52.21875,52.5,52.171875,0.080357,0.444444,0.0,0.530612,0.333333,0.371429,0.3125,0.666667,0.571429,0.470588,0.444444,0.0,0.375,1.0,0.333333,0.5,0.230769,0.571429,0.166667,0.25,0.5,0.029056,-53.0
user_0030,Sevilla,music_local_budget,57.0,17.0,0.298246,2645.578947,5285.647059,4.0,8.0,5.0,0.470588,0.245614,47.058824,51.558824,52.0,47.5625,0.105263,0.5,0.0,0.571429,0.25,0.071429,0.142857,0.833333,0.428571,0.333333,0.6,0.0,0.0,0.333333,0.25,0.0,0.0,0.0,0.2,0.25,0.0,108.0,40.0,0.37037,2922.314815,5277.025,4.0,11.0,6.0,0.35,0.268519,56.2,50.75,48.5,51.294118,0.101852,0.545455,0.0,0.534884,0.294118,0.291667,0.208333,0.8,0.571429,0.3,0.444444,0.0,0.4,0.375,0.625,0.166667,0.0,0.333333,0.166667,0.363636,0.0,-0.072125,-51.0
user_0031,Bilbao,music_local_budget,51.0,24.0,0.470588,3606.862745,5681.583333,4.0,12.0,6.0,0.25,0.176471,60.041667,53.020833,50.0,58.296296,0.117647,0.166667,0.0,0.625,0.25,0.461538,0.5,0.75,0.571429,0.5,1.0,0.5,0.142857,0.333333,0.0,1.0,0.5,0.5,0.5,0.75,0.0,116.0,48.0,0.413793,3347.724138,5638.5,4.0,14.0,6.0,0.291667,0.232759,58.270833,49.03125,47.5,56.985294,0.172414,0.4,0.0,0.594595,0.136364,0.470588,0.304348,0.555556,0.636364,0.4,0.857143,0.166667,0.1,0.166667,0.333333,0.375,0.727273,0.333333,0.333333,0.375,0.222222,0.056795,-65.0
user_0032,Sevilla,music_local_budget,52.0,21.0,0.403846,3071.365385,5327.666667,4.0,10.0,6.0,0.142857,0.115385,51.047619,49.190476,48.0,49.854839,0.115385,0.333333,0.0,0.521739,0.2,0.357143,0.3,0.666667,0.75,0.5,0.25,0.0,0.5,0.0,1.0,0.4,0.0,0.2,0.0,0.25,0.5,109.0,44.0,0.40367,3148.87156,5523.931818,4.0,12.0,6.0,0.181818,0.146789,49.863636,49.863636,47.0,49.792308,0.091743,0.4,0.0,0.608696,0.25,0.289474,0.176471,0.705882,0.857143,0.5,0.4375,0.2,0.5,0.0,0.666667,0.2,0.333333,0.153846,0.0,0.166667,0.4,0.000176,-57.0
user_0033,Barcelona,music_local_budget,42.0,17.0,0.404762,3458.47619,6049.176471,4.0,9.0,6.0,0.352941,0.142857,64.352941,55.411765,49.0,51.64,0.047619,0.0,0.0,0.555556,0.428571,0.1,0.428571,0.666667,0.333333,0.75,0.4,0.75,0.0,0.0,0.25,0.0,0.0,0.0,0.333333,0.5,0.5,89.0,34.0,0.382022,3339.629213,5870.352941,4.0,10.0,6.0,0.235294,0.146067,61.235294,50.147059,46.5,55.8,0.11236,0.3,0.0,0.47619,0.230769,0.238095,0.461538,0.5,0.5,0.454545,0.461538,0.5,0.0,0.0,0.333333,0.0,0.5,0.0,0.333333,0.5,0.666667,0.022739,-47.0
user_0034,Valencia,music_local_budget,46.0,16.0,0.347826,2879.282609,5571.125,4.0,10.0,5.0,0.375,0.26087,63.125,43.53125,41.0,48.283333,0.152174,0.428571,0.0,0.375,0.2,0.25,0.461538,0.0,0.25,0.5,0.428571,0.0,0.0,0.5,0.25,0.0,0.2,0.333333,0.75,0.4,0.25,105.0,36.0,0.342857,2930.380952,5755.555556,4.0,13.0,6.0,0.25,0.2,62.75,47.097222,45.5,52.130435,0.133333,0.5,0.0,0.457143,0.214286,0.2,0.423077,0.666667,0.4,0.375,0.454545,0.0,0.25,0.5,0.166667,0.142857,0.25,0.222222,0.666667,0.4,0.3,0.004969,-59.0
user_0035,Barcelona,music_local_budget,38.0,17.0,0.447368,3552.289474,5926.176471,4.0,9.0,6.0,0.294118,0.263158,42.941176,50.176471,50.0,60.47619,0.157895,0.666667,0.0,0.5625,0.125,0.375,0.666667,0.5,0.666667,0.5,0.6,0.0,0.2,0.0,0.5,0.0,0.0,1.0,1.0,0.0,0.75,76.0,32.0,0.421053,3340.013158,5893.90625,4.0,10.0,6.0,0.25,0.25,45.0,53.125,52.5,54.579545,0.157895,0.416667,0.0,0.552632,0.1,0.333333,0.384615,0.636364,0.428571,0.545455,0.555556,0.0,0.2,0.0,0.333333,0.25,0.0,0.666667,0.5,0.0,0.5,0.026316,-38.0
user_0036,Malaga,music_local_budget,46.0,20.0,0.434783,3217.304348,5402.6,4.0,11.0,6.0,0.25,0.195652,52.55,47.1,44.0,46.365385,0.108696,0.4,0.0,0.526316,0.5,0.384615,0.333333,0.666667,0.333333,0.333333,0.75,0.0,0.5,0.0,0.5,0.0,0.4,1.0,0.5,0.25,0.25,104.0,37.0,0.355769,2737.480769,5209.648649,4.0,11.0,6.0,0.243243,0.230769,52.567568,48.594595,46.0,49.69403,0.173077,0.333333,0.0,0.465116,0.166667,0.30303,0.272727,0.5,0.555556,0.333333,0.5,0.0,0.5,0.0,0.333333,0.0,0.461538,0.333333,0.4,0.285714,0.2,0.079013,-58.0
user_0037,Barcelona,music_local_budget,58.0,27.0,0.465517,3742.241379,6165.0,4.0,11.0,6.0,0.259259,0.189655,55.518519,55.481481,51.0,47.532258,0.258621,0.466667,0.0,0.517241,0.75,0.470588,0.125,0.363636,0.75,0.333333,0.571429,0.5,1.0,0.0,1.0,0.4,0.666667,0.285714,0.0,0.333333,0.0,105.0,48.0,0.457143,3508.685714,5847.1875,4.0,13.0,6.0,0.270833,0.180952,58.020833,55.6875,52.0,51.938596,0.209524,0.5,0.0,0.571429,0.4,0.444444,0.142857,0.529412,0.6,0.5,0.666667,0.5,0.428571,0.333333,0.6,0.375,0.571429,0.285714,0.0,0.25,0.333333,0.008374,-47.0
user_0038,Bilbao,music_local_budget,45.0,20.0,0.444444,3584.444444,6286.2,4.0,8.0,6.0,0.2,0.177778,59.65,53.4,53.5,56.54,0.133333,0.5,1.0,0.578947,0.2,0.555556,0.285714,0.857143,0.571429,0.333333,0.0,0.333333,0.0,0.333333,0.0,0.0,0.5,1.0,0.0,0.0,0.5,100.0,43.0,0.43,3409.48,5874.767442,4.0,12.0,6.0,0.162791,0.13,57.139535,52.465116,50.0,57.026316,0.14,0.357143,1.0,0.590909,0.176471,0.346154,0.384615,0.8,0.571429,0.166667,0.555556,0.166667,0.0,0.333333,0.0,0.333333,0.428571,0.5,0.2,0.5,0.5,0.014444,-55.0
user_0039,Madrid,music_local_budget,40.0,13.0,0.325,3116.275,6105.538462,4.0,7.0,6.0,0.230769,0.175,56.230769,51.076923,51.0,47.5,0.125,0.4,0.0,0.555556,0.25,0.083333,0.166667,0.555556,0.333333,1.0,0.333333,0.0,1.0,0.0,0.5,0.0,0.0,0.0,0.2,0.0,0.0,83.0,29.0,0.349398,3264.542169,6142.896552,4.0,10.0,6.0,0.172414,0.156627,59.689655,52.655172,49.0,48.12037,0.096386,0.375,0.0,0.606061,0.3,0.173913,0.117647,0.642857,0.5,0.714286,0.5,0.0,0.666667,0.2,0.333333,0.0,0.285714,0.0,0.125,0.166667,0.0,-0.024398,-43.0
user_0040,Madrid,music_local_budget,54.0,21.0,0.388889,3234.888889,5745.380952,4.0,9.0,6.0,0.142857,0.240741,53.047619,47.571429,46.0,54.530303,0.111111,0.5,1.0,0.444444,0.125,0.416667,0.428571,0.3,0.5,0.5,0.6,0.0,0.333333,0.0,0.666667,0.0,0.75,0.0,0.0,0.5,0.5,101.0,48.0,0.475248,3675.237624,5887.458333,4.0,12.0,6.0,0.229167,0.237624,52.0,50.041667,46.0,51.632075,0.138614,0.5,1.0,0.543478,0.333333,0.5,0.333333,0.3,0.714286,0.4,0.666667,0.333333,0.5,0.0,0.5,0.666667,0.833333,0.307692,0.0,0.285714,0.5,-0.086359,-47.0
user_0041,Bilbao,sports_travel_premium,34.0,16.0,0.470588,3195.5,4833.0,3.0,6.0,6.0,0.1875,0.176471,71.875,73.65625,78.0,61.555556,0.147059,0.8,0.0,0.3,0.733333,0.0,0.4,0.0,0.0,0.0,0.6,0.6,0.857143,0.666667,0.0,0.0,0.0,0.0,0.0,0.5,1.0,69.0,29.0,0.42029,3325.724638,5668.413793,3.0,8.0,6.0,0.206897,0.15942,61.896552,72.603448,74.0,66.0,0.101449,0.714286,0.0,0.3125,0.588235,0.0,0.444444,0.0,0.2,0.0,0.571429,0.461538,0.785714,0.428571,0.0,0.0,0.0,0.0,0.4,0.333333,1.0,0.050298,-35.0
user_0042,Valencia,sports_travel_premium,41.0,13.0,0.317073,2554.780488,5326.538462,3.0,5.0,5.0,0.0,0.121951,50.846154,88.692308,91.0,52.642857,0.04878,0.0,0.0,0.166667,0.769231,0.083333,0.0,0.0,0.0,0.0,0.4,0.75,1.0,0.75,0.0,0.333333,0.0,0.0,0.0,0.0,0.0,75.0,23.0,0.306667,2555.826667,5449.26087,3.0,7.0,6.0,0.130435,0.146667,59.217391,79.826087,87.0,51.788462,0.08,0.333333,0.0,0.173913,0.708333,0.105263,0.0,0.25,0.0,0.0,0.25,0.777778,0.666667,0.666667,0.166667,0.25,0.0,0.0,0.0,0.0,0.0,0.010407,-34.0
user_0043,Sevilla,sports_travel_premium,44.0,20.0,0.454545,3097.454545,5069.7,4.0,10.0,6.0,0.1,0.136364,36.4,66.15,74.0,56.125,0.0,0.0,0.0,0.222222,0.705882,0.2,0.5,0.0,1.0,0.0,0.333333,0.5,0.666667,0.857143,0.0,0.0,0.25,0.5,0.333333,0.333333,1.0,92.0,36.0,0.391304,2981.51087,5155.111111,4.0,12.0,6.0,0.138889,0.184783,46.055556,71.222222,77.0,52.910714,0.032609,0.666667,0.0,0.142857,0.685714,0.25,0.25,0.0,0.5,0.0,0.166667,0.454545,0.666667,0.866667,0.166667,0.333333,0.25,0.333333,0.25,0.25,0.25,0.063241,-48.0
user_0044,Malaga,sports_travel_premium,38.0,16.0,0.421053,3244.605263,5568.9375,4.0,8.0,6.0,0.25,0.184211,32.875,64.96875,60.0,60.363636,0.184211,0.285714,0.0,0.666667,0.416667,0.125,0.333333,0.5,0.666667,0.5,0.8,0.8,0.333333,0.0,0.0,0.0,0.0,0.5,1.0,0.0,0.0,71.0,34.0,0.478873,3518.140845,5712.470588,4.0,11.0,6.0,0.235294,0.197183,44.352941,62.176471,57.5,57.905405,0.169014,0.416667,0.0,0.545455,0.565217,0.333333,0.363636,0.571429,0.6,0.25,0.666667,0.875,0.5,0.285714,0.0,0.0,0.6,0.4,0.666667,0.285714,0.0,-0.057821,-33.0
user_0045,Malaga,sports_travel_premium,39.0,11.0,0.282051,2403.0,4783.363636,3.0,7.0,6.0,0.181818,0.205128,69.545455,64.909091,68.0,61.5,0.051282,0.0,0.0,0.181818,0.307692,0.5,0.0,0.0,0.2,0.0,1.0,0.0,0.4,0.5,0.5,0.5,0.0,0.5,0.0,0.0,0.0,73.0,24.0,0.328767,2724.013699,5382.541667,4.0,10.0,6.0,0.208333,0.219178,51.583333,68.166667,74.5,55.693878,0.068493,0.4,0.0,0.117647,0.565217,0.285714,0.25,0.0,0.2,0.0,0.5,0.428571,0.666667,0.571429,0.285714,0.428571,0.0,0.166667,0.666667,0.166667,0.0,-0.046716,-34.0
user_0046,Malaga,sports_travel_premium,48.0,23.0,0.479167,3362.854167,5343.0,4.0,10.0,6.0,0.173913,0.104167,67.26087,69.782609,72.0,54.4,0.104167,0.2,0.0,0.4,0.714286,0.25,0.222222,0.5,0.5,0.0,1.0,0.625,0.75,0.8,0.0,0.333333,0.0,1.0,0.25,0.0,0.333333,90.0,44.0,0.488889,3346.433333,5263.795455,4.0,13.0,6.0,0.159091,0.133333,63.454545,66.227273,70.5,56.326087,0.111111,0.2,0.0,0.315789,0.675676,0.421053,0.333333,0.166667,0.5,0.0,1.0,0.571429,0.666667,0.818182,0.666667,0.4,0.375,0.333333,0.333333,0.25,0.4,-0.009722,-42.0
user_0047,Madrid,sports_travel_premium,40.0,16.0,0.4,2986.35,5513.4375,4.0,11.0,6.0,0.1875,0.15,61.4375,70.5,72.5,51.916667,0.125,0.6,0.0,0.363636,0.7,0.25,0.285714,0.333333,1.0,0.333333,0.0,0.8,0.5,0.666667,0.333333,0.5,0.0,0.2,0.333333,1.0,0.0,78.0,34.0,0.435897,3313.333333,5804.205882,4.0,13.0,6.0,0.147059,0.141026,54.588235,67.029412,67.0,57.227273,0.128205,0.4,0.0,0.333333,0.576923,0.333333,0.461538,0.285714,0.5,0.25,0.5,0.8,0.25,0.625,0.6,0.333333,0.0,0.285714,0.25,0.75,0.4,-0.035897,-38.0
user_0048,Madrid,sports_travel_premium,50.0,18.0,0.36,2619.0,4572.944444,4.0,9.0,6.0,0.222222,0.12,55.777778,68.444444,72.0,50.90625,0.12,0.166667,0.0,0.25,0.6,0.384615,0.1,0.333333,0.5,0.2,0.0,0.666667,0.428571,1.0,0.8,0.25,0.0,0.0,0.0,0.0,0.333333,92.0,33.0,0.358696,2879.478261,5287.121212,4.0,11.0,6.0,0.212121,0.163043,50.151515,69.484848,72.0,51.338983,0.152174,0.357143,0.0,0.269231,0.68,0.28,0.125,0.5,0.166667,0.25,0.0,0.555556,0.6,1.0,0.444444,0.125,0.166667,0.5,0.0,0.0,0.25,0.001304,-42.0
user_0049,Sevilla,sports_travel_premium,36.0,15.0,0.416667,3071.305556,5537.466667,4.0,7.0,4.0,0.133333,0.222222,65.4,74.766667,86.0,56.761905,0.222222,0.625,2.0,0.111111,0.714286,0.166667,0.428571,0.0,0.0,0.0,1.0,0.75,0.75,0.5,0.0,0.0,1.0,0.0,0.666667,0.5,0.0,81.0,27.0,0.333333,2795.481481,5620.222222,4.0,7.0,5.0,0.185185,0.17284,64.148148,78.314815,83.0,55.314815,0.17284,0.428571,2.0,0.105263,0.65625,0.058824,0.230769,0.0,0.0,0.0,0.4,0.692308,0.6,0.666667,0.0,0.0,0.333333,0.0,0.5,0.142857,0.0,0.083333,-45.0
user_0050,Valencia,sports_travel_premium,32.0,7.0,0.21875,2317.6875,5633.0,3.0,6.0,4.0,0.142857,0.125,53.714286,69.571429,77.0,49.56,0.03125,0.0,0.0,0.0,0.5,0.142857,0.25,0.0,0.0,0.0,0.0,0.666667,0.333333,0.5,0.0,0.0,0.0,0.333333,0.0,0.333333,0.333333,65.0,20.0,0.307692,2913.769231,6188.45,3.0,7.0,6.0,0.25,0.169231,51.45,76.35,82.5,53.766667,0.046154,0.666667,0.0,0.0,0.541667,0.363636,0.2,0.0,0.0,0.0,0.0,0.6,0.555556,0.4,0.0,1.0,0.0,0.4,0.0,0.25,0.333333,-0.088942,-33.0
user_0051,Bilbao,sports_travel_premium,38.0,17.0,0.447368,3108.815789,5110.470588,4.0,11.0,6.0,0.176471,0.210526,69.411765,56.058824,52.0,60.0,0.131579,0.4,0.0,0.333333,0.444444,0.5,0.5,1.0,0.25,0.0,0.5,0.4,0.333333,1.0,0.0,0.5,0.5,1.0,0.0,0.5,0.666667,91.0,38.0,0.417582,3053.956044,5260.657895,4.0,13.0,6.0,0.184211,0.175824,62.421053,61.947368,55.5,54.877358,0.142857,0.384615,0.0,0.375,0.565217,0.423077,0.277778,0.333333,0.5,0.2,0.4,0.538462,0.4,0.8,0.285714,0.444444,0.428571,0.666667,0.0,0.285714,0.428571,0.029786,-53.0
user_0052,Sevilla,sports_travel_premium,35.0,15.0,0.428571,3466.771429,6306.6,4.0,9.0,5.0,0.0,0.114286,40.733333,70.466667,76.0,60.85,0.028571,0.0,0.0,0.2,0.666667,0.4,0.666667,0.0,0.5,0.2,0.0,0.6,0.75,0.666667,1.0,0.0,0.5,0.0,0.5,1.0,0.0,84.0,40.0,0.47619,3492.547619,5799.625,4.0,12.0,6.0,0.075,0.166667,54.375,71.625,74.0,56.738636,0.095238,0.375,0.0,0.269231,0.733333,0.411765,0.363636,0.285714,0.375,0.25,0.0,0.733333,0.75,0.714286,0.5,0.333333,0.25,1.0,0.333333,1.0,0.0,-0.047619,-49.0
user_0053,Valencia,sports_travel_premium,41.0,19.0,0.463415,3069.487805,5012.157895,4.0,7.0,6.0,0.210526,0.195122,54.526316,80.894737,88.0,45.318182,0.04878,0.0,0.0,0.444444,0.923077,0.153846,0.166667,0.0,0.0,0.75,0.25,0.875,1.0,1.0,0.0,0.666667,0.0,0.0,0.5,0.0,0.0,72.0,32.0,0.444444,3144.625,5299.9375,4.0,10.0,6.0,0.125,0.152778,56.4375,75.21875,79.5,48.0,0.055556,0.5,0.0,0.210526,0.909091,0.190476,0.4,0.0,0.0,0.428571,0.1,0.818182,1.0,1.0,0.0,0.6,0.2,0.0,0.666667,0.25,0.333333,0.01897,-31.0
user_0054,Madrid,sports_travel_premium,37.0,21.0,0.567568,3198.216216,4481.666667,4.0,8.0,6.0,0.285714,0.243243,41.952381,77.809524,87.0,56.6875,0.081081,0.666667,0.0,0.25,0.75,0.375,0.4,0.0,0.0,1.0,0.0,0.777778,0.4,1.0,0.333333,0.333333,0.5,0.0,0.0,0.0,0.666667,61.0,33.0,0.540984,2904.377049,4183.212121,4.0,11.0,6.0,0.272727,0.229508,44.333333,72.454545,81.0,58.5,0.114754,0.714286,0.0,0.428571,0.703704,0.416667,0.375,0.0,0.2,0.75,0.5,0.769231,0.428571,0.857143,0.5,0.25,0.5,0.5,0.0,0.0,0.75,0.026584,-24.0
user_0055,Sevilla,sports_travel_premium,50.0,22.0,0.44,3085.26,5064.681818,4.0,11.0,6.0,0.363636,0.2,49.045455,69.045455,73.0,58.303571,0.06,0.666667,0.0,0.428571,0.578947,0.3,0.285714,0.333333,1.0,0.428571,0.333333,0.5,0.571429,0.625,0.5,0.25,0.0,0.0,0.0,0.5,0.333333,94.0,40.0,0.425532,3034.851064,5171.9,4.0,14.0,6.0,0.225,0.159574,48.65,67.925,72.0,58.222222,0.106383,0.2,0.0,0.37931,0.588235,0.315789,0.25,0.333333,0.5,0.461538,0.166667,0.444444,0.615385,0.666667,0.5,0.2,0.2,0.4,0.333333,0.333333,0.166667,0.014468,-44.0
user_0056,Valencia,sports_travel_premium,56.0,22.0,0.392857,2911.482143,5119.727273,4.0,9.0,6.0,0.181818,0.142857,54.636364,74.590909,81.0,55.014706,0.107143,0.5,0.0,0.25,0.722222,0.25,0.166667,1.0,0.5,0.0,0.222222,0.625,0.8,0.8,0.0,0.333333,0.4,0.0,0.0,0.5,0.0,98.0,38.0,0.387755,2796.163265,4933.684211,4.0,12.0,6.0,0.157895,0.142857,56.973684,72.921053,78.5,59.858333,0.132653,0.538462,0.0,0.25,0.611111,0.333333,0.1,0.333333,0.4,0.2,0.2,0.461538,0.75,0.636364,0.25,0.166667,0.555556,0.2,0.0,0.166667,0.0,0.005102,-42.0
user_0057,Bilbao,sports_travel_premium,26.0,11.0,0.423077,3680.846154,6592.636364,3.0,6.0,6.0,0.090909,0.153846,74.363636,83.909091,93.0,55.6,0.115385,0.0,1.0,0.166667,0.666667,0.4,0.0,0.5,0.0,0.0,0.0,1.0,0.333333,0.5,0.5,1.0,0.0,0.0,0.0,0.0,0.0,59.0,27.0,0.457627,3609.254237,6032.925926,4.0,9.0,6.0,0.185185,0.169492,62.222222,82.037037,86.0,56.34375,0.101695,0.333333,1.0,0.214286,0.740741,0.272727,0.142857,0.5,0.333333,0.2,0.0,1.0,0.714286,0.5,0.4,0.5,0.0,0.0,0.0,0.5,0.0,-0.03455,-33.0
user_0058,Bilbao,sports_travel_premium,40.0,16.0,0.4,2968.65,5081.625,4.0,10.0,5.0,0.25,0.25,49.5,68.0,73.0,48.875,0.075,0.333333,0.0,0.214286,0.75,0.4,0.222222,0.333333,0.2,0.333333,0.0,0.75,0.333333,1.0,0.0,0.5,1.0,0.0,0.333333,0.25,0.0,76.0,35.0,0.460526,3057.802632,4855.971429,4.0,11.0,6.0,0.142857,0.184211,54.857143,75.428571,80.0,49.682927,0.078947,0.5,0.0,0.26087,0.846154,0.3125,0.181818,0.333333,0.25,0.5,0.0,0.846154,0.5,1.0,0.666667,0.333333,0.333333,0.0,0.333333,0.166667,0.0,-0.060526,-36.0
user_0059,Sevilla,sports_travel_premium,41.0,16.0,0.390244,3014.341463,5158.875,4.0,10.0,5.0,0.0,0.170732,61.5625,72.375,75.0,63.52,0.04878,0.5,0.0,0.3,0.529412,0.333333,0.2,0.0,1.0,0.25,0.333333,0.5,0.5,0.6,0.25,0.333333,1.0,0.0,0.0,0.0,0.2,98.0,38.0,0.387755,2935.816327,5007.105263,4.0,12.0,6.0,0.131579,0.204082,58.5,75.473684,78.0,56.35,0.081633,0.625,0.0,0.321429,0.638889,0.181818,0.166667,0.142857,0.4,0.333333,0.428571,0.666667,0.636364,0.6,0.166667,0.285714,0.2,0.0,0.333333,0.0,0.111111,0.002489,-57.0
user_0060,Sevilla,sports_travel_premium,36.0,19.0,0.527778,3683.222222,5713.736842,4.0,8.0,6.0,0.052632,0.083333,55.263158,68.894737,76.0,52.794118,0.055556,1.0,0.0,0.125,0.8,0.428571,0.5,0.0,0.0,0.333333,0.0,0.8,0.666667,1.0,1.0,0.0,0.0,0.0,1.0,1.0,0.25,65.0,34.0,0.523077,3577.076923,5494.176471,4.0,11.0,6.0,0.088235,0.107692,55.970588,69.941176,77.5,54.483871,0.076923,0.6,0.0,0.230769,0.740741,0.5,0.363636,0.4,0.0,0.2,0.0,0.777778,0.545455,1.0,1.0,0.5,0.0,0.25,0.666667,1.0,0.142857,0.004701,-29.0
user_0061,Barcelona,sports_travel_premium,58.0,25.0,0.431034,3407.982759,6137.2,4.0,11.0,6.0,0.16,0.189655,54.0,69.44,76.0,50.19697,0.086207,0.4,0.0,0.307692,0.7,0.25,0.307692,0.5,0.5,0.333333,0.0,0.714286,0.777778,0.5,0.166667,0.5,0.25,0.0,0.285714,0.0,0.666667,100.0,40.0,0.4,3055.11,5581.425,4.0,11.0,6.0,0.25,0.18,55.575,71.475,77.5,48.866667,0.09,0.444444,0.0,0.25,0.733333,0.304348,0.210526,0.4,0.333333,0.333333,0.0,0.692308,0.8,0.714286,0.3,0.666667,0.285714,0.0,0.222222,0.0,0.4,0.031034,-42.0
user_0062,Sevilla,sports_travel_premium,39.0,15.0,0.384615,2815.538462,4741.466667,3.0,7.0,6.0,0.266667,0.205128,59.6,77.266667,78.0,56.125,0.128205,0.4,1.0,0.333333,0.642857,0.166667,0.0,0.0,0.333333,0.5,0.333333,0.4,1.0,0.6,0.0,0.5,0.0,0.0,0.0,0.0,0.0,84.0,38.0,0.452381,3226.845238,5295.263158,4.0,12.0,6.0,0.184211,0.166667,51.894737,68.868421,75.0,57.641304,0.095238,0.375,1.0,0.40625,0.633333,0.307692,0.222222,0.5,0.333333,0.375,0.416667,0.555556,0.7,0.636364,0.333333,0.666667,0.25,0.0,0.2,0.0,0.5,-0.067766,-45.0
user_0063,Valencia,sports_travel_premium,48.0,17.0,0.354167,3003.083333,5504.411765,4.0,7.0,6.0,0.176471,0.145833,58.529412,72.0,76.0,56.177419,0.083333,0.0,0.0,0.2,0.611111,0.285714,0.125,0.0,0.0,0.0,0.6,0.5,0.8,0.555556,0.25,1.0,0.0,0.0,0.0,0.0,0.333333,80.0,28.0,0.35,2915.6625,5449.821429,4.0,13.0,6.0,0.178571,0.125,55.428571,65.035714,72.0,57.836538,0.0625,0.2,0.0,0.238095,0.518519,0.333333,0.235294,0.2,0.0,0.2,0.6,0.428571,0.714286,0.461538,0.25,0.5,0.5,0.285714,0.2,0.25,0.25,0.004167,-32.0
user_0064,Malaga,sports_travel_premium,35.0,18.0,0.514286,3680.371429,5951.5,4.0,10.0,6.0,0.333333,0.228571,50.055556,72.722222,76.0,42.117647,0.142857,0.6,0.0,0.4,0.9,0.333333,0.333333,0.2,0.666667,1.0,0.0,0.875,1.0,1.0,0.0,0.0,0.333333,0.5,0.333333,0.4,0.0,71.0,37.0,0.521127,3690.71831,5802.324324,4.0,13.0,6.0,0.189189,0.183099,54.486486,70.0,73.0,45.779412,0.112676,0.625,0.0,0.5,0.826087,0.375,0.214286,0.285714,0.6,0.666667,0.666667,0.727273,0.857143,1.0,0.5,0.5,0.285714,0.4,0.25,0.4,0.0,-0.006841,-36.0
user_0065,Sevilla,sports_travel_premium,45.0,22.0,0.488889,3301.311111,5532.136364,3.0,6.0,6.0,0.090909,0.133333,63.272727,81.772727,86.0,58.695652,0.111111,0.0,0.0,0.0,0.857143,0.181818,0.666667,0.0,0.0,0.0,0.0,0.875,0.714286,1.0,0.333333,0.166667,0.0,0.0,0.0,0.0,1.0,75.0,31.0,0.413333,3055.32,5544.419355,4.0,8.0,6.0,0.16129,0.16,63.387097,80.225806,86.0,60.761364,0.106667,0.25,0.0,0.1,0.727273,0.1875,0.333333,0.0,0.285714,0.0,0.0,0.818182,0.727273,0.636364,0.25,0.142857,0.0,0.25,0.0,0.0,0.666667,0.075556,-30.0
user_0066,Madrid,sports_travel_premium,39.0,21.0,0.538462,3412.74359,5202.52381,4.0,10.0,6.0,0.142857,0.153846,62.714286,68.190476,72.0,67.833333,0.051282,0.5,0.0,0.428571,0.55,0.571429,0.6,1.0,0.0,0.0,1.0,0.571429,0.166667,0.857143,0.0,0.5,1.0,0.5,0.0,0.666667,0.5,75.0,36.0,0.48,3083.106667,4946.805556,4.0,11.0,6.0,0.138889,0.213333,55.305556,64.638889,63.0,59.884615,0.066667,0.6,0.0,0.277778,0.566667,0.571429,0.461538,0.333333,0.0,0.0,0.8,0.666667,0.2,0.875,0.0,0.5,1.0,0.714286,0.666667,0.666667,0.285714,0.058462,-36.0
user_0067,Bilbao,sports_travel_premium,43.0,16.0,0.372093,2785.046512,5052.125,3.0,8.0,6.0,0.0625,0.116279,58.8125,75.125,76.5,58.037037,0.093023,0.5,0.0,0.6,0.5625,0.0,0.25,0.5,1.0,0.6,0.5,0.6,0.166667,1.0,0.0,0.0,0.0,0.0,0.333333,0.0,0.0,97.0,35.0,0.360825,2762.731959,5104.485714,4.0,12.0,6.0,0.2,0.185567,55.657143,70.471429,76.0,58.983871,0.14433,0.357143,0.0,0.444444,0.5,0.083333,0.333333,0.6,0.285714,0.5,0.4,0.384615,0.222222,0.833333,0.2,0.125,0.0,0.0,0.333333,0.333333,0.333333,0.011268,-54.0
user_0068,Madrid,sports_travel_premium,37.0,9.0,0.243243,2274.621622,4872.555556,3.0,6.0,5.0,0.111111,0.243243,68.222222,77.555556,80.0,56.0,0.081081,0.666667,0.0,0.428571,0.384615,0.1,0.0,0.0,0.0,0.666667,1.0,0.5,0.25,0.428571,0.0,0.2,0.0,0.0,0.0,0.0,0.0,77.0,22.0,0.285714,2621.246753,5650.136364,4.0,8.0,6.0,0.181818,0.246753,57.272727,75.545455,80.5,53.990909,0.142857,0.454545,0.0,0.352941,0.5,0.142857,0.066667,0.0,0.0,0.5,0.5,0.6,0.285714,0.583333,0.25,0.222222,0.0,0.0,0.0,0.0,0.2,-0.042471,-40.0
user_0069,Madrid,sports_travel_premium,53.0,24.0,0.45283,3267.113208,5526.625,4.0,10.0,5.0,0.041667,0.188679,57.166667,70.375,72.5,60.103448,0.132075,0.285714,0.0,0.272727,0.590909,0.545455,0.222222,0.333333,0.4,0.0,0.0,0.666667,0.75,0.444444,0.5,0.5,1.0,0.0,0.25,0.25,0.0,104.0,49.0,0.471154,3278.971154,5293.979592,4.0,13.0,6.0,0.081633,0.144231,61.428571,74.816327,77.0,57.527273,0.144231,0.533333,0.0,0.25,0.714286,0.4,0.230769,0.333333,0.272727,0.333333,0.0,0.761905,0.875,0.538462,0.4,0.5,0.5,0.2,0.166667,0.25,0.333333,-0.018324,-51.0
user_0070,Valencia,sports_travel_premium,47.0,25.0,0.531915,3411.510638,5013.92,4.0,10.0,6.0,0.16,0.212766,58.8,70.78,81.0,51.068182,0.085106,1.0,0.0,0.222222,0.8,0.333333,0.444444,0.0,1.0,0.0,0.333333,0.857143,0.666667,0.857143,0.5,0.333333,0.0,1.0,0.333333,0.75,0.0,97.0,46.0,0.474227,3380.082474,5386.5,4.0,13.0,6.0,0.173913,0.185567,56.391304,70.945652,77.5,52.166667,0.123711,0.666667,0.0,0.28,0.742857,0.428571,0.25,0.333333,0.2,0.222222,0.4,0.818182,0.714286,0.705882,0.5,0.6,0.142857,0.666667,0.25,0.5,0.0,0.057688,-50.0
user_0071,Malaga,sports_travel_premium,44.0,15.0,0.340909,3219.659091,6452.4,4.0,7.0,6.0,0.066667,0.068182,48.666667,66.2,69.0,52.965517,0.227273,0.2,0.0,0.307692,0.5,0.222222,0.3,0.0,1.0,0.4,0.0,0.0,0.0,0.75,0.333333,0.0,0.0,0.5,0.0,0.4,1.0,77.0,25.0,0.324675,3012.12987,6145.36,4.0,12.0,6.0,0.08,0.103896,49.08,69.28,74.0,50.384615,0.194805,0.266667,0.0,0.347826,0.578947,0.157895,0.1875,0.166667,0.4,0.5,0.25,0.25,0.5,0.692308,0.2,0.0,0.166667,0.25,0.0,0.285714,0.333333,0.016234,-33.0
user_0072,Bilbao,sports_travel_premium,24.0,13.0,0.541667,2994.291667,4617.307692,4.0,7.0,4.0,0.0,0.0,52.307692,73.538462,85.0,56.090909,0.083333,0.5,0.0,0.2,0.727273,1.0,0.2,0.0,0.0,0.5,0.0,0.714286,0.75,0.0,1.0,0.0,1.0,1.0,0.0,0.0,1.0,61.0,20.0,0.327869,2529.672131,4873.7,4.0,8.0,6.0,0.15,0.131148,57.6,73.95,77.5,53.256098,0.098361,0.5,0.0,0.142857,0.545455,0.416667,0.076923,0.0,0.0,0.333333,0.0,0.6,0.75,0.0,1.0,0.5,0.2,0.5,0.0,0.0,0.25,0.213798,-37.0
user_0073,Barcelona,sports_travel_premium,35.0,19.0,0.542857,3407.657143,5231.842105,3.0,7.0,6.0,0.157895,0.2,46.315789,84.315789,85.0,57.78125,0.171429,0.833333,0.0,0.666667,0.736842,0.142857,0.0,1.0,0.5,0.666667,0.0,0.666667,1.0,0.714286,0.0,0.0,0.0,1.0,0.0,0.0,0.0,75.0,38.0,0.506667,3282.293333,5199.763158,4.0,9.0,6.0,0.184211,0.226667,46.710526,80.236842,85.0,52.716216,0.16,0.666667,0.0,0.461538,0.756757,0.1,0.2,0.75,0.25,0.666667,0.0,0.615385,0.818182,0.846154,0.0,0.0,0.0,0.5,0.166667,0.0,0.666667,0.03619,-40.0
user_0074,Barcelona,sports_travel_premium,39.0,21.0,0.538462,3397.051282,5271.238095,3.0,9.0,6.0,0.285714,0.205128,61.380952,69.47619,70.0,51.0,0.153846,0.333333,0.0,0.4375,0.818182,0.5,0.0,0.666667,0.333333,0.5,0.333333,1.0,1.0,0.6,0.6,1.0,0.0,0.0,0.0,0.0,0.0,75.0,38.0,0.506667,3120.56,4880.315789,3.0,11.0,6.0,0.263158,0.186667,63.921053,67.315789,69.5,51.081081,0.16,0.416667,0.0,0.423077,0.782609,0.473684,0.0,0.6,0.375,0.6,0.25,1.0,0.777778,0.625,0.375,0.666667,0.6,0.333333,0.0,0.0,0.0,0.031795,-36.0
user_0075,Madrid,sports_travel_premium,37.0,21.0,0.567568,3900.162162,5534.0,4.0,9.0,6.0,0.285714,0.216216,58.714286,77.380952,86.0,55.375,0.135135,0.4,0.0,0.357143,0.923077,0.375,0.5,0.0,0.333333,0.5,0.666667,1.0,0.5,1.0,0.5,0.333333,0.0,0.0,0.0,0.0,0.5,77.0,39.0,0.506494,3660.064935,5646.512821,4.0,13.0,6.0,0.25641,0.207792,59.307692,70.666667,72.0,60.0,0.12987,0.5,0.0,0.44,0.666667,0.375,0.333333,0.25,0.571429,0.4,0.6,0.692308,0.625,0.666667,0.4,0.25,0.5,0.333333,1.0,0.0,0.25,0.061074,-40.0
user_0076,Barcelona,sports_travel_premium,45.0,12.0,0.266667,2728.777778,6591.833333,3.0,7.0,6.0,0.166667,0.2,52.333333,68.916667,64.0,53.606061,0.177778,0.5,0.0,0.181818,0.5,0.285714,0.0,0.0,0.0,0.333333,0.166667,0.5,1.0,0.333333,0.0,0.5,0.0,0.666667,0.0,0.0,0.0,92.0,35.0,0.380435,3058.684783,5896.285714,4.0,10.0,6.0,0.2,0.206522,53.285714,75.542857,78.0,56.035088,0.130435,0.416667,0.0,0.230769,0.666667,0.272727,0.090909,0.333333,0.5,0.111111,0.2,0.727273,0.666667,0.625,0.0,0.666667,0.0,0.5,0.0,0.0,0.5,-0.113768,-47.0
user_0077,Bilbao,sports_travel_premium,54.0,26.0,0.481481,3078.555556,4832.884615,4.0,9.0,6.0,0.192308,0.185185,59.0,77.846154,83.0,56.517857,0.092593,0.2,0.0,0.333333,0.692308,0.25,0.285714,0.2,0.5,0.0,0.5,0.555556,0.833333,0.727273,0.0,0.75,0.0,0.0,0.0,1.0,0.333333,97.0,46.0,0.474227,3379.391753,5441.847826,4.0,13.0,6.0,0.23913,0.226804,57.956522,73.956522,80.5,55.22549,0.092784,0.444444,0.0,0.421053,0.675,0.28,0.307692,0.333333,0.5,0.5,0.4,0.615385,0.777778,0.666667,0.2,0.625,0.333333,0.0,0.2,0.666667,0.2,0.007255,-43.0
user_0078,Sevilla,sports_travel_premium,36.0,16.0,0.444444,3583.361111,5984.0625,4.0,9.0,6.0,0.1875,0.222222,66.8125,72.0625,81.0,44.175,0.027778,0.0,0.0,0.333333,0.818182,0.2,0.272727,0.0,1.0,1.0,0.333333,1.0,0.5,1.0,0.0,0.0,0.0,0.5,0.0,0.4,0.5,61.0,24.0,0.393443,3222.131148,5733.0,4.0,10.0,6.0,0.208333,0.196721,62.333333,76.125,84.0,52.202703,0.016393,0.0,0.0,0.2,0.64,0.25,0.230769,0.0,0.5,0.333333,0.333333,0.875,0.5,0.571429,0.0,0.5,0.0,0.333333,0.0,0.4,0.25,0.051002,-25.0
user_0079,Sevilla,arts_culture_local,45.0,16.0,0.355556,3346.488889,5963.625,3.0,10.0,5.0,0.1875,0.155556,54.5625,44.53125,44.0,60.051724,0.377778,0.529412,3.0,0.352941,0.0,0.5,0.428571,0.25,0.285714,0.5,0.5,0.0,0.0,0.0,0.666667,0.25,0.4,1.0,0.666667,0.5,0.0,89.0,30.0,0.337079,3268.067416,6275.0,4.0,11.0,6.0,0.2,0.202247,56.6,44.583333,44.0,54.161017,0.337079,0.466667,3.0,0.233333,0.083333,0.586207,0.277778,0.142857,0.3,0.25,0.222222,0.0,0.0,0.333333,0.8,0.333333,0.5,0.833333,0.5,0.285714,0.0,0.018477,-44.0
user_0080,Sevilla,arts_culture_local,48.0,20.0,0.416667,3409.375,5877.1,3.0,8.0,5.0,0.25,0.1875,52.6,48.625,49.0,51.589286,0.333333,0.5625,0.0,0.3,0.0,0.7,0.25,0.0,0.0,0.25,1.0,0.0,0.0,0.0,0.6,0.714286,0.5,1.0,0.0,0.5,0.2,92.0,37.0,0.402174,3499.413043,6244.108108,4.0,11.0,6.0,0.324324,0.217391,56.513514,50.337838,49.0,52.036364,0.315217,0.551724,0.0,0.304348,0.166667,0.648649,0.2,0.166667,0.142857,0.4,0.6,0.0,0.333333,0.0,0.625,0.636364,0.555556,0.777778,0.0,0.333333,0.222222,0.014493,-44.0
user_0081,Malaga,arts_culture_local,36.0,13.0,0.361111,3498.638889,6556.692308,4.0,8.0,6.0,0.153846,0.194444,44.692308,51.153846,44.0,55.434783,0.333333,0.416667,0.0,0.25,0.4,0.4375,0.333333,0.0,0.0,0.5,0.285714,0.5,0.0,1.0,0.5,0.0,0.8,0.5,0.0,1.0,0.0,76.0,32.0,0.421053,3606.947368,6219.0625,4.0,12.0,6.0,0.15625,0.184211,55.40625,47.96875,44.5,54.181818,0.263158,0.5,0.0,0.333333,0.25,0.5625,0.333333,0.333333,0.2,0.666667,0.307692,0.2,0.0,1.0,0.8,0.4,0.714286,0.5,0.6,0.333333,0.0,-0.059942,-40.0
user_0082,Barcelona,arts_culture_local,36.0,17.0,0.472222,3634.222222,5660.470588,3.0,9.0,6.0,0.352941,0.25,62.352941,54.058824,47.0,50.157895,0.194444,0.285714,0.0,0.3,0.4,0.8,0.0,0.25,0.0,0.5,0.333333,0.0,0.5,0.5,0.666667,1.0,0.666667,1.0,0.0,0.0,0.0,95.0,35.0,0.368421,3189.242105,5775.314286,4.0,12.0,6.0,0.314286,0.221053,53.742857,48.514286,45.0,48.225,0.189474,0.222222,0.0,0.285714,0.2,0.558824,0.26087,0.272727,0.285714,0.5,0.25,0.0,0.2,0.333333,0.545455,0.777778,0.333333,0.6,0.0,0.571429,0.181818,0.103801,-59.0
user_0083,Valencia,arts_culture_local,35.0,15.0,0.428571,4025.771429,6937.0,4.0,8.0,6.0,0.133333,0.142857,60.333333,50.6,48.0,48.325,0.257143,0.333333,0.0,0.4,0.4,0.5,0.2,0.5,1.0,0.0,0.0,0.0,0.4,0.0,0.2,0.666667,0.6,0.571429,0.333333,0.0,0.0,74.0,29.0,0.391892,3555.324324,6321.793103,4.0,9.0,6.0,0.137931,0.175676,59.827586,47.396552,45.0,52.766667,0.283784,0.285714,0.0,0.214286,0.181818,0.583333,0.230769,0.666667,0.25,0.0,0.0,0.0,0.25,0.0,0.333333,0.714286,0.714286,0.615385,0.4,0.0,0.166667,0.03668,-39.0
user_0084,Valencia,arts_culture_local,54.0,24.0,0.444444,3621.740741,6269.333333,3.0,11.0,6.0,0.125,0.111111,49.458333,45.9375,42.5,51.966667,0.222222,0.416667,0.0,0.294118,0.0,0.583333,0.5,0.5,0.25,0.25,0.333333,0.0,0.0,0.0,0.666667,0.6,0.5,0.5,0.25,0.6,1.0,93.0,42.0,0.451613,3726.655914,6311.619048,3.0,11.0,6.0,0.095238,0.107527,57.357143,47.202381,46.0,51.823529,0.225806,0.428571,0.0,0.375,0.0,0.6,0.428571,0.571429,0.166667,0.333333,0.428571,0.0,0.0,0.0,0.727273,0.777778,0.444444,0.454545,0.4,0.6,0.25,-0.007168,-39.0
user_0085,Madrid,arts_culture_local,41.0,19.0,0.463415,3625.195122,5771.263158,3.0,8.0,5.0,0.210526,0.195122,72.368421,41.210526,38.0,57.5,0.04878,0.0,0.0,0.142857,0.0,0.722222,0.5,0.0,0.0,0.0,0.333333,0.0,0.0,0.0,0.4,1.0,1.0,0.5,0.5,0.5,0.5,81.0,35.0,0.432099,3597.308642,5946.428571,3.0,11.0,6.0,0.2,0.234568,68.428571,41.785714,42.0,54.152174,0.148148,0.416667,0.0,0.307692,0.0,0.594595,0.45,1.0,0.2,0.5,0.2,0.0,0.0,0.0,0.5,0.714286,0.727273,0.444444,0.6,0.333333,0.5,0.031316,-40.0
user_0086,Bilbao,arts_culture_local,25.0,10.0,0.4,3836.2,7173.6,3.0,6.0,6.0,0.3,0.12,56.2,52.1,44.5,52.666667,0.24,0.333333,1.0,0.0,0.333333,0.636364,0.25,0.0,0.0,0.0,0.0,0.0,0.0,1.0,1.0,0.5,0.666667,0.666667,0.0,1.0,0.0,66.0,32.0,0.484848,4015.060606,6606.65625,4.0,11.0,6.0,0.375,0.242424,64.21875,45.8125,42.0,57.294118,0.272727,0.555556,1.0,0.222222,0.230769,0.657143,0.444444,0.25,0.5,0.0,0.0,0.2,0.0,0.666667,0.875,0.625,0.636364,0.5,0.25,0.666667,0.5,-0.084848,-41.0
user_0087,Malaga,arts_culture_local,40.0,18.0,0.45,3935.925,6613.777778,4.0,10.0,6.0,0.333333,0.25,58.444444,50.333333,45.5,54.954545,0.325,0.307692,0.0,0.625,0.125,0.578947,0.2,1.0,1.0,0.333333,0.666667,1.0,0.0,0.0,0.666667,0.75,0.5,0.5,0.0,0.0,0.333333,76.0,25.0,0.328947,3349.578947,6586.04,4.0,10.0,6.0,0.28,0.197368,54.52,48.92,44.0,50.039216,0.236842,0.277778,0.0,0.333333,0.083333,0.485714,0.142857,1.0,0.25,0.25,0.333333,0.5,0.0,0.0,0.333333,0.714286,0.555556,0.384615,0.0,0.0,0.4,0.121053,-36.0
user_0088,Malaga,arts_culture_local,44.0,20.0,0.454545,3781.909091,5948.15,4.0,8.0,5.0,0.4,0.272727,46.75,48.75,49.0,51.125,0.272727,0.25,0.0,0.555556,0.25,0.5,0.2,0.0,1.0,0.8,0.0,0.5,0.0,0.0,0.5,0.25,0.666667,0.545455,0.0,0.0,1.0,88.0,38.0,0.431818,3829.943182,6329.184211,4.0,10.0,6.0,0.315789,0.215909,46.894737,47.947368,49.5,56.29,0.25,0.363636,0.0,0.368421,0.083333,0.581395,0.357143,0.0,0.666667,0.625,0.0,0.333333,0.0,0.0,0.583333,0.583333,0.6,0.571429,0.333333,0.25,0.5,0.022727,-44.0
user_0089,Sevilla,arts_culture_local,24.0,9.0,0.375,3391.375,6383.333333,3.0,5.0,6.0,0.111111,0.208333,36.555556,42.222222,42.0,50.933333,0.25,0.5,1.0,0.125,0.0,0.666667,0.333333,0.0,0.5,0.0,0.0,0.0,0.0,0.0,0.666667,0.75,0.0,0.5,1.0,0.0,0.0,64.0,25.0,0.390625,3431.640625,6183.36,4.0,10.0,6.0,0.2,0.265625,53.6,48.56,47.0,51.871795,0.25,0.4375,1.0,0.263158,0.166667,0.607143,0.181818,0.222222,0.5,0.2,0.333333,0.0,0.0,0.5,0.8,0.461538,0.75,0.666667,0.5,0.0,0.0,-0.015625,-40.0
user_0090,Bilbao,arts_culture_local,33.0,13.0,0.393939,3220.242424,5242.0,4.0,10.0,6.0,0.230769,0.121212,49.615385,46.961538,45.0,60.15,0.333333,0.545455,0.0,0.25,0.333333,0.454545,0.75,0.0,1.0,0.0,0.0,0.0,0.5,0.5,0.25,0.5,1.0,0.333333,0.5,1.0,1.0,77.0,31.0,0.402597,3096.311688,5236.354839,4.0,12.0,6.0,0.16129,0.142857,51.548387,45.66129,45.0,59.130435,0.311688,0.458333,0.0,0.285714,0.181818,0.52,0.615385,0.0,0.8,0.111111,0.428571,0.0,0.25,0.333333,0.333333,0.6,0.625,0.5,0.833333,0.25,0.666667,-0.008658,-44.0
user_0091,Bilbao,arts_culture_local,52.0,25.0,0.480769,3901.384615,6448.8,3.0,7.0,6.0,0.12,0.096154,58.92,47.32,47.0,51.074074,0.403846,0.52381,0.0,0.5,0.0,0.655172,0.2,0.0,0.75,0.5,0.0,0.0,0.0,0.0,0.6,0.8,0.6,0.75,0.0,0.285714,0.0,101.0,42.0,0.415842,3614.861386,6330.547619,4.0,10.0,6.0,0.095238,0.09901,60.833333,47.428571,47.0,49.644068,0.356436,0.472222,0.0,0.333333,0.111111,0.553571,0.222222,0.2,0.666667,0.333333,0.0,0.0,0.5,0.0,0.4,0.615385,0.571429,0.777778,0.166667,0.375,0.0,0.064928,-49.0
user_0092,Barcelona,arts_culture_local,45.0,21.0,0.466667,4230.244444,7052.666667,4.0,9.0,6.0,0.285714,0.244444,70.238095,45.47619,42.0,46.895833,0.222222,0.5,0.0,0.555556,0.4,0.55,0.272727,0.0,0.4,0.0,0.75,0.0,0.666667,0.0,0.571429,0.4,0.8,0.333333,0.25,0.0,0.4,97.0,42.0,0.43299,3991.350515,6907.119048,4.0,11.0,6.0,0.285714,0.268041,61.97619,45.928571,43.0,49.709091,0.237113,0.391304,0.0,0.4,0.2,0.634146,0.190476,0.5,0.454545,0.0,0.428571,0.0,0.333333,0.0,0.636364,0.454545,0.857143,0.666667,0.142857,0.25,0.2,0.033677,-52.0
user_0093,Madrid,arts_culture_local,33.0,20.0,0.606061,4576.666667,6447.4,3.0,9.0,6.0,0.15,0.151515,42.35,48.6,45.0,48.5,0.30303,0.7,0.0,0.625,0.666667,0.8125,0.0,1.0,0.666667,0.333333,0.0,0.0,1.0,1.0,1.0,0.333333,0.833333,1.0,0.0,0.0,0.0,64.0,33.0,0.515625,4113.75,6457.69697,4.0,11.0,6.0,0.272727,0.234375,47.636364,49.969697,45.0,47.290323,0.25,0.625,0.0,0.5,0.375,0.741935,0.076923,0.75,0.5,0.25,0.0,0.333333,0.333333,0.5,0.6,0.666667,0.818182,0.777778,0.0,0.142857,0.0,0.090436,-31.0
user_0094,Barcelona,arts_culture_local,32.0,17.0,0.53125,4255.53125,6407.529412,4.0,8.0,6.0,0.058824,0.15625,64.058824,54.705882,51.0,60.733333,0.21875,0.714286,0.0,0.5,0.25,0.722222,0.25,0.0,0.5,0.0,0.0,0.333333,0.333333,0.0,1.0,0.833333,0.2,1.0,0.0,0.5,0.0,70.0,33.0,0.471429,3857.057143,6263.606061,4.0,11.0,6.0,0.151515,0.214286,57.484848,51.636364,50.0,60.5,0.228571,0.5625,0.0,0.375,0.125,0.8,0.125,0.333333,0.2,0.333333,1.0,0.2,0.166667,0.0,1.0,0.875,0.444444,1.0,0.0,0.333333,0.0,0.059821,-38.0
user_0095,Madrid,arts_culture_local,40.0,15.0,0.375,2930.35,4922.333333,4.0,8.0,5.0,0.2,0.15,67.866667,46.2,46.0,58.04,0.225,0.333333,0.0,0.375,0.142857,0.47619,0.25,0.0,0.0,0.5,0.5,0.5,0.0,0.0,0.5,0.5,0.428571,0.5,0.0,0.25,0.0,83.0,36.0,0.433735,2994.650602,4762.25,4.0,11.0,6.0,0.166667,0.13253,65.194444,51.638889,46.0,54.819149,0.337349,0.357143,0.0,0.533333,0.315789,0.525,0.111111,0.8,0.0,0.333333,0.6,0.4,0.111111,0.6,0.571429,0.625,0.466667,0.5,0.0,0.2,0.0,-0.058735,-43.0
user_0096,Madrid,arts_culture_local,38.0,17.0,0.447368,3677.789474,6321.823529,3.0,8.0,6.0,0.176471,0.157895,49.647059,57.235294,54.0,53.0,0.210526,0.5,1.0,0.3,0.333333,0.666667,0.0,0.0,1.0,1.0,0.0,1.0,0.333333,0.0,1.0,0.5,0.5,0.8,0.0,0.0,0.0,73.0,31.0,0.424658,3790.958904,6561.741935,4.0,11.0,6.0,0.225806,0.136986,49.451613,54.741935,54.0,55.607143,0.219178,0.5,1.0,0.35,0.181818,0.636364,0.111111,0.25,0.5,0.5,0.166667,0.333333,0.25,0.0,0.714286,0.538462,0.4,0.875,0.0,0.333333,0.0,0.022711,-35.0
user_0097,Malaga,arts_culture_local,42.0,18.0,0.428571,3694.97619,6465.333333,3.0,7.0,6.0,0.277778,0.214286,52.055556,41.444444,44.0,55.1875,0.285714,0.5,0.0,0.384615,0.0,0.545455,0.25,0.75,0.5,0.0,0.0,0.0,0.0,0.0,0.375,0.25,0.75,0.833333,0.0,0.0,0.333333,93.0,33.0,0.354839,3183.55914,6034.454545,3.0,10.0,6.0,0.30303,0.236559,53.212121,39.363636,42.0,54.75,0.268817,0.4,0.0,0.241379,0.0,0.542857,0.368421,0.4,0.333333,0.0,0.125,0.0,0.0,0.0,0.5,0.375,0.833333,0.555556,0.4,0.375,0.333333,0.073733,-51.0
user_0098,Valencia,arts_culture_local,35.0,22.0,0.628571,4910.571429,6885.181818,4.0,10.0,6.0,0.227273,0.257143,51.5,45.181818,40.0,60.692308,0.342857,0.5,0.0,0.375,0.25,0.75,0.857143,0.0,0.333333,0.5,0.5,1.0,0.0,0.0,0.75,0.333333,0.75,1.0,1.0,0.8,0.0,73.0,39.0,0.534247,4318.547945,6738.897436,4.0,12.0,6.0,0.179487,0.219178,52.974359,43.948718,43.0,57.352941,0.30137,0.409091,0.0,0.375,0.125,0.666667,0.615385,0.333333,0.2,0.25,0.75,0.5,0.0,0.0,0.7,0.444444,0.857143,0.7,0.75,0.571429,0.5,0.094325,-38.0
user_0099,Barcelona,arts_culture_local,50.0,21.0,0.42,3769.62,6266.285714,3.0,9.0,6.0,0.095238,0.18,53.285714,42.928571,43.0,53.965517,0.22,0.272727,0.0,0.375,0.0,0.619048,0.222222,0.666667,0.4,0.0,0.666667,0.0,0.0,0.0,0.6,0.2,0.714286,1.0,0.333333,0.5,0.0,93.0,34.0,0.365591,3623.946237,6562.617647,3.0,9.0,6.0,0.088235,0.172043,49.352941,44.75,45.0,54.186441,0.225806,0.333333,0.0,0.3125,0.0,0.594595,0.125,0.666667,0.272727,0.0,0.428571,0.0,0.0,0.0,0.636364,0.363636,0.666667,0.833333,0.25,0.333333,0.0,0.054409,-43.0
user_0100,Valencia,arts_culture_local,42.0,20.0,0.47619,3459.404762,5535.2,3.0,10.0,6.0,0.3,0.214286,57.65,57.75,52.0,51.227273,0.333333,0.428571,0.0,0.416667,0.5,0.631579,0.0,0.0,0.333333,0.6,0.5,0.333333,0.5,1.0,0.5,0.833333,0.4,1.0,0.0,0.0,0.0,86.0,35.0,0.406977,3146.686047,5504.2,4.0,12.0,6.0,0.171429,0.186047,55.571429,51.828571,50.0,51.529412,0.290698,0.4,0.0,0.45,0.272727,0.465116,0.25,0.0,0.25,0.428571,0.714286,0.166667,0.333333,0.5,0.428571,0.583333,0.3,0.571429,0.4,0.166667,0.0,0.069214,-44.0
user_0101,Sevilla,arts_culture_local,46.0,21.0,0.456522,3901.304348,6403.047619,4.0,10.0,6.0,0.380952,0.26087,55.904762,54.333333,49.0,57.12,0.217391,0.4,0.0,0.470588,0.285714,0.588235,0.2,0.25,0.4,0.333333,0.8,0.5,0.0,0.0,0.5,0.75,0.75,0.4,0.5,0.0,0.0,84.0,33.0,0.392857,3697.452381,6605.0,4.0,11.0,6.0,0.242424,0.190476,56.424242,53.636364,47.0,55.156863,0.25,0.333333,0.0,0.461538,0.230769,0.5,0.153846,0.333333,0.333333,0.5,0.666667,0.285714,0.0,0.25,0.6,0.6,0.5,0.363636,0.5,0.0,0.0,0.063665,-38.0
user_0102,Malaga,arts_culture_local,41.0,18.0,0.439024,3486.341463,6116.166667,3.0,9.0,6.0,0.277778,0.243902,62.611111,44.111111,45.0,60.26087,0.243902,0.6,0.0,0.375,0.0,0.684211,0.333333,0.0,0.25,1.0,0.5,0.0,0.0,0.0,0.8,0.333333,0.833333,0.6,0.5,0.5,0.0,81.0,28.0,0.345679,3070.703704,6051.107143,3.0,9.0,6.0,0.321429,0.222222,61.5,45.892857,46.0,54.018868,0.197531,0.4375,0.0,0.222222,0.0,0.636364,0.1875,0.0,0.285714,0.5,0.25,0.0,0.0,0.0,0.636364,0.5,0.666667,0.714286,0.142857,0.4,0.0,0.093345,-40.0
user_0103,Madrid,arts_culture_local,33.0,13.0,0.393939,3851.030303,6871.153846,4.0,7.0,6.0,0.307692,0.212121,42.153846,49.461538,43.0,50.05,0.30303,0.1,0.0,0.125,0.5,0.461538,0.5,0.5,0.0,0.0,0.0,0.0,1.0,0.0,0.333333,1.0,0.333333,0.0,0.666667,1.0,0.0,71.0,33.0,0.464789,4030.042254,6641.484848,4.0,9.0,6.0,0.333333,0.225352,47.121212,48.333333,47.0,53.157895,0.366197,0.423077,0.0,0.133333,0.363636,0.606061,0.583333,0.333333,0.0,0.0,0.2,0.0,1.0,0.0,0.25,1.0,0.5,0.666667,0.666667,1.0,0.0,-0.070849,-38.0
user_0104,Valencia,arts_culture_local,42.0,18.0,0.428571,3784.261905,6662.055556,3.0,7.0,5.0,0.222222,0.166667,51.944444,50.833333,46.5,48.208333,0.261905,0.363636,0.0,0.571429,0.25,0.5625,0.0,1.0,0.857143,0.0,0.0,1.0,0.0,0.0,0.25,0.666667,0.4,1.0,0.0,0.0,0.0,86.0,38.0,0.44186,3805.267442,6797.078947,4.0,10.0,6.0,0.263158,0.209302,56.552632,48.934211,46.0,46.354167,0.22093,0.368421,0.0,0.363636,0.285714,0.65,0.117647,1.0,0.666667,0.0,0.0,0.5,0.0,0.333333,0.444444,0.818182,0.6,0.7,0.0,0.125,0.142857,-0.013289,-44.0
user_0105,Malaga,arts_culture_local,33.0,12.0,0.363636,3399.393939,6675.75,3.0,6.0,4.0,0.333333,0.181818,51.583333,45.833333,50.0,57.142857,0.181818,0.666667,0.0,0.111111,0.0,0.6,0.4,0.0,0.0,0.0,0.5,0.0,0.0,0.0,0.5,0.333333,0.5,0.75,1.0,0.0,0.0,59.0,23.0,0.389831,3334.576271,6175.782609,3.0,9.0,6.0,0.347826,0.186441,56.956522,43.5,47.0,54.319444,0.186441,0.545455,0.0,0.315789,0.0,0.590909,0.363636,0.5,0.0,0.2,0.666667,0.0,0.0,0.0,0.6,0.333333,0.6,0.666667,0.75,0.333333,0.0,-0.026194,-26.0
user_0106,Madrid,arts_culture_local,32.0,18.0,0.5625,4387.9375,6235.222222,4.0,8.0,6.0,0.444444,0.3125,69.944444,52.611111,55.5,49.357143,0.25,0.875,0.0,0.5,0.4,0.705882,0.333333,1.0,0.0,0.0,0.0,0.0,0.0,0.666667,0.333333,0.714286,0.5,1.0,0.5,0.0,0.5,81.0,40.0,0.493827,4252.259259,6678.3,4.0,12.0,6.0,0.275,0.17284,60.775,50.95,49.5,50.195122,0.271605,0.5,0.0,0.466667,0.25,0.619048,0.3125,0.4,0.666667,0.666667,0.25,0.0,0.0,0.666667,0.7,0.529412,0.6,0.7,0.5,0.2,0.285714,0.068673,-49.0
user_0107,Sevilla,arts_culture_local,53.0,23.0,0.433962,3618.849057,6363.73913,4.0,10.0,6.0,0.130435,0.132075,57.652174,50.434783,46.0,58.533333,0.339623,0.555556,0.0,0.538462,0.222222,0.5,0.285714,0.5,0.6,0.333333,0.666667,0.5,0.0,0.0,0.4,0.2,0.8,0.555556,0.666667,0.0,0.0,96.0,42.0,0.4375,3505.625,6000.619048,4.0,12.0,6.0,0.119048,0.166667,59.119048,49.035714,46.0,50.796296,0.28125,0.444444,0.0,0.473684,0.25,0.577778,0.2,0.666667,0.428571,0.2,0.75,0.4,0.2,0.0,0.428571,0.583333,0.7,0.5625,0.333333,0.0,0.166667,-0.003538,-43.0
user_0108,Bilbao,arts_culture_local,27.0,13.0,0.481481,3736.962963,5675.461538,3.0,7.0,5.0,0.384615,0.296296,68.769231,43.230769,50.0,55.357143,0.185185,0.6,0.0,0.571429,0.0,0.461538,0.6,1.0,1.0,0.333333,0.0,0.0,0.0,0.0,1.0,0.0,0.0,0.6,1.0,0.0,0.5,71.0,25.0,0.352113,3480.28169,6331.6,4.0,10.0,6.0,0.32,0.239437,62.84,44.96,48.0,52.228261,0.267606,0.368421,0.0,0.461538,0.125,0.384615,0.272727,0.5,1.0,0.25,0.25,0.0,0.0,0.25,0.75,0.0,0.083333,0.8,0.666667,0.0,0.2,0.129369,-44.0
user_0109,Sevilla,arts_culture_local,35.0,14.0,0.4,3321.8,5952.714286,4.0,9.0,5.0,0.0,0.028571,55.571429,51.357143,54.0,48.166667,0.257143,0.444444,0.0,0.333333,0.25,0.666667,0.2,0.5,0.333333,0.0,0.5,0.0,1.0,0.0,1.0,0.75,0.0,0.5,0.5,0.25,0.0,62.0,22.0,0.354839,3257.580645,6260.454545,4.0,10.0,6.0,0.090909,0.080645,52.045455,49.181818,48.0,50.2375,0.274194,0.470588,0.0,0.157895,0.333333,0.636364,0.2,0.5,0.166667,0.0,0.2,0.0,1.0,0.0,0.8,0.666667,0.8,0.333333,0.4,0.2,0.0,0.045161,-27.0
user_0110,Madrid,arts_culture_local,37.0,15.0,0.405405,3442.378378,6453.4,3.0,7.0,6.0,0.133333,0.189189,57.333333,42.666667,42.0,52.295455,0.378378,0.5,0.0,0.153846,0.0,0.714286,0.375,0.0,0.0,0.0,0.285714,0.0,0.0,0.0,1.0,0.5,0.5,0.75,0.333333,1.0,0.0,82.0,37.0,0.45122,3813.0,6626.621622,4.0,12.0,6.0,0.216216,0.207317,54.0,43.405405,42.0,52.277778,0.329268,0.444444,0.0,0.318182,0.125,0.666667,0.368421,0.4,0.25,0.333333,0.285714,0.0,0.5,0.0,0.8,0.555556,0.555556,0.8,0.142857,0.833333,0.166667,-0.045814,-45.0
user_0111,Valencia,arts_culture_local,40.0,16.0,0.4,3453.85,6428.9375,3.0,8.0,5.0,0.3125,0.2,46.875,41.25,37.5,59.083333,0.275,0.272727,0.0,0.25,0.0,0.526316,0.75,0.2,0.0,0.0,0.666667,0.0,0.0,0.0,0.571429,0.5,0.75,0.25,0.666667,1.0,0.0,81.0,36.0,0.444444,3807.0,6430.166667,4.0,11.0,6.0,0.222222,0.185185,51.166667,47.333333,43.0,58.177778,0.234568,0.315789,0.0,0.347826,0.090909,0.555556,0.636364,0.25,0.2,0.25,0.666667,0.0,0.0,0.333333,0.6,0.571429,0.5,0.5,0.5,1.0,0.0,-0.044444,-41.0
user_0112,Barcelona,arts_culture_local,45.0,21.0,0.466667,3834.133333,6163.142857,4.0,11.0,6.0,0.238095,0.2,47.047619,48.0,45.0,50.645833,0.244444,0.272727,4.0,0.461538,0.666667,0.555556,0.272727,1.0,0.333333,0.0,0.571429,0.5,0.0,1.0,0.75,0.333333,0.75,0.5,0.5,0.25,0.0,82.0,39.0,0.47561,3835.304878,6079.128205,4.0,11.0,6.0,0.153846,0.182927,49.641026,47.384615,48.0,52.186047,0.292683,0.333333,4.0,0.375,0.333333,0.685714,0.235294,0.666667,0.25,0.0,0.555556,0.25,0.0,0.5,0.857143,0.636364,0.625,0.666667,0.5,0.125,0.0,-0.008943,-37.0
user_0113,Malaga,arts_culture_local,42.0,18.0,0.428571,3865.357143,6933.444444,4.0,8.0,5.0,0.166667,0.166667,40.388889,47.194444,48.0,52.875,0.261905,0.363636,0.0,0.25,0.2,0.545455,0.428571,1.0,0.0,0.0,0.25,0.0,0.333333,0.0,0.833333,0.428571,0.0,0.8,0.333333,0.0,0.666667,71.0,30.0,0.422535,3687.591549,6654.666667,4.0,11.0,6.0,0.133333,0.126761,53.666667,50.05,49.5,50.036585,0.225352,0.4375,0.0,0.214286,0.25,0.588235,0.333333,1.0,0.0,0.2,0.166667,0.333333,0.333333,0.0,0.833333,0.666667,0.142857,0.666667,0.4,0.0,0.6,0.006036,-29.0
user_0114,Malaga,arts_culture_local,31.0,13.0,0.419355,3482.967742,6026.461538,4.0,8.0,6.0,0.153846,0.096774,65.384615,48.538462,45.0,55.611111,0.225806,0.428571,0.0,0.375,0.2,0.538462,0.4,0.5,0.0,0.0,0.333333,0.0,0.5,0.0,1.0,0.333333,0.0,1.0,0.0,0.5,0.5,68.0,31.0,0.455882,3743.205882,6189.741935,4.0,12.0,6.0,0.290323,0.191176,58.258065,49.725806,47.0,57.959459,0.176471,0.5,0.0,0.352941,0.181818,0.645161,0.333333,0.5,0.333333,0.2,0.333333,0.0,0.4,0.0,0.7,0.75,0.375,0.8,0.2,0.5,0.5,-0.036528,-37.0
user_0115,Sevilla,arts_culture_local,34.0,18.0,0.529412,3644.617647,5679.555556,2.0,6.0,6.0,0.166667,0.235294,55.111111,47.055556,48.5,52.0625,0.5,0.529412,0.0,0.333333,0.0,0.8,0.0,0.0,0.0,0.5,1.0,0.0,0.0,0.0,0.4,1.0,0.8,1.0,0.0,0.0,0.0,79.0,27.0,0.341772,2912.64557,5743.666667,3.0,8.0,6.0,0.148148,0.21519,52.481481,46.703704,47.0,54.230769,0.367089,0.344828,0.0,0.181818,0.0,0.628571,0.076923,0.0,0.166667,0.142857,1.0,0.0,0.0,0.0,0.363636,0.727273,0.857143,0.666667,0.25,0.0,0.0,0.18764,-45.0
user_0116,Barcelona,arts_culture_local,49.0,23.0,0.469388,4001.040816,6546.73913,4.0,9.0,6.0,0.304348,0.22449,55.130435,47.717391,45.0,48.480769,0.367347,0.611111,0.0,0.5,0.25,0.5,0.428571,0.5,0.833333,0.0,0.0,0.0,0.333333,0.0,0.5,1.0,0.166667,0.571429,0.666667,0.5,0.0,93.0,36.0,0.387097,3618.172043,6687.861111,4.0,11.0,6.0,0.222222,0.215054,58.111111,47.194444,45.5,47.45614,0.387097,0.5,0.0,0.37037,0.125,0.463415,0.352941,0.375,0.5,0.25,0.0,0.0,0.2,0.0,0.454545,1.0,0.333333,0.333333,0.428571,0.333333,0.25,0.082291,-44.0
user_0117,Sevilla,family_weekend_local,35.0,14.0,0.4,2783.085714,4565.071429,3.0,6.0,5.0,0.142857,0.228571,60.857143,36.321429,38.5,58.190476,0.171429,0.333333,0.0,0.444444,0.0,0.2,0.727273,0.75,0.5,0.0,0.0,0.0,0.0,0.0,0.0,0.0,0.0,0.333333,0.333333,1.0,0.666667,62.0,24.0,0.387097,2937.548387,5039.541667,4.0,10.0,6.0,0.083333,0.241935,53.833333,41.3125,39.5,52.381579,0.145161,0.444444,0.0,0.411765,0.125,0.25,0.571429,0.6,0.428571,0.0,0.333333,0.25,0.0,0.0,0.333333,0.0,0.333333,0.25,0.4,0.666667,0.5,0.012903,-27.0
user_0118,Malaga,family_weekend_local,34.0,9.0,0.264706,2585.735294,5598.333333,3.0,5.0,5.0,0.111111,0.205882,63.444444,35.833333,35.0,51.76,0.029412,0.0,0.0,0.166667,0.0,0.111111,0.5,0.0,0.0,0.0,1.0,0.0,0.0,0.0,0.0,0.0,0.0,0.333333,0.5,0.4,0.666667,77.0,26.0,0.337662,2761.363636,5291.730769,4.0,11.0,6.0,0.269231,0.246753,57.192308,38.942308,33.5,46.078431,0.025974,0.5,0.0,0.142857,0.25,0.238095,0.5,0.0,0.2,0.0,0.333333,0.2,0.0,0.5,0.2,0.2,0.166667,0.4,0.5,0.375,0.6,-0.072956,-43.0
user_0119,Barcelona,family_weekend_local,23.0,10.0,0.434783,3340.130435,5635.9,2.0,6.0,6.0,0.1,0.130435,44.1,40.65,39.0,48.153846,0.043478,0.0,0.0,0.0,0.0,0.363636,0.6,0.0,0.0,0.0,0.0,0.0,0.0,0.0,0.333333,0.5,0.0,0.25,1.0,0.6,0.333333,60.0,26.0,0.433333,3488.4,5943.038462,4.0,11.0,6.0,0.230769,0.216667,49.923077,39.730769,36.0,45.926471,0.066667,0.0,0.0,0.363636,0.333333,0.421053,0.481481,1.0,0.0,0.333333,0.5,0.0,1.0,0.0,0.428571,0.5,0.666667,0.2,0.666667,0.555556,0.222222,0.001449,-37.0
user_0120,Bilbao,family_weekend_local,29.0,10.0,0.344828,2979.172414,5556.0,3.0,5.0,5.0,0.3,0.275862,66.7,35.05,27.5,50.131579,0.103448,0.0,0.0,0.166667,0.2,0.0,0.615385,0.0,0.0,0.0,0.5,0.0,0.0,0.333333,0.0,0.0,0.0,0.0,0.5,0.5,1.0,65.0,25.0,0.384615,3046.784615,5372.44,4.0,9.0,5.0,0.24,0.230769,62.84,33.6,27.0,47.925,0.138462,0.444444,0.0,0.142857,0.222222,0.153846,0.655172,0.166667,0.0,0.0,0.333333,0.0,0.166667,0.333333,0.333333,0.0,0.0,0.5,0.666667,0.555556,0.75,-0.039788,-36.0
user_0121,Valencia,family_weekend_local,32.0,12.0,0.375,3313.75,6138.833333,4.0,8.0,5.0,0.333333,0.25,45.583333,39.958333,37.5,54.1,0.09375,0.333333,3.0,0.25,0.333333,0.25,0.5,0.0,0.5,0.0,0.0,0.0,0.5,0.5,0.5,0.0,1.0,0.0,0.75,0.428571,0.333333,61.0,22.0,0.360656,3271.098361,6158.5,4.0,9.0,5.0,0.272727,0.245902,53.136364,37.681818,34.0,53.153846,0.098361,0.5,3.0,0.25,0.272727,0.111111,0.625,0.0,0.5,0.333333,0.0,0.0,0.4,0.333333,0.166667,0.0,0.25,0.0,0.9,0.444444,0.4,0.014344,-29.0
user_0122,Madrid,family_weekend_local,47.0,17.0,0.361702,2930.468085,5649.647059,4.0,8.0,6.0,0.294118,0.148936,47.470588,36.147059,34.0,46.666667,0.06383,0.666667,1.0,0.125,0.2,0.294118,0.588235,0.0,0.0,0.0,0.25,0.0,0.0,0.333333,0.6,0.0,0.142857,0.333333,0.75,0.666667,0.428571,81.0,31.0,0.382716,2933.209877,5340.354839,4.0,12.0,6.0,0.354839,0.234568,56.741935,40.548387,37.0,49.27,0.08642,0.714286,1.0,0.1875,0.3,0.354839,0.583333,0.166667,0.0,0.5,0.25,0.0,0.666667,0.166667,0.625,0.2,0.285714,0.25,0.625,0.625,0.5,-0.021014,-34.0
user_0123,Sevilla,family_weekend_local,39.0,20.0,0.512821,3292.179487,4992.3,3.0,9.0,6.0,0.35,0.25641,54.2,37.3,36.0,47.289474,0.051282,0.0,0.0,0.5,0.0,0.5,0.615385,1.0,0.666667,0.0,0.5,0.0,0.0,0.0,0.666667,0.0,0.333333,0.75,0.75,0.5,0.6,74.0,30.0,0.405405,2997.594595,5207.466667,3.0,10.0,6.0,0.366667,0.243243,59.4,36.433333,35.0,51.647727,0.081081,0.5,0.0,0.277778,0.0,0.434783,0.576923,0.25,0.4,0.0,0.5,0.0,0.0,0.0,0.8,0.166667,0.285714,0.6,0.636364,0.5,0.571429,0.107415,-35.0
user_0124,Sevilla,family_weekend_local,47.0,19.0,0.404255,3228.319149,5596.263158,4.0,8.0,5.0,0.157895,0.148936,57.368421,41.078947,37.0,51.482143,0.06383,0.666667,0.0,0.428571,0.125,0.416667,0.5,0.5,0.5,0.5,0.0,0.0,0.0,0.142857,0.25,0.0,0.666667,0.0,0.625,0.555556,0.0,84.0,28.0,0.333333,2887.845238,5615.964286,4.0,10.0,6.0,0.142857,0.178571,57.0,42.732143,38.0,53.866071,0.047619,0.75,0.0,0.352941,0.058824,0.368421,0.451613,0.4,0.5,0.4,0.0,0.0,0.0,0.111111,0.166667,0.0,0.625,0.5,0.545455,0.4375,0.25,0.070922,-37.0
user_0125,Malaga,family_weekend_local,35.0,9.0,0.257143,3042.685714,6980.888889,3.0,5.0,4.0,0.555556,0.171429,57.222222,38.444444,36.0,46.230769,0.0,0.0,6.0,0.333333,0.0,0.083333,0.428571,0.25,0.0,1.0,0.0,0.0,0.0,0.0,0.0,0.0,0.0,0.2,0.0,0.285714,0.666667,75.0,25.0,0.333333,3413.6,6748.88,3.0,10.0,6.0,0.36,0.2,53.92,38.46,36.0,44.55,0.04,0.0,6.0,0.388889,0.0,0.142857,0.483871,0.25,0.4,0.5,0.666667,0.0,0.0,0.0,0.0,0.333333,0.142857,0.166667,0.454545,0.363636,0.666667,-0.07619,-40.0
user_0126,Sevilla,family_weekend_local,37.0,13.0,0.351351,2861.72973,5268.076923,4.0,8.0,4.0,0.0,0.081081,52.384615,38.423077,37.0,55.979167,0.108108,0.5,0.0,0.285714,0.142857,0.363636,0.5,0.0,1.0,0.5,0.0,0.0,0.333333,0.0,0.5,0.0,0.666667,0.0,0.5,0.5,0.5,72.0,26.0,0.361111,2865.013889,5049.461538,4.0,12.0,6.0,0.115385,0.166667,57.576923,37.961538,36.0,56.880435,0.097222,0.714286,0.0,0.1875,0.142857,0.421053,0.565217,0.142857,0.25,0.333333,0.0,0.0,0.333333,0.2,0.6,0.166667,0.5,0.5,0.666667,0.5,0.538462,-0.00976,-35.0
user_0127,Sevilla,family_weekend_local,53.0,22.0,0.415094,2891.0,4914.363636,4.0,10.0,6.0,0.136364,0.207547,55.727273,39.454545,36.0,52.403226,0.056604,0.333333,0.0,0.333333,0.166667,0.4375,0.5625,0.4,0.4,0.25,0.0,0.0,0.166667,0.0,0.25,0.0,0.8,1.0,0.333333,0.6,0.8,88.0,38.0,0.431818,2860.75,4608.921053,4.0,11.0,6.0,0.184211,0.238636,53.921053,37.026316,35.5,49.19,0.068182,0.333333,0.0,0.227273,0.25,0.363636,0.638889,0.285714,0.333333,0.166667,0.0,0.0,0.166667,1.0,0.333333,0.0,0.571429,1.0,0.5,0.777778,0.647059,-0.016724,-35.0
user_0128,Madrid,family_weekend_local,38.0,13.0,0.342105,2829.026316,5247.307692,3.0,5.0,6.0,0.384615,0.236842,79.846154,33.961538,26.0,53.66,0.052632,1.0,0.0,0.0,0.25,0.2,0.529412,0.0,0.0,0.0,0.0,0.0,0.25,0.333333,0.0,0.0,1.0,0.0,0.0,0.4,0.777778,80.0,27.0,0.3375,2693.55,5149.962963,4.0,9.0,6.0,0.259259,0.1875,67.666667,41.722222,37.0,51.669811,0.075,0.333333,0.0,0.076923,0.307692,0.32,0.482759,0.0,0.0,0.0,0.25,0.0,0.285714,0.5,0.333333,0.333333,0.6,0.0,0.166667,0.363636,0.75,0.004605,-42.0
user_0129,Barcelona,family_weekend_local,40.0,12.0,0.3,2136.35,4603.916667,3.0,7.0,5.0,0.333333,0.225,60.083333,41.083333,39.0,55.25,0.125,0.6,0.0,0.3,0.0,0.333333,0.5,0.0,0.333333,0.333333,0.5,0.0,0.0,0.0,0.0,0.0,0.4,0.75,0.5,0.0,0.6,90.0,30.0,0.333333,2504.711111,4993.166667,3.0,10.0,6.0,0.433333,0.266667,67.766667,38.233333,38.0,52.791667,0.1,0.444444,0.0,0.347826,0.0,0.357143,0.444444,0.285714,0.6,0.142857,0.5,0.0,0.0,0.0,0.333333,0.0,0.285714,0.714286,0.454545,0.5,0.375,-0.033333,-50.0
user_0130,Madrid,family_weekend_local,37.0,14.0,0.378378,3463.513514,6605.285714,4.0,8.0,5.0,0.428571,0.27027,60.714286,38.357143,38.0,43.478261,0.162162,0.166667,1.0,0.375,0.333333,0.266667,0.545455,0.0,0.5,0.0,0.5,0.0,0.5,0.0,0.0,0.0,0.285714,0.333333,0.5,0.5,0.666667,89.0,32.0,0.359551,3278.539326,6232.21875,4.0,10.0,6.0,0.21875,0.202247,60.6875,37.359375,33.0,45.692982,0.123596,0.272727,1.0,0.26087,0.375,0.222222,0.548387,0.142857,0.666667,0.0,0.333333,0.0,0.666667,0.25,0.0,0.0,0.333333,0.222222,0.454545,0.727273,0.444444,0.018828,-52.0
user_0131,Sevilla,family_weekend_local,35.0,13.0,0.371429,2988.228571,5658.0,3.0,5.0,6.0,0.384615,0.228571,65.384615,31.076923,27.0,53.227273,0.057143,0.5,0.0,0.0,0.166667,0.166667,0.611111,0.0,0.0,0.0,0.0,0.0,0.333333,0.0,1.0,0.0,0.0,0.0,0.777778,0.375,1.0,71.0,25.0,0.352113,2873.71831,5660.68,4.0,8.0,6.0,0.2,0.197183,61.8,32.34,25.0,52.793478,0.070423,0.4,0.0,0.076923,0.1,0.235294,0.612903,0.0,0.0,0.25,0.0,0.0,0.333333,0.0,0.5,0.5,0.166667,0.0,0.769231,0.333333,0.666667,0.019316,-36.0
user_0132,Valencia,family_weekend_local,37.0,13.0,0.351351,2812.594595,5300.769231,4.0,6.0,5.0,0.538462,0.297297,74.461538,39.153846,38.0,47.895833,0.081081,0.333333,0.0,0.2,0.333333,0.066667,0.714286,0.0,0.5,0.0,0.0,1.0,0.0,0.0,0.0,0.0,0.0,0.5,0.5,0.833333,0.666667,76.0,24.0,0.315789,2690.144737,5327.083333,4.0,9.0,6.0,0.458333,0.25,71.916667,36.708333,34.0,47.298077,0.092105,0.285714,0.0,0.066667,0.25,0.181818,0.666667,0.0,0.333333,0.0,0.0,0.5,0.0,0.0,0.111111,0.111111,0.142857,0.375,0.5,0.7,0.7,0.035562,-39.0
user_0133,Sevilla,family_weekend_local,34.0,7.0,0.205882,2293.588235,5436.857143,2.0,5.0,5.0,0.428571,0.264706,45.857143,37.214286,29.0,49.574074,0.147059,0.2,0.0,0.0,0.0,0.333333,0.272727,0.0,0.0,0.0,0.0,0.0,0.0,0.0,0.666667,0.333333,0.25,0.0,0.333333,0.0,0.333333,80.0,19.0,0.2375,2534.2875,5546.210526,3.0,8.0,6.0,0.315789,0.2125,58.315789,33.5,25.0,51.942623,0.1125,0.222222,0.0,0.1875,0.0,0.2,0.4,0.0,0.0,0.333333,0.5,0.0,0.0,0.0,0.5,0.25,0.125,0.0,0.545455,0.142857,0.416667,-0.031618,-46.0
user_0134,Bilbao,family_weekend_local,34.0,7.0,0.205882,2258.088235,4801.571429,3.0,6.0,5.0,0.142857,0.205882,44.0,44.285714,23.0,42.944444,0.088235,0.0,0.0,0.111111,0.5,0.0,0.25,0.0,0.0,0.0,0.5,0.5,0.0,1.0,0.0,0.0,0.0,0.0,0.166667,0.25,0.333333,76.0,23.0,0.302632,2417.026316,4556.521739,4.0,11.0,6.0,0.434783,0.289474,43.956522,41.152174,34.0,44.915094,0.065789,0.0,0.0,0.166667,0.4,0.190476,0.393939,0.2,0.0,0.0,0.5,0.666667,0.2,0.5,0.333333,0.0,0.111111,0.5,0.416667,0.5,0.272727,-0.096749,-42.0
user_0135,Madrid,family_weekend_local,23.0,8.0,0.347826,2815.26087,4881.5,3.0,6.0,5.0,0.125,0.217391,57.25,45.125,42.5,55.0,0.086957,1.0,0.0,0.166667,0.0,0.571429,0.428571,0.0,0.0,0.5,0.0,0.0,0.0,0.0,0.5,1.0,0.0,0.5,0.0,0.666667,0.5,61.0,21.0,0.344262,2951.918033,5430.428571,4.0,10.0,6.0,0.095238,0.131148,59.714286,40.47619,36.0,57.975,0.131148,0.625,0.0,0.133333,0.090909,0.444444,0.588235,0.0,0.0,0.5,0.166667,0.0,0.0,1.0,0.333333,0.666667,1.0,0.285714,0.625,0.5,0.6,0.003564,-38.0
user_0136,Sevilla,family_weekend_local,32.0,5.0,0.15625,2053.9375,5370.4,2.0,5.0,4.0,0.4,0.25,65.0,36.8,34.0,50.111111,0.0,0.0,2.0,0.0,0.0,0.25,0.3,0.0,0.0,0.0,0.0,0.0,0.0,0.0,0.5,0.333333,0.0,0.0,0.25,0.333333,0.333333,83.0,25.0,0.301205,2685.0,5411.76,3.0,9.0,5.0,0.48,0.253012,56.0,34.9,34.0,47.456897,0.024096,0.0,2.0,0.125,0.0,0.310345,0.466667,0.166667,0.333333,0.0,0.0,0.0,0.0,0.0,0.333333,0.333333,0.272727,0.333333,0.333333,0.5,0.533333,-0.144955,-51.0
user_0137,Sevilla,family_weekend_local,37.0,14.0,0.378378,3485.756757,6004.142857,3.0,6.0,5.0,0.214286,0.189189,68.5,31.892857,29.0,50.347826,0.108108,0.5,0.0,0.333333,0.0,0.090909,0.6875,0.0,0.5,0.0,0.5,0.0,0.0,0.0,0.0,0.0,0.166667,0.0,0.571429,0.833333,0.666667,79.0,28.0,0.35443,3146.848101,5556.428571,4.0,9.0,6.0,0.25,0.21519,65.571429,38.857143,35.0,49.166667,0.075949,0.333333,0.0,0.105263,0.285714,0.227273,0.612903,0.0,0.25,0.0,0.142857,0.0,0.666667,0.0,0.0,0.5,0.142857,0.25,0.5,0.75,0.571429,0.023948,-42.0
user_0138,Sevilla,family_weekend_local,31.0,8.0,0.258065,2352.419355,5044.0,4.0,6.0,5.0,0.25,0.225806,75.625,42.75,38.0,50.913043,0.16129,0.2,1.0,0.25,0.166667,0.272727,0.3,0.0,0.0,0.0,0.5,0.25,0.0,0.0,0.5,0.0,0.5,0.0,1.0,0.5,0.0,54.0,16.0,0.296296,2501.611111,4858.0625,4.0,10.0,6.0,0.25,0.185185,61.25,43.5,36.5,50.828947,0.111111,0.333333,1.0,0.3,0.222222,0.263158,0.375,0.25,0.5,0.0,0.5,0.25,0.0,1.0,0.5,0.0,0.6,0.0,0.666667,0.6,0.125,-0.038232,-23.0
user_0139,Malaga,family_weekend_local,43.0,15.0,0.348837,3040.744186,5558.066667,4.0,9.0,6.0,0.266667,0.232558,58.8,42.533333,35.0,50.071429,0.093023,1.0,0.0,0.142857,0.285714,0.230769,0.5625,0.0,1.0,0.0,0.0,0.5,1.0,0.0,0.333333,0.5,0.0,0.25,0.5,0.5,0.75,78.0,25.0,0.320513,3063.782051,5986.0,4.0,11.0,6.0,0.32,0.294872,54.04,39.46,32.0,51.320755,0.076923,0.833333,0.0,0.071429,0.214286,0.3,0.5,0.0,0.333333,0.0,0.0,0.25,0.333333,0.142857,0.6,0.5,0.142857,0.166667,0.272727,0.5,0.857143,0.028324,-35.0
user_0140,Barcelona,family_weekend_local,30.0,9.0,0.3,2494.1,4663.333333,4.0,7.0,5.0,0.333333,0.2,74.666667,42.111111,38.0,47.404762,0.133333,0.5,1.0,0.666667,0.2,0.1,0.416667,1.0,1.0,0.0,0.0,0.0,0.0,0.5,0.0,0.0,0.0,0.25,0.4,0.4,0.5,66.0,22.0,0.333333,2567.666667,4859.090909,4.0,9.0,6.0,0.272727,0.19697,64.954545,32.681818,28.5,49.352273,0.090909,0.333333,1.0,0.2,0.111111,0.157895,0.571429,0.333333,0.5,0.0,0.0,0.0,0.0,0.25,0.333333,0.0,0.166667,0.166667,0.444444,0.5,0.777778,-0.033333,-36.0
user_0141,Malaga,family_weekend_local,33.0,12.0,0.363636,2923.545455,5433.25,3.0,6.0,5.0,0.166667,0.090909,62.25,37.0,32.5,47.071429,0.030303,0.0,0.0,0.0,0.2,0.3,0.571429,0.0,0.0,0.0,0.0,0.0,0.0,1.0,0.333333,0.0,0.5,0.0,0.6,0.6,0.5,60.0,20.0,0.333333,2743.366667,5351.25,4.0,8.0,6.0,0.15,0.15,65.45,39.7,33.5,46.9125,0.05,0.0,0.0,0.083333,0.375,0.294118,0.478261,0.0,0.25,0.0,0.0,0.0,0.2,1.0,0.6,0.0,0.285714,0.0,0.5,0.454545,0.5,0.030303,-27.0
user_0142,Valencia,family_weekend_local,34.0,14.0,0.411765,3364.117647,6147.857143,4.0,8.0,6.0,0.285714,0.294118,64.428571,37.035714,34.5,47.1,0.058824,1.0,0.0,0.222222,0.25,0.555556,0.5,0.0,1.0,0.333333,0.0,0.0,0.5,0.0,0.5,0.0,0.666667,0.0,0.666667,0.333333,0.5,62.0,25.0,0.403226,3148.193548,5559.48,4.0,10.0,6.0,0.28,0.241935,65.28,36.86,35.0,46.337838,0.048387,1.0,0.0,0.166667,0.285714,0.466667,0.5,0.0,1.0,0.2,0.0,0.0,0.5,0.333333,0.25,0.0,0.625,0.333333,0.5,0.428571,0.538462,0.008539,-28.0
user_0143,Valencia,family_weekend_local,29.0,11.0,0.37931,3182.793103,5876.727273,3.0,6.0,5.0,0.454545,0.206897,45.545455,35.909091,34.0,58.0,0.103448,0.333333,0.0,0.25,0.0,0.285714,0.636364,0.5,0.5,0.0,0.0,0.0,0.0,0.0,0.5,0.0,0.0,0.0,0.75,0.5,0.666667,53.0,22.0,0.415094,3662.54717,6475.0,3.0,9.0,6.0,0.272727,0.150943,48.409091,36.181818,34.5,56.677419,0.075472,0.5,0.0,0.357143,0.0,0.375,0.647059,0.5,0.333333,0.0,1.0,0.0,0.0,0.0,0.666667,0.0,0.333333,0.333333,0.5,0.6,0.833333,-0.035784,-24.0
user_0144,Sevilla,family_weekend_local,44.0,9.0,0.204545,2478.204545,6284.0,3.0,6.0,6.0,0.333333,0.227273,67.0,35.444444,32.0,56.342857,0.045455,0.5,0.0,0.0,0.090909,0.266667,0.363636,0.0,0.0,0.0,0.0,0.0,0.333333,0.0,0.25,0.333333,0.4,0.0,0.333333,0.0,0.5,89.0,22.0,0.247191,2398.11236,5197.363636,4.0,10.0,6.0,0.227273,0.235955,65.454545,34.090909,30.5,52.350746,0.044944,0.5,0.0,0.153846,0.058824,0.25,0.387097,0.25,0.0,0.0,0.25,0.0,0.2,0.0,0.428571,0.166667,0.2,0.2,0.333333,0.25,0.545455,-0.042646,-45.0
user_0145,Malaga,family_weekend_local,39.0,15.0,0.384615,3147.179487,5878.6,4.0,8.0,5.0,0.2,0.282051,60.733333,39.233333,32.0,51.708333,0.025641,0.0,3.0,0.181818,0.25,0.272727,0.692308,0.0,0.0,0.333333,0.333333,1.0,0.0,0.0,0.666667,0.0,0.0,0.333333,0.5,1.0,0.6,79.0,30.0,0.379747,3028.658228,5592.566667,4.0,11.0,6.0,0.133333,0.177215,58.2,39.116667,37.5,53.959184,0.037975,0.0,3.0,0.210526,0.166667,0.263158,0.655172,0.333333,0.0,0.333333,0.4,0.333333,0.2,0.0,0.4,0.285714,0.0,0.25,0.555556,0.8,0.6,0.004869,-40.0
user_0146,Valencia,family_weekend_local,19.0,6.0,0.315789,3487.263158,7129.666667,4.0,5.0,5.0,0.166667,0.263158,67.833333,52.166667,51.0,57.346154,0.0,0.0,0.0,0.25,0.2,0.5,0.333333,0.0,1.0,0.0,0.0,0.0,0.5,0.0,0.0,0.5,1.0,0.0,0.0,0.5,0.0,47.0,16.0,0.340426,3576.744681,6903.25,4.0,10.0,5.0,0.25,0.212766,62.8125,48.0,40.0,53.064516,0.06383,0.333333,0.0,0.272727,0.375,0.214286,0.5,0.25,0.5,0.0,0.0,0.5,0.666667,0.0,0.25,0.166667,0.333333,0.0,0.25,0.571429,0.666667,-0.024636,-28.0
user_0147,Sevilla,family_weekend_local,35.0,10.0,0.285714,2887.057143,6584.5,3.0,6.0,5.0,0.3,0.342857,44.7,32.55,32.5,54.32,0.114286,0.25,0.0,0.125,0.0,0.2,0.538462,0.0,0.333333,0.0,0.0,0.0,0.0,0.0,0.5,0.0,0.0,0.333333,0.75,0.428571,0.5,71.0,20.0,0.28169,2770.802817,6193.25,3.0,7.0,6.0,0.3,0.239437,62.95,31.875,30.5,51.843137,0.070423,0.2,0.0,0.142857,0.0,0.176471,0.518519,0.0,0.3,0.0,0.0,0.0,0.0,0.0,0.2,0.0,0.25,0.166667,0.555556,0.333333,0.666667,0.004024,-36.0
user_0148,Bilbao,family_weekend_local,35.0,16.0,0.457143,3004.257143,4944.5,4.0,9.0,4.0,0.625,0.428571,63.125,41.9375,34.5,49.342105,0.057143,1.0,0.0,0.166667,0.25,0.636364,0.5,0.0,0.333333,0.0,0.0,0.5,0.0,0.0,1.0,1.0,0.666667,0.4,0.4,0.333333,0.666667,79.0,38.0,0.481013,3221.367089,5186.552632,4.0,11.0,6.0,0.394737,0.265823,58.868421,38.026316,33.0,46.195122,0.050633,0.75,0.0,0.153846,0.25,0.636364,0.555556,0.0,0.25,0.333333,0.0,0.5,0.25,0.0,0.666667,1.0,0.714286,0.444444,0.666667,0.428571,0.615385,-0.02387,-44.0
user_0149,Valencia,family_weekend_local,44.0,15.0,0.340909,3005.090909,5714.4,4.0,7.0,6.0,0.2,0.136364,52.466667,40.7,32.0,49.293103,0.045455,1.0,0.0,0.111111,0.2,0.384615,0.470588,0.0,0.0,0.0,0.2,0.333333,0.0,0.0,0.0,0.5,0.666667,0.333333,0.555556,0.0,1.0,85.0,29.0,0.341176,3113.294118,6042.310345,4.0,11.0,6.0,0.241379,0.152941,52.068966,42.534483,34.0,51.794643,0.058824,0.6,0.0,0.217391,0.166667,0.291667,0.576923,0.0,0.166667,0.4,0.25,0.333333,0.0,0.2,0.0,0.5,0.5,0.25,0.545455,0.375,0.857143,-0.000267,-41.0
user_0150,Barcelona,family_weekend_local,42.0,14.0,0.333333,3199.142857,6499.0,4.0,9.0,6.0,0.214286,0.214286,51.857143,52.428571,43.5,54.107143,0.047619,0.0,0.0,0.272727,0.285714,0.214286,0.6,0.0,0.666667,0.25,0.0,0.5,0.0,0.0,0.25,0.5,0.0,0.25,0.5,0.666667,0.5,82.0,27.0,0.329268,3158.646341,6217.259259,4.0,10.0,6.0,0.185185,0.207317,51.111111,46.111111,40.0,55.227273,0.036585,0.0,0.0,0.210526,0.2,0.217391,0.6,0.0,0.5,0.166667,0.0,0.333333,0.2,0.0,0.375,0.2,0.0,0.25,0.666667,0.666667,0.428571,0.004065,-40.0
user_0151,Madrid,family_weekend_local,45.0,16.0,0.355556,2759.266667,5155.875,4.0,11.0,6.0,0.375,0.2,64.25,50.25,49.0,52.534483,0.133333,0.666667,0.0,0.363636,0.25,0.285714,0.5,0.0,0.5,0.666667,0.2,0.5,0.0,0.2,0.25,0.666667,0.0,0.2,1.0,0.6,0.2,73.0,24.0,0.328767,2747.945205,5355.041667,4.0,12.0,6.0,0.333333,0.232877,63.958333,45.6875,41.0,51.561224,0.109589,0.625,0.0,0.277778,0.166667,0.318182,0.47619,0.0,0.2,0.75,0.2,0.333333,0.0,0.142857,0.285714,0.666667,0.4,0.142857,0.625,0.5,0.2,0.026788,-28.0
user_0152,Madrid,family_weekend_local,19.0,7.0,0.368421,2837.315789,5135.285714,4.0,6.0,4.0,0.285714,0.210526,39.0,38.714286,35.0,52.333333,0.052632,0.0,5.0,0.142857,0.333333,0.666667,0.5,0.5,0.0,0.0,0.0,0.0,0.5,0.0,0.0,0.0,1.0,0.5,1.0,0.666667,0.0,48.0,20.0,0.416667,3110.75,5315.35,4.0,10.0,6.0,0.25,0.208333,52.4,43.05,37.0,54.928571,0.104167,0.4,5.0,0.285714,0.333333,0.461538,0.583333,0.333333,0.0,0.333333,0.333333,0.5,0.5,0.0,0.5,0.0,0.8,0.25,0.666667,0.714286,0.0,-0.048246,-29.0
user_0153,Sevilla,family_weekend_local,25.0,8.0,0.32,2448.88,4557.25,4.0,6.0,4.0,0.25,0.24,56.875,40.1875,35.5,48.941176,0.16,0.25,1.0,0.166667,0.333333,0.25,0.75,0.5,0.0,0.0,0.0,0.5,0.0,0.0,0.0,0.0,0.2,0.666667,1.0,0.666667,0.0,56.0,17.0,0.303571,2486.553571,4864.941176,4.0,9.0,4.0,0.352941,0.285714,67.117647,40.205882,35.0,54.25641,0.160714,0.444444,1.0,0.153846,0.111111,0.318182,0.583333,0.333333,0.0,1.0,0.0,0.333333,0.0,0.0,0.2,0.0,0.285714,0.666667,0.666667,0.666667,0.333333,0.016429,-31.0
user_0154,Madrid,family_weekend_local,26.0,7.0,0.269231,2137.0,4714.857143,3.0,5.0,4.0,0.285714,0.307692,59.0,36.928571,33.0,61.289474,0.038462,0.0,0.0,0.166667,0.0,0.2,0.8,0.0,0.5,0.0,0.0,0.0,0.0,0.0,0.0,0.333333,0.333333,0.0,0.0,1.0,1.0,64.0,18.0,0.28125,2179.3125,4642.888889,3.0,9.0,5.0,0.222222,0.21875,58.166667,38.305556,35.0,54.478261,0.03125,0.5,0.0,0.1875,0.0,0.291667,0.470588,0.25,0.333333,0.0,0.0,0.0,0.0,0.0,0.2,0.375,0.285714,0.25,0.333333,0.444444,0.6,-0.012019,-38.0
user_0155,Malaga,family_weekend_local,46.0,19.0,0.413043,3167.565217,5945.789474,3.0,8.0,6.0,0.105263,0.108696,60.157895,41.052632,40.0,48.240741,0.065217,0.333333,2.0,0.357143,0.0,0.333333,0.555556,0.25,0.0,1.0,0.6,0.0,0.0,0.0,0.0,0.0,0.25,0.75,1.0,0.333333,0.666667,83.0,30.0,0.361446,2792.39759,5500.533333,3.0,9.0,6.0,0.066667,0.108434,62.766667,39.033333,38.0,49.990566,0.048193,0.5,2.0,0.285714,0.0,0.363636,0.484848,0.4,0.0,0.333333,0.428571,0.0,0.0,0.0,0.75,0.0,0.4,0.5,0.428571,0.411765,0.666667,0.051598,-37.0
user_0156,Bilbao,family_weekend_local,31.0,10.0,0.322581,2724.387097,5037.3,4.0,6.0,5.0,0.1,0.032258,64.4,35.7,35.5,50.095238,0.064516,0.5,0.0,0.142857,0.25,0.4,0.4,0.5,0.0,0.0,0.0,0.0,0.5,0.0,0.75,0.0,0.0,0.333333,0.75,0.2,0.0,54.0,20.0,0.37037,2988.203704,5178.4,4.0,9.0,6.0,0.1,0.037037,48.3,38.45,34.5,51.058824,0.092593,0.4,0.0,0.153846,0.285714,0.285714,0.6,0.333333,0.0,0.333333,0.0,0.333333,0.333333,0.0,0.6,0.0,0.0,0.2,0.571429,0.428571,0.833333,-0.04779,-23.0
user_0157,Madrid,electronic_night_explorer,46.0,20.0,0.434783,3342.804348,5909.35,3.0,9.0,6.0,0.2,0.173913,58.8,50.425,55.0,46.192308,0.130435,0.5,0.0,0.65,0.0,0.333333,0.3,0.333333,0.5,1.0,0.8,0.0,0.0,0.0,0.25,1.0,0.2,0.0,0.333333,0.0,0.5,107.0,50.0,0.46729,3516.962617,5952.96,4.0,12.0,6.0,0.2,0.186916,63.56,49.87,48.5,51.964912,0.121495,0.461538,0.0,0.595745,0.083333,0.464286,0.4,0.3,0.611111,0.857143,0.666667,0.25,0.0,0.0,0.363636,0.833333,0.375,0.333333,0.444444,0.333333,0.4,-0.032507,-61.0
user_0158,Valencia,electronic_night_explorer,42.0,22.0,0.52381,4114.428571,6318.954545,4.0,9.0,6.0,0.090909,0.119048,54.363636,55.0,53.0,56.45,0.333333,0.571429,0.0,0.733333,0.285714,0.470588,0.333333,0.6,1.0,1.0,0.333333,0.0,1.0,0.0,0.5,0.75,0.333333,0.0,1.0,0.0,0.0,82.0,36.0,0.439024,3697.853659,6165.805556,4.0,11.0,6.0,0.138889,0.158537,53.805556,58.583333,57.0,54.478261,0.268293,0.5,0.0,0.580645,0.357143,0.413793,0.125,0.5,0.625,0.6,0.6,0.333333,0.5,0.25,0.454545,0.571429,0.333333,0.0,0.333333,0.0,0.0,0.084785,-40.0
user_0159,Bilbao,electronic_night_explorer,59.0,22.0,0.372881,3081.423729,5665.818182,4.0,10.0,6.0,0.181818,0.152542,55.454545,56.636364,60.5,53.243243,0.237288,0.357143,0.0,0.636364,0.272727,0.0625,0.4,0.333333,1.0,0.8,0.571429,0.0,0.333333,0.4,0.0,0.2,0.0,0.0,0.25,0.25,1.0,110.0,46.0,0.418182,3441.790909,5866.413043,4.0,13.0,6.0,0.108696,0.136364,53.26087,59.413043,62.0,53.34375,0.236364,0.461538,0.0,0.652174,0.380952,0.137931,0.285714,0.454545,0.857143,0.714286,0.642857,0.25,0.6,0.333333,0.125,0.285714,0.125,0.0,0.166667,0.2,0.666667,-0.0453,-51.0
user_0160,Madrid,electronic_night_explorer,46.0,22.0,0.478261,3930.217391,6744.363636,4.0,10.0,6.0,0.227273,0.195652,54.681818,61.363636,63.5,53.625,0.108696,0.4,0.0,0.666667,0.272727,0.555556,0.25,0.4,1.0,1.0,0.25,0.666667,0.333333,0.0,0.25,1.0,0.0,1.0,0.0,0.4,0.0,107.0,53.0,0.495327,3995.140187,6514.754717,4.0,13.0,6.0,0.207547,0.186916,55.773585,55.396226,55.0,57.657407,0.168224,0.444444,0.0,0.769231,0.24,0.391304,0.4,0.625,0.9,0.909091,0.6,0.333333,0.25,0.111111,0.333333,0.666667,0.0,0.5,0.2,0.375,0.571429,-0.017066,-61.0
user_0161,Malaga,electronic_night_explorer,53.0,25.0,0.471698,4284.075472,6929.72,4.0,13.0,6.0,0.08,0.113208,53.92,50.16,46.0,58.071429,0.150943,0.5,0.0,0.619048,0.2,0.461538,0.444444,0.5,0.5,0.5,1.0,0.333333,0.0,0.2,0.5,0.5,0.5,0.333333,0.5,1.0,0.2,101.0,47.0,0.465347,4241.980198,6988.574468,4.0,13.0,6.0,0.06383,0.138614,50.510638,50.978723,47.0,55.055556,0.188119,0.578947,0.0,0.627907,0.25,0.36,0.411765,0.545455,0.692308,0.5,0.727273,0.6,0.0,0.166667,0.444444,0.2,0.333333,0.4,0.5,0.571429,0.166667,0.006352,-48.0
user_0162,Madrid,electronic_night_explorer,54.0,27.0,0.5,4256.62963,6442.333333,4.0,8.0,6.0,0.148148,0.12963,55.407407,53.148148,50.0,54.944444,0.12963,0.285714,0.0,0.75,0.181818,0.222222,0.5,0.428571,0.714286,1.0,1.0,0.0,0.0,0.666667,0.0,0.5,0.0,0.0,1.0,0.0,0.6,105.0,45.0,0.428571,3953.561905,6638.666667,4.0,11.0,6.0,0.133333,0.12381,51.244444,53.733333,50.0,55.583333,0.142857,0.266667,0.0,0.666667,0.157895,0.181818,0.375,0.363636,0.642857,0.727273,0.916667,0.166667,0.0,0.5,0.0,0.333333,0.25,0.0,0.5,0.166667,0.5,0.071429,-51.0
user_0163,Valencia,electronic_night_explorer,39.0,14.0,0.358974,2678.384615,4857.928571,4.0,8.0,5.0,0.142857,0.153846,62.0,50.571429,47.5,55.98,0.153846,0.333333,0.0,0.5,0.363636,0.2,0.375,0.0,0.666667,0.0,0.75,0.0,0.6,0.333333,0.333333,0.0,0.333333,0.0,0.0,0.333333,0.666667,82.0,35.0,0.426829,3065.036585,5156.257143,4.0,13.0,6.0,0.228571,0.195122,62.2,53.914286,52.0,57.542553,0.109756,0.444444,0.0,0.607143,0.333333,0.272727,0.454545,0.4,0.555556,0.8,0.666667,0.0,0.555556,0.333333,0.333333,0.25,0.285714,0.2,0.333333,0.4,0.666667,-0.067855,-43.0
user_0164,Valencia,electronic_night_explorer,57.0,26.0,0.45614,3346.631579,5626.884615,4.0,10.0,6.0,0.269231,0.22807,70.038462,63.807692,62.0,54.048387,0.140351,0.5,0.0,0.652174,0.416667,0.235294,0.4,0.0,0.666667,0.777778,0.666667,0.666667,0.4,0.25,0.0,0.5,0.0,0.375,0.0,0.333333,1.0,123.0,59.0,0.479675,3547.910569,5758.322034,4.0,14.0,6.0,0.220339,0.203252,59.288136,60.847458,58.0,54.773438,0.178862,0.636364,0.0,0.673469,0.44,0.294118,0.333333,0.5,0.714286,0.705882,0.666667,0.555556,0.444444,0.285714,0.2,0.5,0.2,0.272727,0.4,0.2,0.4,-0.023534,-66.0
user_0165,Malaga,electronic_night_explorer,44.0,20.0,0.454545,3491.090909,5912.1,4.0,11.0,6.0,0.15,0.204545,71.3,57.95,57.5,51.479167,0.181818,0.25,0.0,0.666667,0.444444,0.4,0.2,0.5,0.8,0.75,0.5,0.0,1.0,0.2,0.333333,0.666667,0.0,0.5,0.5,0.0,0.25,88.0,42.0,0.477273,3377.965909,5491.928571,4.0,13.0,6.0,0.142857,0.193182,62.119048,59.738095,58.0,45.858696,0.204545,0.222222,0.0,0.666667,0.583333,0.409091,0.111111,0.285714,0.75,0.9,0.636364,0.5,1.0,0.333333,0.4,0.6,0.25,0.333333,0.166667,0.0,0.2,-0.022727,-44.0
user_0166,Bilbao,electronic_night_explorer,53.0,21.0,0.396226,3681.320755,6621.952381,4.0,11.0,6.0,0.142857,0.169811,65.095238,52.904762,50.0,56.046875,0.301887,0.3125,0.0,0.764706,0.181818,0.266667,0.2,0.857143,1.0,0.5,0.666667,0.2,0.0,0.25,0.0,0.25,0.333333,0.333333,0.0,0.5,0.2,113.0,49.0,0.433628,4058.734513,7031.061224,4.0,14.0,6.0,0.183673,0.185841,59.530612,51.714286,49.0,57.851562,0.283186,0.4375,0.0,0.636364,0.217391,0.307692,0.4,0.714286,0.545455,0.7,0.555556,0.1,0.428571,0.166667,0.166667,0.2,0.5,0.333333,0.333333,0.5,0.375,-0.037402,-60.0
user_0167,Sevilla,electronic_night_explorer,62.0,27.0,0.435484,3739.645161,6312.888889,4.0,12.0,6.0,0.148148,0.112903,52.407407,55.185185,58.0,60.057143,0.209677,0.461538,0.0,0.608696,0.307692,0.294118,0.444444,0.75,0.5,0.8,0.5,0.25,0.6,0.0,0.25,0.166667,0.333333,0.5,0.333333,0.75,0.0,122.0,53.0,0.434426,3703.713115,6291.075472,4.0,12.0,6.0,0.169811,0.114754,50.09434,53.622642,48.0,55.405797,0.196721,0.5,0.0,0.647059,0.238095,0.333333,0.25,0.75,0.538462,0.666667,0.647059,0.25,0.333333,0.0,0.285714,0.2,0.285714,0.666667,0.333333,0.428571,0.0,0.001058,-60.0
user_0168,Valencia,electronic_night_explorer,66.0,34.0,0.515152,4139.878788,6383.676471,4.0,13.0,6.0,0.058824,0.090909,59.088235,55.205882,57.5,58.84375,0.227273,0.6,0.0,0.631579,0.4375,0.555556,0.384615,0.5,0.666667,0.428571,1.0,0.285714,0.625,0.0,0.6,0.6,0.5,0.5,0.333333,0.333333,0.5,114.0,55.0,0.482456,3989.491228,6366.0,4.0,13.0,6.0,0.109091,0.114035,53.781818,57.563636,58.0,57.59322,0.219298,0.48,0.0,0.585366,0.407407,0.517241,0.294118,0.571429,0.6,0.533333,0.666667,0.4,0.583333,0.0,0.428571,0.666667,0.555556,0.25,0.25,0.25,0.4,0.032695,-48.0
user_0169,Madrid,electronic_night_explorer,65.0,23.0,0.353846,3467.107692,6416.869565,3.0,10.0,6.0,0.26087,0.230769,53.173913,54.26087,51.0,58.357143,0.230769,0.466667,0.0,0.571429,0.214286,0.363636,0.0,0.5,0.714286,0.5,0.5,0.0,0.25,0.285714,0.4,0.142857,0.6,0.4,0.0,0.0,0.0,125.0,48.0,0.384,3661.512,6724.6875,4.0,13.0,6.0,0.208333,0.168,53.895833,55.166667,54.5,56.902597,0.208,0.461538,0.0,0.634146,0.2,0.333333,0.2,0.666667,0.692308,0.6,0.5,0.285714,0.090909,0.285714,0.363636,0.25,0.428571,0.333333,0.375,0.125,0.0,-0.030154,-60.0
user_0170,Bilbao,electronic_night_explorer,55.0,29.0,0.527273,3978.309091,6049.068966,4.0,11.0,6.0,0.206897,0.163636,60.241379,55.172414,55.0,59.346154,0.163636,0.333333,0.0,0.64,0.222222,0.333333,0.777778,0.666667,0.833333,0.625,0.4,0.333333,0.0,0.2,0.0,0.666667,0.0,0.4,1.0,0.75,0.666667,103.0,56.0,0.543689,3947.407767,5869.642857,4.0,14.0,6.0,0.178571,0.145631,57.178571,57.464286,54.5,58.319149,0.23301,0.541667,0.0,0.653061,0.380952,0.380952,0.666667,0.615385,0.714286,0.615385,0.666667,0.6,0.444444,0.142857,0.333333,0.5,0.285714,0.428571,0.666667,0.75,0.6,-0.016417,-48.0
user_0171,Malaga,electronic_night_explorer,66.0,35.0,0.530303,3681.863636,5460.857143,4.0,12.0,6.0,0.171429,0.136364,55.257143,61.771429,62.0,52.822581,0.227273,0.533333,0.0,0.777778,0.545455,0.333333,0.2,1.0,0.666667,0.75,1.0,0.6,1.0,0.4,0.4,0.5,0.5,0.0,0.2,0.0,0.333333,128.0,60.0,0.46875,3603.96875,5810.9,4.0,12.0,6.0,0.133333,0.148438,53.966667,57.883333,57.0,52.007353,0.195312,0.44,0.0,0.672414,0.4375,0.294118,0.2,0.692308,0.533333,0.7,0.8,0.428571,1.0,0.285714,0.3,0.444444,0.375,0.0,0.25,0.0,0.4,0.061553,-62.0
user_0172,Bilbao,electronic_night_explorer,40.0,17.0,0.425,3462.375,5965.764706,4.0,12.0,5.0,0.235294,0.2,61.882353,57.176471,58.0,49.73913,0.15,0.333333,0.0,0.533333,0.571429,0.375,0.2,0.666667,0.4,0.666667,0.5,0.5,1.0,0.333333,0.333333,0.333333,0.0,0.5,0.166667,0.5,0.0,85.0,30.0,0.352941,2971.635294,5615.966667,4.0,13.0,6.0,0.166667,0.176471,61.4,53.95,54.0,52.527273,0.188235,0.375,0.0,0.518519,0.333333,0.26087,0.25,0.75,0.428571,0.666667,0.4,0.333333,0.6,0.142857,0.5,0.25,0.166667,0.2,0.222222,0.428571,0.0,0.072059,-45.0
user_0173,Madrid,electronic_night_explorer,52.0,25.0,0.480769,4036.711538,6617.12,4.0,13.0,4.0,0.0,0.096154,61.12,49.48,50.0,55.518519,0.173077,0.222222,0.0,0.6,0.375,0.357143,0.5,0.5,0.555556,0.666667,0.75,0.0,0.666667,1.0,0.333333,0.25,0.4,0.5,0.666667,0.4,0.5,88.0,39.0,0.443182,3783.829545,6537.871795,4.0,14.0,6.0,0.051282,0.125,59.333333,52.666667,51.0,55.897959,0.181818,0.375,0.0,0.525,0.384615,0.285714,0.5,0.333333,0.5,0.5,0.75,0.142857,0.5,1.0,0.333333,0.142857,0.333333,0.5,0.666667,0.5,0.4,0.037587,-36.0
user_0174,Madrid,electronic_night_explorer,57.0,22.0,0.385965,3846.280702,7148.590909,4.0,12.0,6.0,0.045455,0.105263,48.227273,59.659091,57.5,52.471429,0.192982,0.272727,0.0,0.590909,0.4,0.2,0.2,0.4,0.666667,0.833333,0.4,0.5,0.25,0.5,0.142857,0.0,0.25,0.5,0.2,0.0,0.5,119.0,47.0,0.394958,3676.764706,6611.425532,4.0,13.0,6.0,0.106383,0.151261,45.021277,61.670213,59.0,53.5,0.184874,0.318182,0.0,0.52,0.4,0.296296,0.176471,0.3,0.5,0.8,0.5,0.5,0.333333,0.4,0.222222,0.428571,0.166667,0.4,0.333333,0.0,0.25,-0.008993,-62.0
user_0175,Malaga,electronic_night_explorer,54.0,26.0,0.481481,3716.87037,6046.115385,4.0,12.0,6.0,0.076923,0.12963,59.076923,55.980769,60.5,50.571429,0.240741,0.461538,0.0,0.481481,0.6,0.444444,0.5,0.142857,1.0,0.714286,0.142857,1.0,0.666667,0.0,0.666667,0.5,0.5,0.2,0.0,1.0,1.0,104.0,47.0,0.451923,3633.923077,5894.276596,4.0,12.0,6.0,0.06383,0.144231,57.340426,56.606383,60.0,52.929825,0.230769,0.375,0.0,0.54,0.214286,0.481481,0.307692,0.153846,0.833333,0.846154,0.333333,0.2,0.4,0.0,0.6,0.625,0.5,0.166667,0.0,0.5,0.333333,0.029558,-50.0
user_0176,Malaga,electronic_night_explorer,36.0,14.0,0.388889,3570.75,6643.928571,2.0,7.0,6.0,0.142857,0.166667,61.0,52.785714,52.0,55.0,0.111111,0.5,0.0,0.6,0.0,0.454545,0.0,0.333333,1.0,0.0,1.0,0.0,0.0,0.0,0.5,0.333333,0.333333,0.666667,0.0,0.0,0.0,82.0,40.0,0.487805,3898.231707,6312.45,4.0,10.0,6.0,0.175,0.170732,53.025,54.575,55.5,54.345238,0.134146,0.636364,0.0,0.583333,0.307692,0.565217,0.2,0.538462,0.428571,0.5,0.8,0.0,0.571429,0.0,0.25,0.714286,0.2,0.857143,0.4,0.0,0.0,-0.098916,-46.0
user_0177,Barcelona,electronic_night_explorer,54.0,27.0,0.5,3572.777778,5608.185185,3.0,9.0,6.0,0.185185,0.166667,61.555556,64.814815,60.0,52.333333,0.203704,0.454545,0.0,0.56,0.692308,0.4,0.0,0.857143,0.166667,0.333333,0.833333,1.0,0.75,0.625,0.0,0.75,0.0,0.333333,0.0,0.0,0.0,102.0,48.0,0.470588,3504.77451,5640.75,4.0,13.0,6.0,0.25,0.205882,55.5625,60.604167,58.5,54.0,0.205882,0.47619,0.0,0.531915,0.571429,0.388889,0.25,0.545455,0.416667,0.357143,0.9,1.0,0.555556,0.5,0.25,0.5,0.0,0.6,0.2,0.333333,0.2,0.029412,-48.0
user_0178,Barcelona,electronic_night_explorer,49.0,14.0,0.285714,3157.408163,6425.571429,4.0,9.0,5.0,0.142857,0.142857,46.142857,62.428571,62.5,56.171429,0.306122,0.266667,0.0,0.388889,0.272727,0.230769,0.142857,0.0,0.666667,0.428571,0.666667,0.333333,0.25,0.25,0.0,0.4,0.0,0.2,0.0,0.333333,0.0,106.0,35.0,0.330189,3308.150943,6532.085714,4.0,12.0,6.0,0.257143,0.160377,47.914286,55.657143,58.0,55.267606,0.254717,0.296296,0.0,0.515152,0.208333,0.37931,0.1,0.375,0.666667,0.538462,0.5,0.142857,0.3,0.142857,0.0,0.375,0.428571,0.5,0.111111,0.142857,0.0,-0.044474,-57.0
user_0179,Valencia,electronic_night_explorer,46.0,23.0,0.5,3887.5,5980.73913,4.0,8.0,6.0,0.043478,0.195652,48.869565,52.521739,51.0,58.826087,0.195652,0.555556,0.0,0.809524,0.142857,0.307692,0.2,1.0,0.5,0.833333,0.857143,0.0,0.0,0.333333,0.0,0.0,0.333333,1.0,0.25,0.0,0.0,100.0,46.0,0.46,3748.58,6170.717391,4.0,14.0,6.0,0.108696,0.17,51.673913,55.630435,53.5,59.018519,0.19,0.578947,0.0,0.690476,0.25,0.291667,0.357143,0.636364,0.545455,0.888889,0.727273,0.333333,0.1,0.5,0.285714,0.125,0.25,0.6,0.333333,0.4,0.333333,0.04,-54.0
user_0180,Valencia,electronic_night_explorer,50.0,26.0,0.52,3447.94,4987.423077,4.0,8.0,6.0,0.192308,0.18,56.846154,56.230769,52.0,55.5625,0.18,0.555556,0.0,0.75,0.375,0.285714,0.25,0.625,0.714286,0.857143,1.0,0.0,0.0,1.0,0.333333,0.0,0.5,0.0,0.0,0.5,0.0,95.0,44.0,0.463158,3371.431579,5199.704545,4.0,11.0,6.0,0.159091,0.136842,53.659091,56.840909,56.0,57.166667,0.168421,0.375,0.0,0.630435,0.3125,0.36,0.125,0.666667,0.615385,0.666667,0.555556,0.0,0.285714,0.6,0.285714,0.25,0.5,0.5,0.0,0.5,0.0,0.056842,-45.0
user_0181,Bilbao,electronic_night_explorer,68.0,28.0,0.411765,3766.426471,6457.964286,4.0,12.0,6.0,0.142857,0.176471,57.321429,49.232143,47.5,52.85,0.205882,0.571429,0.0,0.535714,0.166667,0.363636,0.333333,0.625,0.5,0.714286,0.285714,0.25,0.0,0.0,0.8,0.333333,0.2,0.166667,0.4,0.25,0.333333,124.0,54.0,0.435484,3960.41129,6604.925926,4.0,12.0,6.0,0.148148,0.177419,55.425926,49.592593,47.5,53.471429,0.217742,0.518519,0.0,0.672727,0.066667,0.297297,0.294118,0.615385,0.785714,0.75,0.5625,0.142857,0.0,0.0,0.5,0.285714,0.333333,0.153846,0.375,0.2,0.25,-0.023719,-56.0
user_0182,Sevilla,electronic_night_explorer,50.0,23.0,0.46,3148.76,5005.782609,4.0,12.0,6.0,0.173913,0.2,54.26087,48.086957,45.0,61.962963,0.2,0.2,0.0,0.5,0.181818,0.583333,0.555556,0.5,1.0,0.4,0.5,0.0,0.5,0.2,0.0,1.0,0.666667,0.5,0.666667,0.333333,0.666667,95.0,36.0,0.378947,2927.242105,5288.944444,4.0,14.0,6.0,0.222222,0.221053,52.111111,51.916667,46.5,57.872881,0.168421,0.1875,0.0,0.444444,0.25,0.45,0.315789,0.6,0.428571,0.3,0.444444,0.222222,0.5,0.142857,0.25,0.333333,0.714286,0.333333,0.4,0.222222,0.4,0.081053,-45.0
user_0183,Sevilla,electronic_night_explorer,48.0,22.0,0.458333,3481.458333,5734.772727,4.0,10.0,6.0,0.181818,0.104167,57.136364,53.909091,52.5,51.884615,0.083333,0.75,0.0,0.75,0.333333,0.461538,0.1,0.428571,1.0,1.0,1.0,0.0,1.0,0.5,0.6,0.666667,0.0,0.333333,0.0,0.25,0.0,111.0,50.0,0.45045,3632.225225,6069.86,4.0,12.0,6.0,0.22,0.171171,55.52,54.66,52.5,55.344262,0.144144,0.625,0.0,0.636364,0.285714,0.461538,0.2,0.416667,0.642857,0.777778,0.777778,0.0,0.375,0.428571,0.666667,0.5,0.0,0.4,0.333333,0.222222,0.125,0.007883,-63.0
user_0184,Malaga,electronic_night_explorer,47.0,19.0,0.404255,2931.042553,5100.947368,4.0,9.0,6.0,0.105263,0.170213,67.105263,59.631579,61.0,56.035714,0.234043,0.545455,0.0,0.631579,0.25,0.090909,0.444444,0.333333,1.0,0.666667,0.6,0.5,0.0,0.2,0.0,0.2,0.0,0.0,0.25,0.75,0.0,90.0,40.0,0.444444,3244.822222,5477.975,4.0,13.0,6.0,0.175,0.188889,60.85,54.375,56.0,61.74,0.188889,0.529412,0.0,0.609756,0.176471,0.277778,0.5,0.5,0.444444,0.6875,0.7,0.166667,0.2,0.166667,0.333333,0.285714,0.333333,0.2,0.5,0.571429,0.0,-0.040189,-43.0
user_0185,Valencia,electronic_night_explorer,41.0,17.0,0.414634,3552.585366,6295.941176,4.0,9.0,6.0,0.235294,0.219512,53.529412,58.764706,60.0,52.333333,0.195122,0.5,0.0,0.578947,0.166667,0.4,0.166667,0.333333,0.666667,0.8,0.5,1.0,0.0,0.0,0.0,0.333333,0.5,0.666667,0.333333,0.0,0.0,79.0,34.0,0.43038,3429.455696,5850.970588,4.0,11.0,6.0,0.147059,0.177215,52.176471,53.735294,53.0,52.444444,0.265823,0.428571,0.0,0.647059,0.090909,0.363636,0.25,0.666667,0.714286,0.75,0.538462,0.5,0.0,0.0,0.2,0.166667,0.5,0.6,0.4,0.0,0.333333,-0.015746,-38.0
user_0186,Malaga,electronic_night_explorer,52.0,24.0,0.461538,3784.807692,6308.833333,4.0,10.0,6.0,0.083333,0.153846,51.583333,52.958333,59.5,57.035714,0.192308,0.6,0.0,0.6,0.272727,0.363636,0.5,0.333333,0.4,0.8,0.714286,0.0,0.0,0.75,0.0,0.5,0.5,0.0,0.2,1.0,0.666667,126.0,55.0,0.436508,3524.079365,5933.945455,4.0,13.0,6.0,0.109091,0.166667,47.581818,59.254545,61.0,56.338028,0.206349,0.538462,0.0,0.490196,0.428571,0.357143,0.421053,0.111111,0.375,0.692308,0.692308,0.2,0.333333,0.636364,0.0,0.416667,0.4,0.333333,0.222222,0.666667,0.5,0.025031,-74.0
user_0187,Valencia,electronic_night_explorer,65.0,37.0,0.569231,4133.584615,6263.864865,3.0,9.0,6.0,0.162162,0.153846,67.378378,56.891892,53.0,49.785714,0.230769,0.533333,0.0,0.741935,0.625,0.45,0.0,0.75,1.0,0.8,0.444444,0.0,1.0,0.666667,0.0,0.666667,0.5,0.5,0.0,0.0,0.0,117.0,57.0,0.487179,3771.615385,6224.070175,3.0,11.0,6.0,0.157895,0.145299,62.157895,58.105263,53.0,51.2,0.213675,0.44,0.0,0.653846,0.529412,0.378378,0.0,0.692308,0.933333,0.666667,0.333333,0.2,0.8,0.571429,0.142857,0.555556,0.5,0.272727,0.0,0.0,0.0,0.082051,-52.0
user_0188,Malaga,electronic_night_explorer,46.0,18.0,0.391304,3394.695652,5852.111111,4.0,9.0,6.0,0.055556,0.130435,53.444444,54.222222,52.0,50.303571,0.152174,0.285714,0.0,0.5,0.375,0.357143,0.166667,0.0,0.714286,0.25,0.5,0.666667,0.2,0.0,0.5,1.0,0.4,0.0,0.0,0.0,0.5,98.0,47.0,0.479592,3871.755102,6142.680851,4.0,14.0,6.0,0.255319,0.173469,56.957447,53.202128,53.0,49.147059,0.122449,0.416667,0.0,0.657895,0.4,0.357143,0.352941,0.333333,0.833333,0.6,0.7,0.5,0.25,0.666667,0.571429,0.5,0.272727,0.25,0.333333,0.222222,0.6,-0.088287,-52.0
user_0189,Madrid,electronic_night_explorer,46.0,22.0,0.478261,4097.173913,6860.5,4.0,10.0,6.0,0.136364,0.130435,52.363636,57.954545,57.0,52.75,0.173913,0.375,0.0,0.727273,0.375,0.111111,0.285714,1.0,0.4,0.857143,0.777778,0.5,0.333333,0.333333,0.0,0.0,0.2,0.0,0.0,0.5,1.0,102.0,53.0,0.519608,4124.117647,6464.113208,4.0,11.0,6.0,0.150943,0.147059,57.037736,55.433962,54.0,52.479592,0.147059,0.466667,0.0,0.804348,0.35,0.2,0.3125,1.0,0.615385,0.909091,0.8,0.333333,0.428571,0.3,0.0,0.0,0.307692,0.0,0.142857,0.5,0.428571,-0.041347,-56.0
user_0190,Barcelona,electronic_night_explorer,62.0,19.0,0.306452,2706.645161,5452.789474,4.0,9.0,6.0,0.052632,0.064516,53.578947,46.789474,46.0,54.395349,0.209677,0.230769,0.0,0.625,0.071429,0.176471,0.333333,0.666667,0.333333,0.571429,1.0,0.0,0.0,0.5,0.0,0.0,0.333333,0.333333,0.0,0.428571,0.5,110.0,41.0,0.372727,3083.809091,5563.536585,4.0,12.0,6.0,0.146341,0.154545,54.439024,54.780488,53.0,57.434783,0.236364,0.461538,0.0,0.594595,0.222222,0.25,0.333333,0.428571,0.285714,0.538462,1.0,0.25,0.153846,0.333333,0.111111,0.0,0.428571,0.5,0.0,0.375,0.5,-0.066276,-48.0
user_0191,Sevilla,electronic_night_explorer,53.0,21.0,0.396226,3224.396226,5835.809524,4.0,10.0,6.0,0.047619,0.113208,39.666667,57.238095,55.0,52.796875,0.09434,0.4,0.0,0.625,0.333333,0.176471,0.166667,0.714286,0.5,0.666667,0.6,0.0,0.5,0.5,0.2,0.2,0.0,0.2,0.5,0.0,0.0,91.0,40.0,0.43956,3415.131868,5786.075,4.0,13.0,6.0,0.125,0.131868,42.875,55.825,54.0,49.372549,0.131868,0.416667,0.0,0.609756,0.5,0.208333,0.3125,0.615385,0.5,0.727273,0.555556,0.0,0.666667,0.75,0.25,0.2,0.25,0.142857,0.333333,0.333333,0.285714,-0.043334,-38.0
user_0192,Bilbao,electronic_night_explorer,60.0,24.0,0.4,3503.0,6184.0,4.0,11.0,6.0,0.125,0.133333,68.375,52.791667,53.5,57.111111,0.183333,0.181818,0.0,0.65,0.363636,0.173913,0.5,0.666667,0.666667,0.5,0.75,0.25,1.0,0.0,0.0,0.166667,0.4,0.1,0.5,0.0,0.666667,106.0,37.0,0.349057,3301.509434,6155.648649,4.0,12.0,6.0,0.108108,0.141509,64.351351,54.351351,54.0,55.297101,0.188679,0.3,0.0,0.567568,0.285714,0.2,0.230769,0.545455,0.7,0.5,0.5,0.166667,0.8,0.1,0.0,0.25,0.375,0.166667,0.2,0.0,0.333333,0.050943,-46.0
user_0193,Sevilla,electronic_night_explorer,53.0,24.0,0.45283,4074.660377,6852.125,4.0,12.0,6.0,0.083333,0.113208,46.291667,53.166667,49.5,54.517241,0.188679,0.5,0.0,0.631579,0.272727,0.333333,0.428571,0.666667,0.25,1.0,0.714286,0.5,0.0,0.5,0.333333,0.5,0.0,0.333333,0.666667,0.333333,0.4,100.0,47.0,0.47,4111.42,6658.340426,4.0,13.0,6.0,0.106383,0.18,49.212766,56.489362,58.0,55.339623,0.22,0.454545,0.0,0.736842,0.25,0.32,0.352941,0.7,0.5,1.0,0.833333,0.571429,0.0,0.25,0.375,0.4,0.25,0.25,0.4,0.285714,0.4,-0.01717,-47.0
user_0194,Bilbao,electronic_night_explorer,48.0,19.0,0.395833,3566.083333,6504.315789,4.0,8.0,6.0,0.315789,0.229167,48.736842,50.842105,50.0,53.310345,0.145833,0.428571,0.0,0.571429,0.166667,0.3125,0.2,0.75,0.6,0.4,0.571429,0.0,0.333333,0.0,0.0,0.666667,0.0,0.6,0.0,0.0,0.333333,114.0,49.0,0.429825,3843.482456,6704.653061,4.0,12.0,6.0,0.22449,0.192982,58.510204,49.785714,50.0,51.161538,0.210526,0.458333,0.0,0.653061,0.083333,0.285714,0.333333,0.636364,0.666667,0.5,0.75,0.0,0.2,0.0,0.090909,0.6,0.111111,0.5,0.25,0.5,0.333333,-0.033991,-66.0
user_0195,Madrid,electronic_night_explorer,40.0,12.0,0.3,3151.075,5961.583333,3.0,7.0,6.0,0.166667,0.1,60.25,52.333333,55.0,55.625,0.15,0.166667,0.0,0.5,0.0,0.25,0.125,1.0,0.5,0.375,0.25,0.0,0.0,0.0,0.333333,0.0,0.0,1.0,0.0,0.25,0.0,85.0,34.0,0.4,3484.8,5812.676471,4.0,11.0,6.0,0.176471,0.164706,64.676471,57.529412,55.5,54.009804,0.152941,0.230769,0.0,0.538462,0.357143,0.277778,0.214286,0.666667,0.545455,0.571429,0.2,0.333333,0.428571,0.25,0.5,0.0,0.0,0.333333,0.0,0.4,0.25,-0.1,-45.0
user_0196,Sevilla,electronic_night_explorer,55.0,25.0,0.454545,3928.109091,6656.48,4.0,11.0,6.0,0.16,0.145455,52.16,57.56,57.0,53.9,0.218182,0.416667,0.0,0.535714,0.545455,0.333333,0.142857,0.375,0.4,0.75,0.636364,0.5,0.75,0.333333,0.333333,0.0,1.0,0.5,0.333333,0.0,0.0,113.0,51.0,0.451327,3593.212389,5983.294118,4.0,12.0,6.0,0.156863,0.141593,56.509804,58.72549,56.0,56.346774,0.256637,0.482759,0.0,0.612245,0.428571,0.363636,0.071429,0.6,0.444444,0.75,0.647059,0.307692,0.6,0.4,0.5,0.4,0.4,0.166667,0.2,0.0,0.0,0.003218,-58.0
user_0197,Sevilla,electronic_night_explorer,42.0,21.0,0.5,3832.095238,5878.0,4.0,7.0,6.0,0.238095,0.142857,47.714286,58.619048,61.0,45.714286,0.142857,0.666667,0.0,0.809524,0.25,0.181818,0.166667,0.714286,0.666667,1.0,0.75,0.0,0.0,0.333333,0.0,0.0,0.666667,0.0,0.0,0.5,0.0,82.0,38.0,0.463415,3640.926829,5841.921053,4.0,11.0,6.0,0.184211,0.146341,49.947368,57.026316,58.0,52.284091,0.121951,0.5,0.0,0.742857,0.285714,0.285714,0.166667,0.777778,0.375,1.0,0.714286,0.0,0.6,0.142857,0.2,0.0,0.6,0.285714,0.0,0.333333,0.142857,0.036585,-40.0
user_0198,Valencia,electronic_night_explorer,37.0,13.0,0.351351,3346.567568,5971.0,3.0,7.0,4.0,0.230769,0.216216,68.538462,69.615385,63.0,49.5,0.324324,0.333333,2.0,0.470588,0.5,0.2,0.0,0.4,0.666667,0.666667,0.333333,0.6,0.0,1.0,0.0,1.0,0.0,0.0,0.0,0.0,0.0,74.0,32.0,0.432432,3650.094595,6052.03125,4.0,12.0,6.0,0.21875,0.189189,61.15625,66.1875,63.0,51.5,0.27027,0.4,2.0,0.548387,0.5,0.4,0.083333,0.285714,0.5,0.818182,0.444444,0.625,0.5,0.25,0.333333,1.0,0.2,0.4,0.0,0.0,0.166667,-0.081081,-37.0
user_0199,Sevilla,broad_discovery_flexible,40.0,16.0,0.4,3475.825,5974.3125,4.0,11.0,5.0,0.4375,0.25,66.1875,60.21875,57.5,55.958333,0.2,0.5,0.0,0.357143,0.5,0.555556,0.142857,1.0,0.2,0.2,0.5,0.333333,0.25,1.0,0.5,1.0,1.0,0.0,0.0,0.0,0.333333,72.0,27.0,0.375,3233.208333,5727.296296,4.0,13.0,6.0,0.296296,0.236111,67.851852,55.240741,55.0,51.722222,0.180556,0.461538,0.0,0.37037,0.416667,0.5,0.2,0.5,0.25,0.333333,0.5,0.333333,0.2,0.75,0.285714,1.0,1.0,0.2,0.2,0.0,0.4,0.025,-32.0
user_0200,Barcelona,broad_discovery_flexible,42.0,10.0,0.238095,2515.452381,5929.1,4.0,9.0,6.0,0.2,0.142857,54.2,49.1,49.5,57.34375,0.214286,0.0,1.0,0.285714,0.1,0.333333,0.25,0.333333,0.333333,1.0,0.0,0.0,0.0,0.2,0.0,0.25,0.0,1.0,0.333333,0.25,0.2,77.0,20.0,0.25974,2798.935065,6421.7,4.0,13.0,6.0,0.15,0.142857,48.9,54.9,53.0,56.859649,0.194805,0.133333,1.0,0.269231,0.222222,0.277778,0.266667,0.333333,0.3,0.25,0.166667,0.25,0.125,0.333333,0.25,0.222222,0.0,0.5,0.4,0.25,0.166667,-0.021645,-35.0
user_0201,Sevilla,broad_discovery_flexible,49.0,20.0,0.408163,3098.040816,5237.6,4.0,10.0,6.0,0.15,0.102041,53.9,49.3,50.0,54.327586,0.183673,0.555556,0.0,0.466667,0.125,0.647059,0.111111,1.0,0.5,0.333333,0.2,0.0,0.0,0.333333,0.75,0.5,0.5,1.0,0.0,0.0,1.0,105.0,54.0,0.514286,3613.466667,5511.888889,4.0,13.0,6.0,0.148148,0.12381,55.240741,51.203704,47.5,55.401961,0.161905,0.529412,0.0,0.529412,0.25,0.771429,0.25,0.714286,0.555556,0.6,0.25,0.0,0.333333,0.25,0.833333,0.583333,0.777778,1.0,0.2,0.25,0.333333,-0.106122,-56.0
user_0202,Malaga,broad_discovery_flexible,40.0,14.0,0.35,2885.325,5427.571429,4.0,10.0,6.0,0.142857,0.125,56.0,62.714286,60.0,50.788462,0.125,0.0,0.0,0.333333,0.555556,0.3,0.166667,0.333333,0.0,0.5,0.666667,0.5,0.5,0.666667,0.5,0.0,0.25,0.333333,0.0,0.0,0.5,73.0,30.0,0.410959,3038.39726,5225.2,4.0,13.0,6.0,0.1,0.109589,52.266667,59.8,57.0,50.709302,0.123288,0.222222,0.0,0.407407,0.533333,0.428571,0.2,0.428571,0.111111,0.571429,0.75,0.6,0.4,0.6,0.714286,0.5,0.25,0.25,0.0,0.333333,0.25,-0.060959,-33.0
user_0203,Sevilla,broad_discovery_flexible,42.0,18.0,0.428571,3225.595238,5788.0,4.0,11.0,6.0,0.166667,0.142857,56.055556,54.111111,50.5,60.291667,0.285714,0.5,0.0,0.4375,0.4,0.4,0.5,0.2,0.666667,0.5,0.5,0.5,0.333333,0.4,0.0,0.25,1.0,0.0,0.0,0.5,1.0,88.0,35.0,0.397727,3241.931818,5806.228571,4.0,14.0,6.0,0.142857,0.147727,49.914286,51.757143,50.0,53.679245,0.215909,0.421053,0.0,0.461538,0.375,0.344828,0.411765,0.2,0.555556,0.4,0.571429,0.333333,0.4,0.375,0.4,0.25,0.5,0.25,0.333333,0.25,1.0,0.030844,-46.0
user_0204,Madrid,broad_discovery_flexible,39.0,14.0,0.358974,2961.358974,5638.5,4.0,9.0,6.0,0.214286,0.179487,51.928571,51.928571,51.0,51.96,0.153846,0.666667,0.0,0.357143,0.25,0.466667,0.166667,0.333333,0.666667,0.0,0.285714,0.0,0.0,0.333333,0.25,0.75,0.25,0.666667,0.0,0.0,1.0,77.0,28.0,0.363636,3232.896104,6088.357143,4.0,11.0,6.0,0.142857,0.103896,60.321429,58.714286,53.0,54.183673,0.181818,0.571429,0.0,0.307692,0.538462,0.387097,0.142857,0.333333,0.5,0.0,0.3,0.5,0.5,0.6,0.285714,0.666667,0.333333,0.333333,0.0,0.0,1.0,-0.004662,-38.0
user_0205,Barcelona,broad_discovery_flexible,52.0,16.0,0.307692,2573.5,4906.25,4.0,10.0,5.0,0.1875,0.192308,60.4375,49.0625,45.0,57.388889,0.153846,0.5,0.0,0.333333,0.272727,0.176471,0.666667,0.333333,0.6,0.0,0.4,0.0,0.5,0.5,0.25,0.0,0.285714,0.0,0.5,0.5,1.0,112.0,46.0,0.410714,3297.1875,5666.369565,4.0,13.0,6.0,0.195652,0.196429,56.26087,52.478261,48.0,54.659091,0.160714,0.444444,0.0,0.516129,0.416667,0.257143,0.5,0.714286,0.444444,0.375,0.571429,0.0,0.636364,0.5,0.285714,0.222222,0.25,0.285714,0.5,0.428571,0.6,-0.103022,-60.0
user_0206,Bilbao,broad_discovery_flexible,46.0,20.0,0.434783,3422.26087,5724.6,4.0,12.0,6.0,0.2,0.152174,66.0,51.525,53.5,57.692308,0.195652,0.333333,0.0,0.285714,0.333333,0.6,0.5,0.333333,0.0,0.0,0.5,0.25,0.5,0.333333,0.666667,0.75,0.5,0.5,1.0,0.5,0.4,87.0,40.0,0.45977,3525.770115,5654.375,4.0,13.0,6.0,0.175,0.126437,64.9,52.125,52.5,54.723404,0.172414,0.4,0.0,0.483871,0.375,0.52,0.4,0.636364,0.333333,0.0,0.555556,0.25,0.428571,0.4,0.6,0.555556,0.333333,0.6,0.5,0.25,0.444444,-0.024988,-41.0
user_0207,Valencia,broad_discovery_flexible,39.0,16.0,0.410256,3776.282051,6619.25,4.0,10.0,6.0,0.5,0.230769,56.875,54.5,52.0,50.347826,0.205128,0.25,0.0,0.466667,0.5,0.416667,0.166667,0.0,0.571429,0.25,0.666667,1.0,0.5,0.0,0.5,0.333333,0.25,0.666667,0.0,0.0,0.5,90.0,35.0,0.388889,3343.322222,5859.371429,4.0,13.0,6.0,0.314286,0.2,59.914286,53.5,50.0,50.318182,0.244444,0.409091,0.0,0.464286,0.4375,0.333333,0.315789,0.5,0.625,0.375,0.375,1.0,0.6,0.222222,0.4,0.4,0.181818,0.5,0.0,0.333333,0.4,0.021368,-51.0
user_0208,Valencia,broad_discovery_flexible,63.0,20.0,0.31746,2750.174603,5418.5,4.0,14.0,6.0,0.3,0.206349,56.95,55.45,57.0,53.453488,0.174603,0.363636,0.0,0.333333,0.375,0.333333,0.214286,0.4,0.2,0.333333,0.4,0.25,0.333333,0.666667,0.5,0.2,0.333333,0.5,0.333333,0.25,0.142857,112.0,42.0,0.375,2995.821429,5576.5,4.0,14.0,6.0,0.238095,0.169643,54.809524,55.333333,51.0,50.014286,0.178571,0.45,0.0,0.324324,0.454545,0.466667,0.26087,0.272727,0.222222,0.428571,0.4,0.5,0.416667,0.5,0.5,0.375,0.416667,0.75,0.333333,0.4,0.166667,-0.05754,-49.0
user_0209,Madrid,broad_discovery_flexible,33.0,16.0,0.484848,4302.545455,6957.875,4.0,8.0,6.0,0.25,0.151515,63.1875,54.875,50.5,52.058824,0.060606,0.0,0.0,0.6,0.5,0.454545,0.333333,0.5,0.666667,0.333333,1.0,0.75,0.0,0.0,0.333333,0.0,0.0,0.8,0.0,0.666667,0.0,70.0,34.0,0.485714,3980.585714,6524.235294,4.0,11.0,6.0,0.235294,0.185714,58.441176,55.088235,53.0,47.069444,0.114286,0.125,0.0,0.727273,0.571429,0.346154,0.333333,0.4,0.8,0.714286,1.0,0.75,0.0,0.5,0.4,0.166667,0.0,0.545455,0.333333,0.6,0.0,-0.000866,-37.0
user_0210,Sevilla,broad_discovery_flexible,47.0,25.0,0.531915,3389.957447,5190.8,4.0,11.0,6.0,0.2,0.148936,52.08,54.28,51.0,54.818182,0.148936,0.571429,0.0,0.461538,0.545455,0.5,0.714286,0.6,0.666667,0.25,0.0,0.333333,0.666667,0.5,0.4,0.666667,0.0,0.666667,0.8,0.0,0.5,108.0,53.0,0.490741,3324.212963,5204.169811,4.0,14.0,6.0,0.188679,0.166667,53.358491,51.943396,49.0,52.745455,0.175926,0.421053,0.0,0.5,0.526316,0.487805,0.444444,0.6,0.625,0.375,0.25,0.2,0.714286,0.571429,0.545455,0.375,0.285714,0.6,0.8,0.142857,0.5,0.041174,-61.0
user_0211,Malaga,broad_discovery_flexible,35.0,17.0,0.485714,4137.542857,6821.882353,4.0,12.0,5.0,0.058824,0.057143,58.294118,57.5,47.0,55.388889,0.2,1.0,0.0,0.583333,0.555556,0.25,0.5,1.0,0.25,1.0,0.5,0.75,1.0,0.25,0.333333,0.0,0.333333,0.0,1.0,0.5,0.333333,64.0,26.0,0.40625,3670.640625,6565.923077,4.0,13.0,6.0,0.076923,0.09375,64.5,60.75,56.0,52.973684,0.203125,0.769231,0.0,0.48,0.571429,0.214286,0.272727,1.0,0.25,0.4,0.5,0.666667,0.666667,0.4,0.333333,0.0,0.25,0.25,0.5,0.25,0.2,0.079464,-29.0
user_0212,Barcelona,broad_discovery_flexible,32.0,12.0,0.375,2969.625,5415.666667,3.0,8.0,5.0,0.25,0.15625,41.0,46.5,45.0,48.95,0.0625,0.5,0.0,0.636364,0.0,0.222222,0.333333,0.75,0.333333,0.666667,1.0,0.0,0.0,0.0,0.25,0.0,0.333333,0.0,0.5,0.5,0.0,69.0,29.0,0.42029,3334.666667,5918.482759,4.0,12.0,6.0,0.137931,0.130435,46.655172,49.275862,46.0,49.8,0.101449,0.285714,0.0,0.5,0.375,0.35,0.4,0.6,0.125,0.6,1.0,0.0,0.5,0.333333,0.142857,0.0,0.25,0.714286,0.75,0.5,0.142857,-0.04529,-37.0
user_0213,Madrid,broad_discovery_flexible,42.0,16.0,0.380952,3260.095238,5790.8125,3.0,9.0,5.0,0.25,0.285714,52.9375,44.28125,45.5,51.480769,0.190476,0.375,0.0,0.642857,0.0,0.25,0.363636,0.666667,0.666667,0.333333,0.8,0.0,0.0,0.0,0.4,0.0,0.333333,0.0,0.25,0.5,0.4,86.0,31.0,0.360465,3176.976744,5850.096774,4.0,12.0,6.0,0.258065,0.22093,55.354839,45.080645,49.0,53.972727,0.162791,0.357143,0.0,0.521739,0.076923,0.344828,0.380952,0.5,0.333333,0.5,0.8,0.0,0.166667,0.0,0.4,0.25,0.333333,0.4,0.285714,0.5,0.375,0.020487,-44.0
user_0214,Madrid,broad_discovery_flexible,48.0,27.0,0.5625,4246.875,6309.296296,4.0,10.0,6.0,0.259259,0.1875,60.0,51.888889,47.0,53.928571,0.208333,0.6,0.0,0.4375,0.666667,0.705882,0.444444,0.4,0.0,0.714286,0.0,0.0,1.0,0.666667,1.0,0.4,0.5,0.833333,0.0,0.4,1.0,81.0,38.0,0.469136,3669.148148,6122.315789,4.0,13.0,6.0,0.236842,0.185185,60.789474,52.078947,47.0,53.965116,0.185185,0.6,0.0,0.458333,0.416667,0.571429,0.352941,0.444444,0.4,0.625,0.0,0.2,0.666667,0.5,0.625,0.5,0.5,0.6,0.166667,0.375,0.666667,0.093364,-33.0
user_0215,Malaga,broad_discovery_flexible,47.0,27.0,0.574468,4068.361702,5859.333333,4.0,13.0,6.0,0.111111,0.170213,58.962963,59.888889,61.0,46.25,0.170213,0.875,0.0,0.769231,0.636364,0.615385,0.2,1.0,0.8,1.0,0.6,1.0,0.4,0.666667,0.5,0.666667,0.666667,1.0,0.0,0.2,0.333333,104.0,54.0,0.519231,3765.278846,5714.574074,4.0,14.0,6.0,0.185185,0.182692,56.185185,56.324074,53.5,52.92,0.201923,0.571429,0.0,0.6,0.565217,0.433333,0.47619,0.625,0.75,0.428571,0.571429,0.857143,0.363636,0.6,0.454545,0.428571,0.333333,0.5,0.666667,0.25,0.571429,0.055237,-57.0
user_0216,Bilbao,broad_discovery_flexible,37.0,15.0,0.405405,3435.459459,6107.6,4.0,8.0,6.0,0.066667,0.108108,54.6,61.666667,60.0,53.772727,0.189189,0.428571,0.0,0.4,0.571429,0.2,0.6,0.0,0.75,0.333333,0.5,1.0,0.0,0.666667,0.333333,1.0,0.0,0.0,0.0,0.75,0.0,66.0,24.0,0.363636,3341.530303,6416.0,4.0,10.0,6.0,0.041667,0.075758,48.75,60.166667,58.0,53.964286,0.181818,0.333333,0.0,0.4,0.384615,0.25,0.363636,0.2,0.571429,0.5,0.428571,0.5,0.0,0.6,0.333333,1.0,0.0,0.0,0.5,0.428571,0.0,0.041769,-29.0
user_0217,Barcelona,broad_discovery_flexible,37.0,15.0,0.405405,3368.297297,5783.2,4.0,11.0,5.0,0.266667,0.162162,67.0,54.8,50.0,48.818182,0.162162,0.333333,0.0,0.333333,0.4,0.7,0.2,0.333333,0.2,0.0,0.5,0.5,0.0,1.0,1.0,0.666667,1.0,0.333333,0.5,0.142857,0.0,68.0,28.0,0.411765,3176.529412,5479.321429,4.0,12.0,6.0,0.178571,0.132353,59.357143,57.821429,52.0,51.3,0.102941,0.428571,0.0,0.363636,0.555556,0.5,0.230769,0.333333,0.428571,0.0,0.5,0.75,0.333333,0.5,0.6,0.5,0.4,0.5,0.5,0.142857,0.0,-0.006359,-31.0
user_0218,Valencia,broad_discovery_flexible,41.0,16.0,0.390244,3425.097561,5824.0625,4.0,11.0,6.0,0.1875,0.195122,42.3125,53.125,47.0,54.62,0.243902,0.6,0.0,0.375,0.285714,0.454545,0.428571,0.25,0.5,0.6,0.2,0.333333,0.25,0.0,0.5,0.0,0.75,0.5,0.25,0.666667,0.0,93.0,42.0,0.451613,3635.268817,5883.166667,4.0,14.0,6.0,0.166667,0.182796,52.380952,50.214286,45.0,56.637255,0.27957,0.538462,0.0,0.448276,0.352941,0.485714,0.5,0.333333,0.285714,0.625,0.5,0.166667,0.428571,0.5,0.5,0.166667,0.583333,0.555556,0.333333,0.75,0.5,-0.061369,-52.0
user_0219,Bilbao,broad_discovery_flexible,41.0,17.0,0.414634,2936.0,5060.470588,4.0,10.0,6.0,0.058824,0.292683,54.235294,58.882353,56.0,48.125,0.121951,0.6,0.0,0.555556,0.428571,0.466667,0.2,0.5,0.0,1.0,0.0,0.0,0.2,1.0,0.5,0.5,0.666667,0.25,0.0,0.333333,0.2,79.0,38.0,0.481013,3225.101266,5107.447368,4.0,12.0,6.0,0.105263,0.240506,57.5,57.157895,55.5,54.390244,0.177215,0.642857,0.0,0.666667,0.4375,0.45,0.153846,0.571429,0.625,0.857143,0.625,0.0,0.333333,0.8,0.5,0.375,0.75,0.25,0.0,0.25,0.166667,-0.066379,-38.0
user_0220,Madrid,broad_discovery_flexible,51.0,17.0,0.333333,3052.607843,6215.117647,3.0,9.0,6.0,0.294118,0.176471,47.470588,55.411765,51.0,54.764706,0.215686,0.272727,0.0,0.2,0.5,0.571429,0.0,0.333333,0.5,0.0,0.125,0.0,0.333333,0.75,0.666667,0.333333,1.0,0.5,0.0,0.0,0.0,93.0,34.0,0.365591,3133.935484,5986.382353,4.0,12.0,6.0,0.205882,0.16129,51.617647,56.764706,54.0,55.661017,0.139785,0.307692,0.0,0.285714,0.473684,0.448276,0.2,0.454545,0.5,0.125,0.1,0.0,0.333333,0.857143,0.5,0.25,0.75,0.363636,0.333333,0.166667,0.0,-0.032258,-42.0
user_0221,Valencia,broad_discovery_flexible,47.0,20.0,0.425532,3522.042553,6038.1,4.0,11.0,6.0,0.15,0.12766,60.55,51.25,52.5,59.148148,0.191489,0.444444,0.0,0.4375,0.272727,0.571429,0.333333,0.666667,0.25,0.2,0.75,0.2,0.666667,0.0,0.5,1.0,0.375,1.0,0.0,0.0,0.666667,99.0,40.0,0.40404,3441.010101,6059.725,4.0,13.0,6.0,0.125,0.171717,57.325,56.575,54.0,55.40678,0.222222,0.363636,0.0,0.482759,0.363636,0.451613,0.235294,0.666667,0.5,0.363636,0.555556,0.333333,0.428571,0.333333,0.428571,0.5,0.444444,0.428571,0.0,0.5,0.333333,0.021492,-52.0
user_0222,Sevilla,broad_discovery_flexible,43.0,14.0,0.325581,2494.255814,4318.071429,4.0,9.0,6.0,0.142857,0.046512,53.071429,58.642857,56.5,56.655172,0.325581,0.428571,0.0,0.461538,0.25,0.333333,0.166667,0.4,0.5,0.0,0.75,0.0,0.333333,0.333333,0.333333,0.333333,0.0,0.4,0.0,1.0,0.0,93.0,38.0,0.408602,3097.075269,5227.105263,4.0,14.0,6.0,0.157895,0.107527,57.0,56.868421,56.5,56.090909,0.247312,0.478261,0.0,0.423077,0.407407,0.416667,0.375,0.285714,0.5,0.333333,0.571429,0.25,0.454545,0.5,0.4,0.333333,0.5,0.375,0.285714,0.666667,0.333333,-0.083021,-50.0
user_0223,Sevilla,broad_discovery_flexible,35.0,10.0,0.285714,2718.085714,6066.9,4.0,6.0,3.0,0.3,0.228571,57.5,63.25,65.5,53.02,0.114286,0.0,0.0,0.2,0.625,0.181818,0.166667,0.0,0.333333,0.25,0.0,0.666667,1.0,0.0,0.0,0.0,0.666667,0.0,0.0,0.0,0.5,81.0,30.0,0.37037,3042.444444,5672.733333,4.0,13.0,6.0,0.233333,0.209877,64.9,60.516667,59.0,49.990196,0.160494,0.307692,0.0,0.347826,0.555556,0.380952,0.210526,0.25,0.428571,0.428571,0.2,0.5,0.833333,0.375,0.25,0.25,0.625,0.2,0.0,0.333333,0.285714,-0.084656,-46.0
user_0224,Malaga,broad_discovery_flexible,42.0,13.0,0.309524,3023.952381,6123.615385,3.0,7.0,5.0,0.076923,0.190476,56.769231,61.076923,58.0,53.206897,0.119048,0.0,4.0,0.090909,0.6,0.375,0.0,0.0,0.0,0.25,0.0,0.333333,0.75,0.666667,0.666667,0.0,0.333333,0.333333,0.0,0.0,0.0,70.0,20.0,0.285714,3064.271429,6595.05,4.0,11.0,5.0,0.2,0.2,57.75,57.9,54.5,53.96,0.185714,0.153846,4.0,0.142857,0.5,0.333333,0.125,0.333333,0.0,0.25,0.125,0.25,0.8,0.4,0.625,0.2,0.25,0.2,0.333333,0.0,0.0,0.02381,-28.0
user_0225,Malaga,broad_discovery_flexible,35.0,14.0,0.4,3239.171429,5430.928571,3.0,8.0,5.0,0.0,0.057143,40.214286,67.714286,69.0,61.333333,0.2,0.142857,1.0,0.307692,0.6,0.444444,0.0,0.5,0.5,0.25,0.0,0.333333,0.666667,0.75,0.0,1.0,0.0,0.4,0.0,0.0,0.0,70.0,29.0,0.414286,3504.0,5944.517241,4.0,12.0,6.0,0.137931,0.157143,48.896552,62.862069,59.0,55.256098,0.228571,0.25,1.0,0.269231,0.6875,0.428571,0.285714,0.166667,0.333333,0.25,0.333333,0.5,0.8,0.714286,0.4,0.333333,0.0,0.555556,0.25,0.5,0.0,-0.014286,-35.0
user_0226,Malaga,broad_discovery_flexible,34.0,12.0,0.352941,3049.264706,5728.083333,4.0,8.0,6.0,0.166667,0.205882,44.5,58.25,58.0,55.636364,0.147059,0.4,0.0,0.363636,0.5,0.25,0.333333,0.5,0.333333,0.0,0.333333,0.0,0.666667,0.666667,0.5,0.0,0.4,0.0,0.0,0.0,0.333333,55.0,20.0,0.363636,3018.763636,5679.05,4.0,12.0,6.0,0.25,0.218182,41.4,53.85,53.0,54.885714,0.181818,0.3,0.0,0.3,0.5,0.266667,0.5,0.375,0.2,0.333333,0.25,0.0,0.75,0.6,0.5,0.0,0.4,0.2,0.5,0.5,0.5,-0.010695,-21.0
user_0227,Madrid,broad_discovery_flexible,40.0,19.0,0.475,3656.5,6028.578947,4.0,10.0,6.0,0.157895,0.15,59.105263,58.894737,58.0,51.333333,0.175,0.571429,0.0,0.727273,0.571429,0.3125,0.333333,0.666667,0.666667,1.0,0.5,0.0,0.5,1.0,1.0,0.142857,0.0,0.5,0.666667,0.0,0.0,78.0,32.0,0.410256,3434.282051,5888.28125,4.0,13.0,6.0,0.1875,0.166667,59.96875,57.59375,55.5,54.771739,0.217949,0.352941,0.0,0.545455,0.444444,0.291667,0.357143,0.6,0.375,1.0,0.4,0.166667,0.333333,0.666667,1.0,0.111111,0.2,0.444444,0.5,0.0,0.428571,0.064744,-38.0
user_0228,Barcelona,broad_discovery_flexible,36.0,16.0,0.444444,3413.972222,5415.1875,4.0,9.0,6.0,0.0625,0.111111,47.0625,61.25,60.0,53.775,0.111111,0.5,1.0,0.5,0.428571,0.625,0.142857,0.5,0.0,0.666667,0.666667,0.0,0.333333,0.666667,0.666667,1.0,0.0,0.5,0.333333,0.0,0.0,77.0,32.0,0.415584,3388.012987,5789.375,4.0,12.0,6.0,0.03125,0.142857,48.53125,56.4375,53.5,55.211111,0.207792,0.5,1.0,0.481481,0.333333,0.52381,0.214286,0.666667,0.166667,0.5,0.571429,0.0,0.333333,0.428571,0.571429,0.625,0.5,0.25,0.5,0.166667,0.0,0.02886,-41.0
user_0229,Malaga,broad_discovery_flexible,40.0,15.0,0.375,3434.175,6174.0,3.0,8.0,6.0,0.266667,0.175,61.466667,54.333333,52.0,49.88,0.2,0.25,0.0,0.461538,0.25,0.583333,0.0,0.166667,0.0,0.75,0.666667,0.0,0.0,0.5,0.5,0.5,0.5,1.0,0.0,0.0,0.0,73.0,35.0,0.479452,3938.39726,6241.714286,4.0,13.0,6.0,0.171429,0.164384,55.971429,52.571429,51.0,52.921053,0.164384,0.416667,0.0,0.5,0.333333,0.625,0.272727,0.25,0.5,0.8,0.555556,1.0,0.142857,0.5,0.5,0.5,0.571429,1.0,0.333333,0.333333,0.0,-0.104452,-33.0
user_0230,Valencia,broad_discovery_flexible,39.0,18.0,0.461538,3649.846154,6052.166667,3.0,9.0,6.0,0.055556,0.153846,55.166667,47.166667,45.0,55.238095,0.307692,0.5,0.0,0.5,0.0,0.692308,0.363636,0.666667,0.25,0.5,1.0,0.0,0.0,0.0,0.5,0.75,0.0,0.8,0.0,0.333333,0.4,67.0,31.0,0.462687,3657.134328,6124.612903,4.0,13.0,6.0,0.16129,0.208955,51.612903,50.258065,47.0,56.027778,0.208955,0.5,0.0,0.473684,0.272727,0.565217,0.428571,0.571429,0.285714,0.666667,0.5,0.0,0.333333,0.5,0.428571,0.571429,0.666667,0.666667,0.5,0.333333,0.5,-0.001148,-28.0
user_0231,Sevilla,broad_discovery_flexible,55.0,18.0,0.327273,2995.036364,5815.388889,3.0,8.0,6.0,0.333333,0.2,51.444444,50.972222,51.0,59.527027,0.218182,0.25,0.0,0.521739,0.0,0.230769,0.3,0.5,0.428571,0.375,1.0,0.0,0.0,0.0,0.5,0.333333,0.0,0.0,0.333333,0.333333,0.0,92.0,30.0,0.326087,2997.130435,5847.233333,4.0,11.0,6.0,0.233333,0.173913,50.2,54.45,53.5,58.241935,0.228261,0.380952,0.0,0.526316,0.117647,0.157895,0.277778,0.428571,0.5,0.363636,0.875,0.142857,0.142857,0.0,0.5,0.222222,0.0,0.0,0.181818,0.4,0.5,0.001186,-37.0
user_0232,Valencia,broad_discovery_flexible,60.0,32.0,0.533333,3707.466667,5753.21875,4.0,14.0,6.0,0.1875,0.183333,66.46875,54.578125,56.5,53.5,0.15,0.555556,0.0,0.526316,0.6,0.578947,0.416667,0.5,0.6,0.5,0.5,0.5,0.8,0.333333,0.25,0.5,0.666667,0.833333,0.333333,0.333333,0.666667,98.0,47.0,0.479592,3373.112245,5521.531915,4.0,14.0,6.0,0.212766,0.183673,59.553191,54.053191,56.0,54.519608,0.183673,0.444444,0.0,0.571429,0.444444,0.516129,0.333333,0.8,0.555556,0.5,0.5,0.2,0.666667,0.25,0.285714,0.571429,0.75,0.538462,0.428571,0.2,0.5,0.053741,-38.0
user_0233,Sevilla,broad_discovery_flexible,40.0,15.0,0.375,3441.525,6270.2,4.0,11.0,5.0,0.333333,0.2,54.6,52.266667,51.0,50.38,0.15,0.0,0.0,0.555556,0.375,0.25,0.363636,1.0,0.666667,0.333333,0.0,0.0,0.333333,1.0,0.0,0.25,0.5,0.25,0.2,0.5,0.5,91.0,36.0,0.395604,3426.230769,5940.361111,4.0,13.0,6.0,0.194444,0.164835,51.222222,50.388889,46.5,50.436364,0.142857,0.153846,0.0,0.555556,0.333333,0.351351,0.380952,0.666667,0.5,0.6,0.5,0.0,0.428571,0.333333,0.555556,0.285714,0.125,0.384615,0.25,0.333333,0.571429,-0.020604,-51.0
user_0234,Barcelona,broad_discovery_flexible,38.0,13.0,0.342105,3513.947368,6487.461538,4.0,10.0,5.0,0.076923,0.210526,71.461538,55.192308,55.0,50.32,0.263158,0.4,0.0,0.666667,0.333333,0.214286,0.222222,0.0,1.0,0.6,1.0,0.333333,0.333333,0.0,0.5,0.0,0.25,0.166667,0.333333,0.25,0.0,75.0,28.0,0.373333,3590.706667,6457.5,4.0,13.0,6.0,0.142857,0.173333,59.392857,60.625,60.0,54.425532,0.24,0.388889,0.0,0.4,0.555556,0.25,0.307692,0.0,0.333333,0.375,0.571429,0.5,0.545455,1.0,0.5,0.142857,0.4,0.125,0.333333,0.285714,0.333333,-0.031228,-37.0
user_0235,Barcelona,broad_discovery_flexible,35.0,15.0,0.428571,3191.314286,5232.266667,4.0,9.0,6.0,0.2,0.085714,72.466667,54.4,53.0,49.0,0.2,0.428571,0.0,0.636364,0.25,0.333333,0.4,0.75,0.666667,0.666667,0.0,0.5,0.0,0.0,0.0,0.333333,0.4,0.4,0.25,0.0,1.0,70.0,28.0,0.4,3117.714286,5269.607143,4.0,12.0,6.0,0.178571,0.128571,70.464286,53.25,49.0,55.357143,0.157143,0.272727,0.0,0.428571,0.230769,0.481481,0.333333,0.571429,0.666667,0.333333,0.2,0.5,0.0,0.333333,0.571429,0.2,0.333333,0.666667,0.166667,0.0,1.0,0.028571,-35.0
user_0236,Malaga,broad_discovery_flexible,37.0,5.0,0.135135,2010.621622,5877.6,3.0,4.0,3.0,0.0,0.108108,83.8,35.6,40.0,55.0625,0.216216,0.125,1.0,0.166667,0.0,0.111111,0.2,0.0,0.5,0.0,0.25,0.0,0.0,0.0,0.0,0.0,0.333333,0.0,0.25,0.0,0.0,85.0,28.0,0.329412,2844.258824,5752.178571,4.0,10.0,6.0,0.142857,0.141176,51.928571,47.035714,46.0,52.552632,0.129412,0.090909,1.0,0.448276,0.083333,0.409091,0.227273,0.666667,0.5,0.375,0.384615,0.166667,0.0,0.0,0.444444,0.5,0.428571,0.0,0.272727,0.285714,0.0,-0.194277,-48.0
user_0237,Valencia,broad_discovery_flexible,31.0,15.0,0.483871,3825.83871,6000.733333,4.0,9.0,6.0,0.266667,0.193548,51.933333,53.2,55.0,57.4375,0.16129,0.6,0.0,0.4,0.2,0.727273,0.4,0.333333,0.666667,0.5,0.0,0.0,0.333333,0.0,0.666667,1.0,1.0,0.0,1.0,0.0,1.0,89.0,34.0,0.382022,3424.539326,5991.911765,4.0,14.0,6.0,0.147059,0.191011,55.235294,54.617647,53.0,56.290909,0.179775,0.3125,0.0,0.482759,0.166667,0.481481,0.266667,0.333333,0.666667,0.666667,0.25,0.25,0.111111,0.2,0.6,0.625,0.375,0.333333,0.333333,0.166667,0.333333,0.101848,-58.0
user_0238,Barcelona,broad_discovery_flexible,31.0,9.0,0.290323,2434.354839,5053.555556,4.0,5.0,5.0,0.0,0.096774,51.111111,65.166667,61.0,56.659091,0.225806,0.428571,2.0,0.5,0.25,0.166667,0.142857,0.0,0.0,0.75,0.666667,0.4,0.0,0.0,0.5,0.0,0.0,0.0,0.25,0.0,0.0,73.0,26.0,0.356164,2873.808219,5451.961538,4.0,12.0,6.0,0.115385,0.150685,51.730769,61.923077,61.0,56.542553,0.260274,0.526316,2.0,0.521739,0.380952,0.1875,0.230769,0.25,0.25,0.666667,0.666667,0.333333,0.5,0.333333,0.166667,0.5,0.0,0.2,0.285714,0.0,0.5,-0.065842,-42.0
user_0239,Malaga,broad_discovery_flexible,37.0,10.0,0.27027,2838.297297,6305.0,3.0,8.0,5.0,0.4,0.189189,53.7,41.4,42.0,61.925926,0.135135,0.2,0.0,0.1875,0.0,0.555556,0.5,1.0,0.25,0.0,0.166667,0.0,0.0,0.0,0.666667,0.0,0.5,0.666667,1.0,0.0,0.5,87.0,31.0,0.356322,3186.885057,6090.935484,4.0,12.0,6.0,0.225806,0.183908,58.612903,47.064516,46.0,59.410714,0.126437,0.181818,0.0,0.323529,0.157895,0.5,0.5,0.5,0.285714,0.25,0.307692,0.125,0.0,0.333333,0.333333,0.5,0.4,0.833333,0.75,0.0,0.6,-0.086052,-50.0
user_0240,Madrid,broad_discovery_flexible,48.0,17.0,0.354167,3170.520833,6181.0,4.0,9.0,6.0,0.176471,0.145833,64.588235,51.294118,51.0,53.032258,0.166667,0.375,0.0,0.4,0.25,0.333333,0.333333,0.4,0.166667,0.5,0.6,0.0,0.333333,0.0,0.333333,0.5,0.0,0.0,1.0,0.0,0.5,103.0,42.0,0.407767,3410.038835,6231.428571,4.0,14.0,6.0,0.142857,0.126214,51.095238,53.142857,51.0,55.008197,0.145631,0.4,0.0,0.378378,0.4,0.432432,0.428571,0.5,0.2,0.444444,0.375,0.333333,0.333333,0.5,0.4,0.5,0.454545,0.25,0.5,0.285714,0.6,-0.0536,-55.0
